"Id","OwnerId","IsDeleted","Name","CreatedDate","CreatedById","LastModifiedDate","LastModifiedById","SystemModstamp","APXTConga4__Description__c","APXTConga4__Key__c","APXTConga4__Label_Template_Use_Detail_Data__c","APXTConga4__Master_Field_to_Set_1__c","APXTConga4__Master_Field_to_Set_2__c","APXTConga4__Master_Field_to_Set_3__c","APXTConga4__Name__c","APXTConga4__Template_Extension__c","APXTConga4__Template_Group__c","APXTConga4__Template_Type__c"
"a3N5i000000ogW6EAI","0055i000001ydTWAAY","0","CMT-00006","2022-06-14 07:04:29","0055i000001ydTWAAY","2022-06-14 07:04:29","0055i000001ydTWAAY","2022-06-14 07:04:29","","0T_006EAI400017","0","","","","Test Quote Button Template","","","application/vnd.openxmlformats-officedocument.wordprocessingml.document"
"a3N5i000000ojs6EAA","0055i000001ydTWAAY","0","CMT-00014","2022-07-01 05:06:42","0055i000001ydTWAAY","2022-07-01 05:06:42","0055i000001ydTWAAY","2022-07-01 05:06:42","","0T_014EAI507665","0","","","","Invoice generate2","","","application/vnd.openxmlformats-officedocument.wordprocessingml.document"
"a3N5i000000ojsBEAQ","0055i000001ydTWAAY","0","CMT-00015","2022-07-01 06:28:42","0055i000001ydTWAAY","2022-07-01 06:28:42","0055i000001ydTWAAY","2022-07-01 06:28:42","Created By Solution Pack for Composer Solution: Composer SP Proposal (Opportunity)","0T_015EAI253308","0","","","","Proposal Template","","Proposal","Document"
"a3N5i000000ojwOEAQ","0055i000001ydTWAAY","0","CMT-00016","2022-07-01 09:24:47","0055i000001ydTWAAY","2022-07-01 09:24:47","0055i000001ydTWAAY","2022-07-01 09:24:47","","0T_016EAI224024","0","","","","Order Generation Test Template","","","application/msword"
