"Id","OwnerId","IsDeleted","Name","CreatedDate","CreatedById","LastModifiedDate","LastModifiedById","SystemModstamp","APXTConga4__Button_Link_API_Name__c","APXTConga4__Button_body_field__c","APXTConga4__Composer_Parameters__c","APXTConga4__Custom_Object_Id__c","APXTConga4__Formula_Field_API_Name__c","APXTConga4__Formula_body_field__c","APXTConga4__Is_Quick_Start__c","APXTConga4__Master_Object_Type_Validator__c","APXTConga4__Master_Object_Type__c","APXTConga4__Sample_Record_Id__c","APXTConga4__Sample_Record_Name__c","APXTConga4__Solution_Description__c","APXTConga4__Solution_Weblink_Syntax__c","APXTConga4__Weblink_Id__c","APXTConga4__CongaEmailTemplateCount__c"
"a3L5i000000IGF2EAO","0055i000001ydTWAAY","0","Test Quote Button","2022-06-14 07:03:58","0055i000001ydTWAAY","2022-06-15 03:37:12","0055i000001ydTWAAY","2022-06-15 03:37:12","","/apex/APXTConga4__Conga_Composer?SolMgr=1 &serverUrl={!API.Partner_Server_URL_370} &Id={!SBQQ__Quote__c.Id}  &TemplateId=0T_006EAI400017  &DS7=3 &DefaultPDF=1","&TemplateId=0T_006EAI400017&DS7=3 &DefaultPDF=1","","","","","","SBQQ__Quote__c","a0q5i000000cAitAAE","Q-00000","","","00b5i0000016GUq","0"
"a3L5i000000IGFCEA4","0055i000001ydTWAAY","0","Invoice Generator","2022-06-15 03:55:50","0055i000001ydTWAAY","2022-07-01 03:58:25","0055i000001ydTWAAY","2022-07-01 03:58:25","Conga_Composer_Invoice_Generator","/apex/APXTConga4__Conga_Composer?SolMgr=1 &serverUrl={!API.Partner_Server_URL_370} &Id={!blng__Invoice__c.Id}  &QueryId=[invoiceline]0Q_000EAI033597  &TemplateId=0T_013EAI654192  &DS7=3","&QueryId=[invoiceline]0Q_000EAI033597&TemplateId=0T_013EAI654192&DS7=3","","","","","","blng__Invoice__c","a275i0000008e9WAAQ","INV-0000","","","00b5i0000016Guu","0"
"a3L5i000000IHFiEAO","0055i000001ydTWAAY","0","Composer SP Proposal","2022-07-01 06:28:40","0055i000001ydTWAAY","2022-07-01 06:28:47","0055i000001ydTWAAY","2022-07-01 06:28:47","Conga_Composer_Composer_SP_Proposal","/apex/APXTConga4__Conga_Composer?SolMgr=1 &serverUrl={!API.Partner_Server_URL_370} &Id={!Opportunity.Id}  &TemplateId=0T_015EAI253308  &CongaEmailTemplateId=0E_000EAI225503  &TemplateGroup=Proposal &DefaultPDF=1 &OFN=Conga Proposal - {!Opportunity.Name} - {!Today} &SC0=1 &SC1=Chatter","&TemplateId=0T_015EAI253308&CongaEmailTemplateId=0E_000EAI225503&TemplateGroup=Proposal &DefaultPDF=1 &OFN=Conga Proposal - {!Opportunity.Name} - {!Today} &SC0=1 &SC1=Chatter","","","","true","","Opportunity","0065i000004AkVg","","Created By Conga Composer Quick Start","","00b5i0000016MXq","1"
"a3L5i000000IHFnEAO","0055i000001ydTWAAY","0","Order Generation","2022-07-01 09:01:14","0055i000001ydTWAAY","2022-07-01 09:01:14","0055i000001ydTWAAY","2022-07-01 09:01:14","","","","","","","","","Order","8015i0000016DC2AAM","00000101","","","","0"
"a3L5i000000IHFsEAO","0055i000001ydTWAAY","0","Order Generation","2022-07-01 09:05:02","0055i000001ydTWAAY","2022-07-01 09:27:10","0055i000001ydTWAAY","2022-07-01 09:27:10","Conga_Composer_Order_Generation","/apex/APXTConga4__Conga_Composer?SolMgr=1 &serverUrl={!API.Partner_Server_URL_370} &Id={!Order.Id}  &TemplateId=0T_016EAI224024  &DS7=3","&TemplateId=0T_016EAI224024&DS7=3","","","","","","Order","8015i0000016DC1AAM","00000100","","","00b5i0000016MfR","0"
"a3L5i000000gF3rEAE","0055i000001ydTWAAY","0","vcxzvxz","2023-09-06 11:19:00","0055i000001ydTWAAY","2023-09-06 11:19:00","0055i000001ydTWAAY","2023-09-06 11:19:00","","","","","","","","","SBQQ__Quote__c","a0q5i000000cAitAAE","Q-00000","","","","0"
"a3L5i000000gF3wEAE","0055i000001ydTWAAY","0","dasd","2023-09-06 11:27:41","0055i000001ydTWAAY","2023-09-06 11:27:41","0055i000001ydTWAAY","2023-09-06 11:27:41","","","","","","","","","SBQQ__Quote__c","a0q5i000000cAitAAE","Q-00000","","","","0"
"a3L5i000000gF41EAE","0055i000001ydTWAAY","0","das","2023-09-06 11:39:31","0055i000001ydTWAAY","2023-09-06 11:39:31","0055i000001ydTWAAY","2023-09-06 11:39:31","","","","","","","","","SBQQ__QuoteLineGroup__c","a0l5i00000AjBqJAAV","Group1","","","","0"
