"Id","IsDeleted","Name","CreatedDate","CreatedById","LastModifiedDate","LastModifiedById","SystemModstamp","APXTConga4__Conga_Solution__c","APXTConga4__Comments__c","APXTConga4__Name__c","APXTConga4__Value__c"
"a3H5i000000ChuNEAS","0","CSP-000003","2022-06-14 07:04:46","0055i000001ydTWAAY","2022-06-15 06:09:09","0055i000001ydTWAAY","2022-06-15 06:09:09","a3L5i000000IGF2EAO","","DS7","2"
"a3H5i000000ChuSEAS","0","CSP-000004","2022-06-14 07:05:16","0055i000001ydTWAAY","2022-06-14 07:05:16","0055i000001ydTWAAY","2022-06-14 07:05:16","a3L5i000000IGF2EAO","","DefaultPDF","1"
"a3H5i000000ChyfEAC","0","CSP-000005","2022-06-15 04:07:54","0055i000001ydTWAAY","2022-06-15 06:21:57","0055i000001ydTWAAY","2022-06-15 06:21:57","a3L5i000000IGFCEA4","","DS7","3"
"a3H5i000000ChykEAC","0","CSP-000006","2022-06-15 06:17:02","0055i000001ydTWAAY","2022-06-15 06:17:02","0055i000001ydTWAAY","2022-06-15 06:17:02","a3L5i000000IGF2EAO","","EmailToId","{!SBQQ__Quote__c.SBQQ__PrimaryContactId__c}"
"a3H5i000000ChylEAC","0","CSP-000007","2022-06-15 06:17:02","0055i000001ydTWAAY","2022-06-15 06:17:02","0055i000001ydTWAAY","2022-06-15 06:17:02","a3L5i000000IGF2EAO","","EmailTemplateId","00X5i000001AKRr"
"a3H5i000000Cj0EEAS","0","CSP-000009","2022-07-01 06:28:42","0055i000001ydTWAAY","2022-07-01 06:28:42","0055i000001ydTWAAY","2022-07-01 06:28:42","a3L5i000000IHFiEAO","","TemplateGroup","Proposal"
"a3H5i000000Cj0FEAS","0","CSP-000010","2022-07-01 06:28:42","0055i000001ydTWAAY","2022-07-01 06:28:42","0055i000001ydTWAAY","2022-07-01 06:28:42","a3L5i000000IHFiEAO","","DefaultPDF","1"
"a3H5i000000Cj0GEAS","0","CSP-000011","2022-07-01 06:28:42","0055i000001ydTWAAY","2022-07-01 06:28:42","0055i000001ydTWAAY","2022-07-01 06:28:42","a3L5i000000IHFiEAO","","OFN","Conga+Proposal+-+{!Opportunity.Name}+-+{!Today}"
"a3H5i000000Cj0HEAS","0","CSP-000012","2022-07-01 06:28:42","0055i000001ydTWAAY","2022-07-01 06:28:42","0055i000001ydTWAAY","2022-07-01 06:28:42","a3L5i000000IHFiEAO","","SC0","1"
"a3H5i000000Cj0IEAS","0","CSP-000013","2022-07-01 06:28:42","0055i000001ydTWAAY","2022-07-01 06:28:42","0055i000001ydTWAAY","2022-07-01 06:28:42","a3L5i000000IHFiEAO","","SC1","Chatter"
"a3H5i000000Cj0JEAS","0","CSP-000014","2022-07-01 09:26:10","0055i000001ydTWAAY","2022-07-01 09:26:10","0055i000001ydTWAAY","2022-07-01 09:26:10","a3L5i000000IHFsEAO","","DS7","3"
