"Id","OwnerId","IsDeleted","Name","CreatedDate","CreatedById","LastModifiedDate","LastModifiedById","SystemModstamp","APXTConga4__Description__c","APXTConga4__Key__c","APXTConga4__Name__c","APXTConga4__Query__c"
"a3F5i000000TcvAEAS","0055i000001ydTWAAY","0","CMQ-0000","2022-06-15 04:58:39","0055i000001ydTWAAY","2022-06-15 05:37:17","0055i000001ydTWAAY","2022-06-15 05:37:17","","0Q_000EAI033597","Invoice Line - Invoice","SELECT blng__Invoice__r.blng__Credits__c, blng__Invoice__r.blng__DueDate__c, blng__Invoice__r.blng__InvoiceDate__c, blng__Invoice__r.blng__Subtotal__c, blng__Invoice__r.blng__TaxAmount__c, blng__Invoice__r.blng__TotalAmount__c, blng__Invoice__r.Id, blng__Invoice__r.Name, blng__Invoice__c, blng__Product__c, blng__Quantity__c, blng__UnitPrice__c, Name FROM blng__InvoiceLine__c  WHERE blng__Invoice__r.Id = '{pv0}'"
"a3F5i000000TcvFEAS","0055i000001ydTWAAY","0","CMQ-0001","2022-06-15 06:21:26","0055i000001ydTWAAY","2022-06-15 06:21:26","0055i000001ydTWAAY","2022-06-15 06:21:26","","0Q_001EAI999242","invoice Test2",""
"a3F5i000000Td7iEAC","0055i000001ydTWAAY","0","CMQ-0002","2022-06-15 07:03:37","0055i000001ydTWAAY","2022-06-15 07:12:40","0055i000001ydTWAAY","2022-06-15 07:12:40","","0Q_002EAI645074","Order Query","SELECT Account.Name, BillToContact.Email, BillToContact.HomePhone, BillToContact.Name FROM Order  WHERE Id = '{pv0}'"
"a3F5i000000TkfTEAS","0055i000001ydTWAAY","0","CMQ-0003","2022-07-01 09:06:28","0055i000001ydTWAAY","2022-07-01 09:14:24","0055i000001ydTWAAY","2022-07-01 09:14:24","","0Q_003EAI781330","Order query","SELECT AccountId, TotalAmount, Id, Name, OriginalOrder.Bill_To_Contact2__c, OriginalOrder.BillingCountry, OriginalOrder.ContractId, OriginalOrder.SBQQ__TaxAmount__c, SBQQ__Quote__r.SBQQ__Opportunity2__c, SBQQ__Quote__r.SBQQ__PriceBook__c, SBQQ__Quote__r.Name FROM Order"
"a3F5i000000xuUHEAY","0055i000001ydTWAAY","0","CMQ-0004","2023-09-06 11:21:19","0055i000001ydTWAAY","2023-09-06 11:26:21","0055i000001ydTWAAY","2023-09-06 11:26:21","","0Q_004EAI933913","ql","SELECT Name, SBQQ__Quote__r.Quote_Name__c, SBQQ__Account__r.Name FROM SBQQ__QuoteLineGroup__c"
