"Id","IsDeleted","Name","CreatedDate","CreatedById","LastModifiedDate","LastModifiedById","SystemModstamp","APXTConga4__Conga_Solution__c","APXTConga4__Comments__c","APXTConga4__Conga_Template__c","APXTConga4__Output_File_Name__c","APXTConga4__Sort_Order__c","APXTConga4__Template_Extension__c"
"a3K5i000000gCNhEAM","0","CST-00030","2022-06-15 04:08:20","0055i000001ydTWAAY","2022-06-15 04:08:20","0055i000001ydTWAAY","2022-06-15 04:08:20","a3L5i000000IGF2EAO","","a3N5i000000ogW6EAI","","1",""
"a3K5i000000gFfGEAU","0","CST-00056","2022-07-01 06:28:43","0055i000001ydTWAAY","2022-07-01 06:28:43","0055i000001ydTWAAY","2022-07-01 06:28:43","a3L5i000000IHFiEAO","","a3N5i000000ojsBEAQ","","1",""
"a3K5i000000gFfQEAU","0","CST-00058","2022-07-01 07:27:00","0055i000001ydTWAAY","2022-07-01 07:27:00","0055i000001ydTWAAY","2022-07-01 07:27:00","a3L5i000000IGFCEA4","","a3N5i000000ojs6EAA","","1",""
"a3K5i000000gFjiEAE","0","CST-00060","2022-07-01 09:24:52","0055i000001ydTWAAY","2022-07-01 09:24:52","0055i000001ydTWAAY","2022-07-01 09:24:52","a3L5i000000IHFsEAO","","a3N5i000000ojwOEAQ","","1",""
