"Id","ContactId","AccountId","AccountRollupId","ParentId","RootAssetId","Product2Id","IsCompetitorProduct","CreatedDate","CreatedById","LastModifiedDate","LastModifiedById","SystemModstamp","IsDeleted","Name","SerialNumber","InstallDate","ManufactureDate","StatusReason","Uuid","ExternalIdentifier","PurchaseDate","UsageEndDate","LifecycleStartDate","LifecycleEndDate","Status","DigitalAssetStatus","Price","Quantity","Description","OwnerId","LocationId","AssetProvidedById","AssetServicedById","IsInternal","HasLifecycleManagement","CurrentMrr","CurrentLifecycleEndDate","CurrentQuantity","CurrentAmount","TotalLifecycleAmount","ConsequenceOfFailure","Street","City","State","PostalCode","Country","Latitude","Longitude","GeocodeAccuracy","SBQQ__AdditionalDiscountAmount__c","SBQQ__BillingFrequency__c","SBQQ__BillingType__c","SBQQ__Bundle__c","SBQQ__BundledQuantity__c","SBQQ__Bundled__c","SBQQ__ChargeType__c","SBQQ__CombineKey__c","SBQQ__ComponentDiscountedByPackage__c","SBQQ__CurrentSubscription__c","SBQQ__DiscountScheduleType__c","SBQQ__DiscountSchedule__c","SBQQ__Discount__c","SBQQ__DistributorDiscount__c","SBQQ__DynamicOptionId__c","SBQQ__FromServiceCloud__c","SBQQ__LatestQuoteLine__c","SBQQ__ListPrice__c","SBQQ__MarkupAmount__c","SBQQ__MarkupRate__c","SBQQ__Number__c","SBQQ__OptionDiscountAmount__c","SBQQ__OptionDiscount__c","SBQQ__OptionLevel__c","SBQQ__OptionType__c","SBQQ__OrderProduct__c","SBQQ__OriginalUnitCost__c","SBQQ__PartnerDiscount__c","SBQQ__PricingMethod__c","SBQQ__ProductOption__c","SBQQ__QuoteLine__c","SBQQ__RegularPrice__c","SBQQ__RenewalUpliftRate__c","SBQQ__RequiredByAsset__c","SBQQ__RequiredById__c","SBQQ__RequiredByProduct__c","SBQQ__RequiredBySubscription__c","SBQQ__RevisedAsset__c","SBQQ__RootAsset__c","SBQQ__RootId__c","SBQQ__SegmentIndex__c","SBQQ__SegmentKey__c","SBQQ__SegmentLabel__c","SBQQ__SubscriptionEndDate__c","SBQQ__SubscriptionQuoteLine__c","SBQQ__SubscriptionStartDate__c","SBQQ__Subscription__c","SBQQ__TermDiscountSchedule__c","SBQQ__UnitCost__c","SBQQ__VirtualAsset__c","SBQQ__PriceDimension__c","SBQQ__PackageProductCode__c","SBQQ__PackageProductDescription__c","blng__InvoiceLineBalanceUpdated__c","blng__InvoiceLineBalance__c"
"02i5i0000016DM7AAM","000000000000000AAA","0015i000006YHTAAA4","0015i000006YHTAAA4","000000000000000AAA","02i5i0000016DM7AAM","01t5i000001NLXmAAO","0","2022-05-09 16:07:09","0055i000001ydTWAAY","2022-05-09 16:07:09","0055i00000273PdAAI","2022-05-09 16:07:09","0","RFID Key Card","","","","","","","2022-03-28 00:00:00","","","","","","","50","","0055i000001ydTWAAY","000000000000000AAA","000000000000000AAA","000000000000000AAA","0","0","","","","","","","","","","","","","","","","","","0","","0","","","0","","","","","","","0","","","","","","","","","","","","","List","","","","","","","","","","","02i5i0000016DM7AAM","","","","","","","","","","","","","","",""
"02i5i0000016DM8AAM","000000000000000AAA","0015i000006YHTAAA4","0015i000006YHTAAA4","000000000000000AAA","02i5i0000016DM8AAM","01t5i000001NLXmAAO","0","2022-05-09 16:07:09","0055i000001ydTWAAY","2022-05-09 16:07:09","0055i00000273PdAAI","2022-05-09 16:07:09","0","RFID Key Card","","","","","","","2020-04-25 00:00:00","","","","","","","80","","0055i000001ydTWAAY","000000000000000AAA","000000000000000AAA","000000000000000AAA","0","0","","","","","","","","","","","","","","","","","","0","","0","","","0","","","","","","","0","","","","","","","","","","","","","List","","","","","","","","","","","02i5i0000016DM8AAM","","","","","","","","","","","","","","",""
"02i5i0000016DM9AAM","000000000000000AAA","0015i000006YHTIAA4","0015i000006YHTIAA4","000000000000000AAA","02i5i0000016DM9AAM","01t5i000001NLXnAAO","0","2022-05-09 16:07:09","0055i000001ydTWAAY","2022-06-23 06:55:59","0055i000001ydTWAAY","2022-06-23 06:56:01","0","10"" Tablet","","","","","","","","","","","","","150","5","","0055i000001ydTWAAY","000000000000000AAA","000000000000000AAA","000000000000000AAA","0","0","","","","","","","","","","","","","","","","","","0","","0","","a0m5i000000cGyNAAU","0","","","","","","","0","","150.00","","","1","","","","","8025i000001AQfkAAG","100.00","","List","","","150.00","","","","","","","","02i5i0000016DM9AAM","","","","","","","","","100.00","","","","","",""
"02i5i0000016DMAAA2","000000000000000AAA","0015i000006YHT6AAO","0015i000006YHT6AAO","000000000000000AAA","02i5i0000016DMAAA2","01t5i000001NLXoAAO","0","2022-05-09 16:07:09","0055i000001ydTWAAY","2022-05-26 09:16:38","0055i000001ydTWAAY","2022-05-26 09:16:39","0","13"" Laptop","","","","","","","","","","","","","1300","10","","0055i000001ydTWAAY","000000000000000AAA","000000000000000AAA","000000000000000AAA","0","0","","","","","","","","","","","","","","","","","","1","","0","","a0m5i000000cGyQAAU","0","","","","","","","0","","1300.00","","","1","","","","","8025i000001AQfnAAG","1200.00","","List","","","1300.00","","","","","","","","02i5i0000016DMAAA2","","","","","","","","","1200.00","","","","","",""
"02i5i0000016DMBAA2","000000000000000AAA","0015i000006YHT6AAO","0015i000006YHT6AAO","000000000000000AAA","02i5i0000016DMBAA2","01t5i000001NLXpAAO","0","2022-05-09 16:07:09","0055i000001ydTWAAY","2022-05-26 09:16:38","0055i000001ydTWAAY","2022-05-26 09:16:39","0","CPU 1.6GHz i5","","","","","","","","","","","","","0","10","","0055i000001ydTWAAY","000000000000000AAA","000000000000000AAA","000000000000000AAA","0","0","","","","","","","","","","","","","","","","","","0","1.00","1","","a0m5i000000cGyRAAU","0","","","","","","a0h5i000000sv9OAAQ","0","","100.00","","","2","","","1","Component","8025i000001AQfoAAG","70.00","","List","a0i5i000001quf8AAA","","0.00","","02i5i0000016DMAAA2","","01t5i000001NLXoAAO","","","02i5i0000016DMAAA2","02i5i0000016DMAAA2","","","","","","","","","70.00","","","","","",""
"02i5i0000016DMCAA2","000000000000000AAA","0015i000006YHT6AAO","0015i000006YHT6AAO","000000000000000AAA","02i5i0000016DMCAA2","01t5i000001NLXqAAO","0","2022-05-09 16:07:09","0055i000001ydTWAAY","2022-05-26 09:16:38","0055i000001ydTWAAY","2022-05-26 09:16:39","0","RAM 8GB","","","","","","","","","","","","","0","10","","0055i000001ydTWAAY","000000000000000AAA","000000000000000AAA","000000000000000AAA","0","0","","","","","","","","","","","","","","","","","","0","1.00","1","","a0m5i000000cGySAAU","0","","","","","","a0h5i000000sv9PAAQ","0","","50.00","","","3","","","1","Component","8025i000001AQfpAAG","25.00","","List","a0i5i000001qufAAAQ","","0.00","","02i5i0000016DMAAA2","","01t5i000001NLXoAAO","","","02i5i0000016DMAAA2","02i5i0000016DMAAA2","","","","","","","","","25.00","","","","","",""
"02i5i0000016DMDAA2","000000000000000AAA","0015i000006YHT6AAO","0015i000006YHT6AAO","000000000000000AAA","02i5i0000016DMDAA2","01t5i000001NLXrAAO","0","2022-05-09 16:07:09","0055i000001ydTWAAY","2022-05-26 09:16:38","0055i000001ydTWAAY","2022-05-26 09:16:39","0","SSD Hard Drive 128GB","","","","","","","","","","","","","50","10","","0055i000001ydTWAAY","000000000000000AAA","000000000000000AAA","000000000000000AAA","0","0","","","","","","","","","","","","","","","","","","0","1.00","0","","a0m5i000000cGyTAAU","0","","","","","","a0h5i000000sv9QAAQ","0","","50.00","","","4","","","1","Component","8025i000001AQfqAAG","30.00","","List","a0i5i000001quf9AAA","","50.00","","02i5i0000016DMAAA2","","01t5i000001NLXoAAO","","","02i5i0000016DMAAA2","02i5i0000016DMAAA2","","","","","","","","","30.00","","","","","",""
"02i5i0000016DMEAA2","000000000000000AAA","0015i000006YHT9AAO","0015i000006YHT9AAO","000000000000000AAA","02i5i0000016DMEAA2","01t5i000001NLXsAAO","0","2022-05-09 16:07:09","0055i000001ydTWAAY","2022-06-17 08:46:44","0055i000001ydTWAAY","2022-06-17 08:46:44","0","Exterior Camera","","","","","","","","","","","","","125","6","","0055i000001ydTWAAY","000000000000000AAA","000000000000000AAA","000000000000000AAA","0","0","","","","","","","","","","","","","","","","","","0","","0","","a0m5i000000cGyWAAU","0","","","","","","","0","a0m5i000000cGyWAAU","125.00","","","1","","","","","8025i000001AQftAAG","60.00","","List","","a0m5i000000cGyWAAU","125.00","","","","","","","","02i5i0000016DMEAA2","","","","","","","","","60.00","","","","","",""
"02i5i0000016DMFAA2","000000000000000AAA","0015i000006YHT9AAO","0015i000006YHT9AAO","000000000000000AAA","02i5i0000016DMFAA2","01t5i000001NLXtAAO","0","2022-05-09 16:07:09","0055i000001ydTWAAY","2022-06-17 08:46:44","0055i000001ydTWAAY","2022-06-17 08:46:44","0","Interior Camera","","","","","","","","","","","","","100","2","","0055i000001ydTWAAY","000000000000000AAA","000000000000000AAA","000000000000000AAA","0","0","","","","","","","","","","","","","","","","","","0","","0","","a0m5i000000cGyXAAU","0","","","","","","","0","a0m5i000000cGyXAAU","100.00","","","2","","","","","8025i000001AQfuAAG","40.00","","List","","a0m5i000000cGyXAAU","100.00","","","","","","","","02i5i0000016DMFAA2","","","","","","","","","40.00","","","","","",""
"02i5i0000016DMGAA2","000000000000000AAA","0015i000006YHT9AAO","0015i000006YHT9AAO","000000000000000AAA","02i5i0000016DMGAA2","01t5i000001NLXuAAO","0","2022-05-09 16:07:09","0055i000001ydTWAAY","2022-06-17 08:46:44","0055i000001ydTWAAY","2022-06-17 08:46:44","0","15"" Laptop","","","","","","","","","","","","","1500","1","","0055i000001ydTWAAY","000000000000000AAA","000000000000000AAA","000000000000000AAA","0","0","","","","","","","","","","","","","","","","","","1","","0","","a0m5i000000cGyZAAU","0","","","","","","","0","a0m5i000000cGyZAAU","1500.00","","","1","","","","","8025i000001AQfwAAG","1350.00","","List","","a0m5i000000cGyZAAU","1500.00","","","","","","","","02i5i0000016DMGAA2","","","","","","","","","1350.00","","","","","",""
"02i5i0000016DMHAA2","000000000000000AAA","0015i000006YHT9AAO","0015i000006YHT9AAO","000000000000000AAA","02i5i0000016DMHAA2","01t5i000001NLXvAAO","0","2022-05-09 16:07:09","0055i000001ydTWAAY","2022-06-17 08:46:44","0055i000001ydTWAAY","2022-06-17 08:46:44","0","CPU 2.8GHz i7","","","","","","","","","","","","","250","1","","0055i000001ydTWAAY","000000000000000AAA","000000000000000AAA","000000000000000AAA","0","0","","","","","","","","","","","","","","","","","","0","1.00","0","","a0m5i000000cGyaAAE","0","","","","","","a0h5i000000sv9LAAQ","0","a0m5i000000cGyaAAE","250.00","","","2","","","1","Component","8025i000001AQfxAAG","225.00","","List","a0i5i000001quf4AAA","a0m5i000000cGyaAAE","250.00","","02i5i0000016DMGAA2","","01t5i000001NLXuAAO","","","02i5i0000016DMGAA2","02i5i0000016DMGAA2","","","","","","","","","225.00","","","","","",""
"02i5i0000016DMIAA2","000000000000000AAA","0015i000006YHT9AAO","0015i000006YHT9AAO","000000000000000AAA","02i5i0000016DMIAA2","01t5i000001NLXwAAO","0","2022-05-09 16:07:09","0055i000001ydTWAAY","2022-06-17 08:46:44","0055i000001ydTWAAY","2022-06-17 08:46:44","0","RAM 16GB","","","","","","","","","","","","","125","1","","0055i000001ydTWAAY","000000000000000AAA","000000000000000AAA","000000000000000AAA","0","0","","","","","","","","","","","","","","","","","","0","1.00","0","","a0m5i000000cGybAAE","0","","","","","","a0h5i000000sv9MAAQ","0","a0m5i000000cGybAAE","125.00","","","3","","","1","Component","8025i000001AQfyAAG","125.00","","List","a0i5i000001quf6AAA","a0m5i000000cGybAAE","125.00","","02i5i0000016DMGAA2","","01t5i000001NLXuAAO","","","02i5i0000016DMGAA2","02i5i0000016DMGAA2","","","","","","","","","125.00","","","","","",""
"02i5i0000016DMJAA2","000000000000000AAA","0015i000006YHT9AAO","0015i000006YHT9AAO","000000000000000AAA","02i5i0000016DMJAA2","01t5i000001NLXxAAO","0","2022-05-09 16:07:09","0055i000001ydTWAAY","2022-06-17 08:46:44","0055i000001ydTWAAY","2022-06-17 08:46:44","0","SSD Hard Drive 512GB","","","","","","","","","","","","","100","1","","0055i000001ydTWAAY","000000000000000AAA","000000000000000AAA","000000000000000AAA","0","0","","","","","","","","","","","","","","","","","","0","1.00","0","","a0m5i000000cGycAAE","0","","","","","","a0h5i000000sv9NAAQ","0","a0m5i000000cGycAAE","100.00","","","4","","","1","Component","8025i000001AQfzAAG","120.00","","List","a0i5i000001quf3AAA","a0m5i000000cGycAAE","100.00","","02i5i0000016DMGAA2","","01t5i000001NLXuAAO","","","02i5i0000016DMGAA2","02i5i0000016DMGAA2","","","","","","","","","120.00","","","","","",""
"02i5i0000016DMKAA2","000000000000000AAA","0015i000006YHTIAA4","0015i000006YHTIAA4","000000000000000AAA","02i5i0000016DMKAA2","01t5i000001NLXnAAO","0","2022-05-09 16:07:09","0055i000001ydTWAAY","2022-06-17 08:46:44","0055i000001ydTWAAY","2022-06-17 08:46:44","0","10"" Tablet","","","","","","","","","","","","","150","1","","0055i000001ydTWAAY","000000000000000AAA","000000000000000AAA","000000000000000AAA","0","0","","","","","","","","","","","","","","","","","","0","","0","","a0m5i000000cGygAAE","0","a105i000000PNAAAA4","","","","","","0","a0m5i000000cGygAAE","150.00","","","1","","","","","8025i000001AQg3AAG","100.00","","List","","a0m5i000000cGygAAE","150.00","","","","","","","","02i5i0000016DMKAA2","","","","","","","","","100.00","","","","","",""
