"Id","OwnerId","IsDeleted","Name","CreatedDate","CreatedById","LastModifiedDate","LastModifiedById","SystemModstamp","LastActivityDate","blng__ApexJobId__c","blng__CleanUpStatus__c","blng__CompletedTime__c","blng__InvoiceDate__c","blng__InvoiceScheduler__c","blng__Notes__c","blng__PercentageComplete__c","blng__StartTime__c","blng__Status__c","blng__TargetDate__c"
"a255i0000008ZYfAAM","0055i000001ydTWAAY","0","Create Invoice1","2022-05-30 09:03:57","0055i000001ydTWAAY","2022-05-30 09:21:25","0055i000001ydTWAAY","2022-05-30 09:21:25","","","","","2022-05-30 00:00:00","a265i0000008ZkiAAE","","0","2022-05-30 21:45:00","Started","2022-05-30 00:00:00"
"a255i0000008ZYkAAM","0055i000001ydTWAAY","0","Run Test","2022-05-30 10:09:57","0055i000001ydTWAAY","2022-05-30 10:09:57","0055i000001ydTWAAY","2022-05-30 10:09:57","","","","2022-05-30 22:45:00","2022-05-30 00:00:00","a265i0000008ZlqAAE","","0","2022-05-30 22:45:00","Started","2022-05-30 00:00:00"
"a255i0000008ZYpAAM","0055i000001ydTWAAY","0","NewOrderInvoice","2022-05-30 21:45:09","0055i000001ydTWAAY","2022-05-30 21:45:25","0055i000001ydTWAAY","2022-05-30 21:45:25","","7075i00000cCf4tAAC","","2022-05-30 21:45:25","2022-05-30 00:00:00","a265i0000008ZkiAAE","","100","2022-05-30 21:45:09","Completed","2022-05-30 00:00:00"
"a255i0000008ZYuAAM","0055i000001ydTWAAY","0","Invoice Test","2022-05-30 23:00:01","0055i000001ydTWAAY","2022-05-30 23:00:48","0055i000001ydTWAAY","2022-05-30 23:00:48","","7075i00000cCpO7AAK","","2022-05-30 23:00:48","2022-05-30 00:00:00","a265i0000008ZlqAAE","","100","2022-05-30 23:00:01","Completed","2022-05-30 00:00:00"
"a255i0000008eYfAAI","0055i000001ydTWAAY","0","Inv New Run1","2022-07-01 05:24:17","0055i000001ydTWAAY","2022-07-01 05:24:17","0055i000001ydTWAAY","2022-07-01 05:24:17","","","","","","a265i00000092JXAAY","","","","Started","2022-07-01 00:00:00"
