"Id","IsDeleted","Name","CreatedDate","CreatedById","LastModifiedDate","LastModifiedById","SystemModstamp","LastActivityDate","blng__Invoice__c","blng__ARStatus__c","blng__AllocatedRevenueAmount__c","blng__Asset__c","blng__BaseCurrencyAmount__c","blng__BaseCurrencyFXDate__c","blng__BaseCurrencyFXRate__c","blng__BaseCurrency__c","blng__BillingFinanceBook__c","blng__BillingFinancePeriod__c","blng__BillingFrequency__c","blng__BillingGLRule__c","blng__BillingGLTreatment__c","blng__BillingRule__c","blng__BillingTransaction__c","blng__BillingTreatment__c","blng__CalculatedQuantity__c","blng__ChargeDate__c","blng__ChargeType__c","blng__ConvertedCreditNoteLine__c","blng__DebitsPaymentAllocations__c","blng__DebitsPaymentUnallocations__c","blng__EndDate__c","blng__GroupedQuantity__c","blng__InvoiceLineState__c","blng__InvoiceLineStatus__c","blng__InvoiceRun__c","blng__LegalEntityReference__c","blng__LegalEntity__c","blng__NegativeLineConversion__c","blng__Notes__c","blng__OrderProduct__c","blng__OverrideInitialRevenueEndDate__c","blng__OverrideInitialRevenueStartDate__c","blng__Product__c","blng__Quantity__c","blng__RevenueExpectedAmount__c","blng__RevenueLiabilityAmount__c","blng__RevenueMostLikelyAmount__c","blng__RevenueScheduleStatus__c","blng__StartDate__c","blng__Subtotal__c","blng__TaxAmount__c","blng__TaxCity__c","blng__TaxCountry__c","blng__TaxCounty__c","blng__TaxErrorMessage__c","blng__TaxGLRule__c","blng__TaxGLTreatment__c","blng__TaxLocationCode__c","blng__TaxPercentageApplied__c","blng__TaxRule__c","blng__TaxState__c","blng__TaxStatus__c","blng__TaxStreet2__c","blng__TaxStreet__c","blng__TaxTreatment__c","blng__TaxZipCode__c","blng__TotalAmount__c","blng__UniqueId__c","blng__UnitPrice__c","blng__UsageSummary__c","blng__Credits__c","blng__Debits__c","blng__PaymentsAgainstDebitNoteLines__c","blng__PaymentsAgainstInvoiceLines__c","blng__RefundsAgainstDebitNoteLines__c","blng__RefundsAgainstInvoiceLines__c"
"a225i000001q07SAAQ","0","4K Video Camera","2022-05-30 11:12:51","0055i000001ydTWAAY","2022-05-30 11:12:51","0055i000001ydTWAAY","2022-05-30 11:12:51","","a275i0000008e9WAAQ","","","","","","","","","","","","","","","","1","2022-05-30 00:00:00","One-Time","","","","2022-05-30 00:00:00","","Regular","Draft","","a275i0000008e9WAAQ","","0","","8025i00000116pFAAQ","","","01t5i000001NLZJAA4","1.00","","","","","2022-05-30 00:00:00","500.00","","Hyderabad","INDIA","","","","","","","","TG","","","","","","500.00","8025i00000116pFAAQ_2022-5-30_2022-5-30_____01t5i000001NLZJAA4","500.0000","","0","0","0","0","0","0"
"a225i000001q07TAAQ","0","Camera Mount Microphone","2022-05-30 11:12:51","0055i000001ydTWAAY","2022-05-30 11:12:51","0055i000001ydTWAAY","2022-05-30 11:12:51","","a275i0000008e9WAAQ","","","","","","","","","","","","","","","","1","2022-05-30 00:00:00","One-Time","","","","2022-05-30 00:00:00","","Regular","Draft","","a275i0000008e9WAAQ","","0","","8025i00000116pGAAQ","","","01t5i000001NLZdAAO","1.00","","","","","2022-05-30 00:00:00","75.00","","Hyderabad","INDIA","","","","","","","","TG","","","","","","75.00","8025i00000116pGAAQ_2022-5-30_2022-5-30_____01t5i000001NLZdAAO","75.0000","","0","0","0","0","0","0"
"a225i000001q08GAAQ","0","10"" Tablet","2022-05-30 11:21:58","0055i000001ydTWAAY","2022-05-30 11:21:58","0055i000001ydTWAAY","2022-05-30 11:21:58","","a275i0000008e9bAAA","","","","","","","","","","","","","","","","1","2022-05-30 00:00:00","One-Time","","","","2023-03-26 00:00:00","","Regular","Draft","","a275i0000008e9bAAA","","0","","8025i000001AQfkAAG","","","01t5i000001NLXnAAO","5.00","","","","","2022-03-26 00:00:00","750.00","","Fawnfield","United States","","","","","","","","IL","","","570 Cake Look Rd","","60015","750.00","8025i000001AQfkAAG_2022-3-26_2023-3-26_____01t5i000001NLXnAAO","150.0000","","0","0","0","0","0","0"
"a225i000001q08HAAQ","0","Creativity Suite License","2022-05-30 11:21:58","0055i000001ydTWAAY","2022-05-30 11:21:58","0055i000001ydTWAAY","2022-05-30 11:21:58","","a275i0000008e9bAAA","","","","","","","","","","","","","","","","1","2022-05-30 00:00:00","One-Time","","","","2023-03-26 00:00:00","","Regular","Draft","","a275i0000008e9bAAA","","0","","8025i000001AQflAAG","","","01t5i000001NLZmAAO","5.00","","","","","2022-03-26 00:00:00","500.00","","Fawnfield","United States","","","","","","","","IL","","","570 Cake Look Rd","","60015","500.00","8025i000001AQflAAG_2022-3-26_2023-3-26_____01t5i000001NLZmAAO","100.0000","","0","0","0","0","0","0"
"a225i000001q08IAAQ","0","Softphone License","2022-05-30 11:21:58","0055i000001ydTWAAY","2022-05-30 11:21:58","0055i000001ydTWAAY","2022-05-30 11:21:58","","a275i0000008e9bAAA","","","","","","","","","","","","","","","","1","2022-05-30 00:00:00","One-Time","","","","2023-03-26 00:00:00","","Regular","Draft","","a275i0000008e9bAAA","","0","","8025i000001AQfmAAG","","","01t5i000001NLZnAAO","5.00","","","","","2022-03-26 00:00:00","125.00","","Fawnfield","United States","","","","","","","","IL","","","570 Cake Look Rd","","60015","125.00","8025i000001AQfmAAG_2022-3-26_2023-3-26_____01t5i000001NLZnAAO","25.0000","","0","0","0","0","0","0"
