"Id","IsDeleted","Name","CreatedDate","CreatedById","LastModifiedDate","LastModifiedById","SystemModstamp","LastActivityDate","blng__Account__c","blng__ARStatus__c","blng__Action__c","blng__BaseCurrencyAmount__c","blng__BaseCurrencyFXDate__c","blng__BaseCurrencyFXRate__c","blng__BaseCurrency__c","blng__BillToContact__c","blng__CorrectiveAction__c","blng__DeclinedPaymentRunCount__c","blng__DueDate__c","blng__InvoiceDate__c","blng__InvoiceLocked__c","blng__InvoicePostedDate__c","blng__InvoiceRunCreatedBy__c","blng__InvoiceStatus__c","blng__LastPaymentRunId__c","blng__LastPaymentRunProcessingMessage__c","blng__Notes__c","blng__Order__c","blng__PaymentBatch__c","blng__PaymentMethod__c","blng__PaymentProcessStatus__c","blng__PaymentRunId__c","blng__PaymentRunProcessingMessage__c","blng__TargetDate__c","blng__TaxErrorMessage__c","blng__TaxStatus__c","blng__UniqueId__c","blng__Credits__c","blng__DebitPayments__c","blng__Debits__c","blng__NegativeLineConversion__c","blng__NumberOfInvoiceLines__c","blng__PaymentsAgainstInvoiceLines__c","blng__PaymentsAgainstInvoice__c","blng__RefundsAgainstInvoiceLines__c","blng__RefundsAgainstInvoice__c","blng__Subtotal__c","blng__TaxAmount__c","blng__TaxErrors__c","blng__TotalAmount__c"
"a275i0000008e9WAAQ","0","INV-0000","2022-05-30 11:12:51","0055i000001ydTWAAY","2022-05-30 11:12:51","0055i000001ydTWAAY","2022-05-30 11:12:51","","0015i000006d8lUAAQ","","","","","","","","","","2022-06-29 00:00:00","2022-05-30 00:00:00","0","","","Draft","","","","8015i000000lGwZAAU","","","","","","2022-05-31 00:00:00","","Completed","16539091693940015i000006d8lUAAQnet 30","0","0","0","0","2","0","0","0","0","575.00","0","0","575.00"
"a275i0000008e9bAAA","0","INV-0001","2022-05-30 11:21:58","0055i000001ydTWAAY","2022-05-30 11:21:58","0055i000001ydTWAAY","2022-05-30 11:21:58","","0015i000006YHTIAA4","","","","","","","","","","2022-06-29 00:00:00","2022-05-30 00:00:00","0","","","Draft","","","","8015i0000016DC1AAM","","","","","","2022-03-26 00:00:00","","Completed","16539097172920015i000006YHTIAA4net 30","0","0","0","0","3","0","0","0","0","1375.00","0","0","1375.00"
"a275i0000008hLzAAI","0","INV-0002","2022-06-17 06:23:35","0055i000001ydTWAAY","2022-06-17 06:23:35","0055i000001ydTWAAY","2022-06-17 06:23:35","","0015i000006YHTDAA4","","","","","","","","","","","","0","","","Draft","","","","8015i000000lKfZAAU","","","","","","","","","","0","0","0","0","0","0","0","0","0","0","0","0","0"
"a275i0000008hM4AAI","0","INV-0003","2022-06-17 06:32:19","0055i000001ydTWAAY","2022-06-17 06:32:19","0055i000001ydTWAAY","2022-06-17 06:32:19","","0015i000006YHT3AAO","","","","","","","","","","","","0","","","Draft","","","","8015i000000lJrjAAE","","","","","","","","","","0","0","0","0","0","0","0","0","0","0","0","0","0"
"a275i0000008hM9AAI","0","INV-0004","2022-06-17 06:37:24","0055i000001ydTWAAY","2022-06-17 06:37:24","0055i000001ydTWAAY","2022-06-17 06:37:24","","0015i000006YHT3AAO","","","","","","","","","","","","0","","","Draft","","","","8015i000000lKA2AAM","","","","","","","","","","0","0","0","0","0","0","0","0","0","0","0","0","0"
"a275i0000008hbvAAA","0","INV-0005","2022-06-20 05:15:59","0055i000001ydTWAAY","2022-06-20 05:15:59","0055i000001ydTWAAY","2022-06-20 05:15:59","","0015i000006YHT6AAO","","","","","","","","","","","","0","","","Draft","","","","8015i000000lJsXAAU","","","","","","","","","","0","0","0","0","0","0","0","0","0","0","0","0","0"
"a275i0000008jCBAAY","0","INV-0006","2022-06-30 08:58:30","0055i000001ydTWAAY","2022-06-30 08:58:30","0055i000001ydTWAAY","2022-06-30 08:58:30","","0015i000006YHTGAA4","","","","","","","","","","","","0","","","Draft","","","","8015i000000lKhLAAU","","","","","","","","","","0","0","0","0","0","0","0","0","0","0","0","0","0"
"a275i0000008jKWAAY","0","INV-0007","2022-06-30 09:43:44","0055i000001ydTWAAY","2022-06-30 09:43:44","0055i000001ydTWAAY","2022-06-30 09:43:44","","0015i000006YHTDAA4","","","","","","","","","","","","0","","","Draft","","","","8015i000000lPO5AAM","","","","","","","","","","0","0","0","0","0","0","0","0","0","0","0","0","0"
"a275i0000008jTuAAI","0","INV-0008","2022-07-01 05:26:03","0055i000001ydTWAAY","2022-07-01 05:26:03","0055i000001ydTWAAY","2022-07-01 05:26:03","","0015i000006YHT5AAO","","","","","","","","","","","","0","","a255i0000008eYfAAI","Draft","","","","8015i000000lKayAAE","Batch 1","","","","","","","","","0","0","0","0","0","0","0","0","0","0","0","0","0"
