"Id","Name","Description","TableEnumOrId","IsActive","CreatedById","CreatedDate","LastModifiedById","LastModifiedDate","SystemModstamp"
"0195i000000TW6uAAG","Direct Opportunity Sales Process","","Opportunity","1","0055i000001ydTWAAY","2022-05-27 05:12:26","0055i000001ydTWAAY","2022-06-15 05:33:57","2022-06-15 05:33:57"
"0195i000000TW6zAAG","Channel Opportunity Sales Process","","Opportunity","1","0055i000001ydTWAAY","2022-05-27 05:13:11","0055i000001ydTWAAY","2022-06-15 05:17:06","2022-06-15 05:17:06"
"0195i000000TW74AAG","Direct Quote Sales Process","","Opportunity","1","0055i000001ydTWAAY","2022-05-27 06:18:50","0055i000001ydTWAAY","2022-05-27 06:18:50","2022-05-27 06:18:50"
"0195i000000TW79AAG","Channel Quote Sales Process","","Opportunity","1","0055i000001ydTWAAY","2022-05-27 06:19:11","0055i000001ydTWAAY","2022-05-27 06:19:11","2022-05-27 06:19:11"
