"Id","IsDeleted","Name","ParentId","Type","Status","StartDate","EndDate","ExpectedRevenue","BudgetedCost","ActualCost","ExpectedResponse","NumberSent","IsActive","Description","NumberOfLeads","NumberOfConvertedLeads","NumberOfContacts","NumberOfResponses","NumberOfOpportunities","NumberOfWonOpportunities","AmountAllOpportunities","AmountWonOpportunities","HierarchyNumberOfLeads","HierarchyNumberOfConvertedLeads","HierarchyNumberOfContacts","HierarchyNumberOfResponses","HierarchyNumberOfOpportunities","HierarchyNumberOfWonOpportunities","HierarchyAmountAllOpportunities","HierarchyAmountWonOpportunities","HierarchyNumberSent","HierarchyExpectedRevenue","HierarchyBudgetedCost","HierarchyActualCost","OwnerId","CreatedDate","CreatedById","LastModifiedDate","LastModifiedById","SystemModstamp","LastActivityDate","CampaignMemberRecordTypeId"
"7015i000000KQm6AAG","0","GC Product Webinar - Jan 7, 2002","","Webinar","Completed","2021-10-19 00:00:00","2021-10-19 00:00:00","3000000","10000","11400","10","5000","1","","0","0","0","0","0","0","0","0","0","0","0","0","0","0","0","0","5000","3000000","10000","11400","0055i000001ydTWAAY","2022-05-09 16:07:09","0055i000001ydTWAAY","2022-05-09 16:07:09","0055i000001ydTWAAY","2022-05-09 16:07:09","",""
"7015i000000KQm7AAG","0","User Conference - Jun 17-19, 2002","","Conference","Planned","2022-03-29 00:00:00","2022-03-31 00:00:00","5500000","100000","","15","40000","1","","0","0","0","0","0","0","0","0","0","0","0","0","0","0","0","0","40000","5500000","100000","0","0055i000001ydTWAAY","2022-05-09 16:07:09","0055i000001ydTWAAY","2022-05-09 16:07:09","0055i000001ydTWAAY","2022-05-09 16:07:09","",""
"7015i000000KQm8AAG","0","DM Campaign to Top Customers - Nov 12-23, 2001","","Direct Mail","Completed","2021-08-24 00:00:00","2021-09-04 00:00:00","2500000","25000","23500","7","15000","1","","0","0","0","0","0","0","0","0","0","0","0","0","0","0","0","0","15000","2500000","25000","23500","0055i000001ydTWAAY","2022-05-09 16:07:09","0055i000001ydTWAAY","2022-05-09 16:07:09","0055i000001ydTWAAY","2022-05-09 16:07:09","",""
"7015i000000KQm9AAG","0","International Electrical Engineers Association Trade Show - Mar 4-5, 2002","","Trade Show","Planned","2021-12-14 00:00:00","2021-12-15 00:00:00","8500000","50000","","0","0","1","","0","0","0","0","0","0","0","0","0","0","0","0","0","0","0","0","0","8500000","50000","0","0055i000001ydTWAAY","2022-05-09 16:07:09","0055i000001ydTWAAY","2022-05-09 16:07:09","0055i000001ydTWAAY","2022-05-09 16:07:09","",""
