"Id","IsDeleted","MasterRecordId","CaseNumber","ContactId","AccountId","AssetId","ProductId","EntitlementId","BusinessHoursId","ParentId","SuppliedName","SuppliedEmail","SuppliedPhone","SuppliedCompany","Type","Status","Reason","Origin","Subject","Priority","Description","IsClosed","ClosedDate","IsEscalated","OwnerId","IsClosedOnCreate","SlaStartDate","SlaExitDate","IsStopped","StopStartDate","CreatedDate","CreatedById","LastModifiedDate","LastModifiedById","SystemModstamp","ServiceContractId","EventsProcessedDate","EngineeringReqNumber__c","SLAViolation__c","Product__c","PotentialLiability__c"
"5005i000006cWGrAAM","0","","00001000","0035i000005ssgNAAQ","0015i000006YHT3AAO","000000000000000AAA","000000000000000AAA","","01m5i000000Jj4rAAC","000000000000000AAA","","","","","Electrical","Closed","Equipment Complexity","Phone","Starting generator after electrical failure","High","","1","2021-03-20 18:59:51","0","0055i000001ydTWAAY","1","","","0","","2022-05-09 16:07:09","0055i000001ydTWAAY","2022-05-09 16:07:09","0055i000001ydTWAAY","2022-05-09 16:07:09","","","765876","No","GC5040","No"
"5005i000006cWGsAAM","0","","00001001","0035i000005ssgeAAA","0015i000006YHT8AAO","000000000000000AAA","000000000000000AAA","","01m5i000000Jj4rAAC","000000000000000AAA","","","","","Electrical","Closed","Performance","Phone","Performance inadequate for second consecutive week","High","","1","2021-03-20 18:59:51","0","0055i000001ydTWAAY","1","","","0","","2022-05-09 16:07:09","0055i000001ydTWAAY","2022-05-09 16:07:09","0055i000001ydTWAAY","2022-05-09 16:07:09","","2023-10-18 17:54:03","767145","Yes","GC1060","Yes"
"5005i000006cWGtAAM","0","","00001002","0035i000005ssgUAAQ","0015i000006YHT8AAO","000000000000000AAA","000000000000000AAA","","01m5i000000Jj4rAAC","000000000000000AAA","","","","","Electrical","New","Installation","Web","Seeking guidance on electrical wiring installation for GC5060","Low","","0","","0","0055i000001ydTWAAY","0","","","0","","2022-05-09 16:07:09","0055i000001ydTWAAY","2022-05-09 16:07:09","0055i000001ydTWAAY","2022-05-09 16:07:09","","","","No","GC3060","No"
"5005i000006cWGuAAM","0","","00001003","0035i000005ssgWAAQ","0015i000006YHT9AAO","000000000000000AAA","000000000000000AAA","","01m5i000000Jj4rAAC","000000000000000AAA","","","","","Other","Closed","Installation","Web","Easy installation process","Low","","1","2021-03-20 18:59:51","0","0055i000001ydTWAAY","1","","","0","","2022-05-09 16:07:09","0055i000001ydTWAAY","2022-05-09 16:07:09","0055i000001ydTWAAY","2022-05-09 16:07:09","","","","No","GC1020","No"
"5005i000006cWGvAAM","0","","00001004","0035i000005ssgWAAQ","0015i000006YHT9AAO","000000000000000AAA","000000000000000AAA","","01m5i000000Jj4rAAC","000000000000000AAA","","","","","Other","Closed","Other","Phone","Maintenance guidelines for generator unclear","Medium","","1","2021-03-20 18:59:51","0","0055i000001ydTWAAY","1","","","0","","2022-05-09 16:07:09","0055i000001ydTWAAY","2022-05-09 16:07:09","0055i000001ydTWAAY","2022-05-09 16:07:09","","","784532","No","GC5020","No"
"5005i000006cWGwAAM","0","","00001005","0035i000005ssgXAAQ","0015i000006YHT9AAO","000000000000000AAA","000000000000000AAA","","01m5i000000Jj4rAAC","000000000000000AAA","","","","","Electrical","Closed","Performance","Phone","Electrical circuit malfunctioning","Medium","","1","2021-03-20 18:59:51","0","0055i000001ydTWAAY","1","","","0","","2022-05-09 16:07:09","0055i000001ydTWAAY","2022-05-09 16:07:09","0055i000001ydTWAAY","2022-05-09 16:07:09","","","653780","No","GC1060","Yes"
"5005i000006cWGxAAM","0","","00001006","0035i000005ssgdAAA","0015i000006YHTDAA4","000000000000000AAA","000000000000000AAA","","01m5i000000Jj4rAAC","000000000000000AAA","","","","","Other","Closed","Feedback","Phone","Generator assembly instructions unclear","Low","","1","2021-03-20 18:59:51","0","0055i000001ydTWAAY","1","","","0","","2022-05-09 16:07:09","0055i000001ydTWAAY","2022-05-09 16:07:09","0055i000001ydTWAAY","2022-05-09 16:07:09","","","253574","No","GC1020","No"
"5005i000006cWGyAAM","0","","00001007","0035i000005ssgSAAQ","0015i000006YHT7AAO","000000000000000AAA","000000000000000AAA","","01m5i000000Jj4rAAC","000000000000000AAA","","","","","Structural","Closed","Breakdown","Phone","Structural breakdown of rotor assembly","Medium","","1","2021-03-20 18:59:51","0","0055i000001ydTWAAY","1","","","0","","2022-05-09 16:07:09","0055i000001ydTWAAY","2022-05-09 16:07:09","0055i000001ydTWAAY","2022-05-09 16:07:09","","","835735","No","GC1040","No"
"5005i000006cWGzAAM","0","","00001008","0035i000005ssgSAAQ","0015i000006YHT7AAO","000000000000000AAA","000000000000000AAA","","01m5i000000Jj4rAAC","000000000000000AAA","","","","","Other","Closed","Feedback","Web","Customer service for portable generators needs beefing up","Low","","1","2021-03-20 18:59:51","0","0055i000001ydTWAAY","1","","","0","","2022-05-09 16:07:09","0055i000001ydTWAAY","2022-05-09 16:07:09","0055i000001ydTWAAY","2022-05-09 16:07:09","","","","No","GC1020","No"
"5005i000006cWH0AAM","0","","00001009","0035i000005ssgaAAA","0015i000006YHTBAA4","000000000000000AAA","000000000000000AAA","","01m5i000000Jj4rAAC","000000000000000AAA","","","","","Mechanical","Closed","Other","Phone","Mechanical maintenance guidelines for generator misleading","Medium","","1","2021-03-20 18:59:51","0","0055i000001ydTWAAY","1","","","0","","2022-05-09 16:07:09","0055i000001ydTWAAY","2022-05-09 16:07:09","0055i000001ydTWAAY","2022-05-09 16:07:09","","","365782","No","GC3040","Yes"
"5005i000006cWH1AAM","0","","00001010","0035i000005ssgbAAA","0015i000006YHTCAA4","000000000000000AAA","000000000000000AAA","","01m5i000000Jj4rAAC","000000000000000AAA","","","","","Other","Closed","Feedback","Web","Maintenance guidelines for generator unclear","Low","","1","2021-03-20 18:59:51","0","0055i000001ydTWAAY","1","","","0","","2022-05-09 16:07:09","0055i000001ydTWAAY","2022-05-09 16:07:09","0055i000001ydTWAAY","2022-05-09 16:07:09","","","658733","No","GC1060","No"
"5005i000006cWH2AAM","0","","00001011","0035i000005ssgcAAA","0015i000006YHTCAA4","000000000000000AAA","000000000000000AAA","","01m5i000000Jj4rAAC","000000000000000AAA","","","","","Electronic","Closed","Equipment Design","Web","Electronic panel fitting loose","Medium","","1","2021-03-20 18:59:51","0","0055i000001ydTWAAY","1","","","0","","2022-05-09 16:07:09","0055i000001ydTWAAY","2022-05-09 16:07:09","0055i000001ydTWAAY","2022-05-09 16:07:09","","","965884","No","GC3020","No"
"5005i000006cWH3AAM","0","","00001012","0035i000005ssgYAAQ","0015i000006YHTAAA4","000000000000000AAA","000000000000000AAA","","01m5i000000Jj4rAAC","000000000000000AAA","","","","","Electrical","Closed","Breakdown","Web","Repeated motor breakdown while shutting off","Medium","","1","2021-03-20 18:59:51","0","0055i000001ydTWAAY","1","","","0","","2022-05-09 16:07:09","0055i000001ydTWAAY","2022-05-09 16:07:09","0055i000001ydTWAAY","2022-05-09 16:07:09","","","347209","Yes","GC1020","Yes"
"5005i000006cWH4AAM","0","","00001013","0035i000005ssgTAAQ","0015i000006YHT7AAO","000000000000000AAA","000000000000000AAA","","01m5i000000Jj4rAAC","000000000000000AAA","","","","","Other","Closed","Equipment Design","Web","Starting up generator consumes excessive power","Medium","","1","2021-03-20 18:59:51","0","0055i000001ydTWAAY","1","","","0","","2022-05-09 16:07:09","0055i000001ydTWAAY","2022-05-09 16:07:09","0055i000001ydTWAAY","2022-05-09 16:07:09","","","654623","No","GC5020","No"
"5005i000006cWH5AAM","0","","00001014","0035i000005ssgTAAQ","0015i000006YHT7AAO","000000000000000AAA","000000000000000AAA","","01m5i000000Jj4rAAC","000000000000000AAA","","","","","Other","Closed","Installation","Phone","Delay in installation; spare parts unavailable","High","","1","2021-03-20 18:59:51","0","0055i000001ydTWAAY","1","","","0","","2022-05-09 16:07:09","0055i000001ydTWAAY","2022-05-09 16:07:09","0055i000001ydTWAAY","2022-05-09 16:07:09","","","","No","GC3020","Yes"
"5005i000006cWH6AAM","0","","00001015","0035i000005ssgcAAA","0015i000006YHTCAA4","000000000000000AAA","000000000000000AAA","","01m5i000000Jj4rAAC","000000000000000AAA","","","","","Mechanical","Closed","Breakdown","Web","Frequent mechanical breakdown","Medium","","1","2021-03-20 18:59:51","0","0055i000001ydTWAAY","1","","","0","","2022-05-09 16:07:09","0055i000001ydTWAAY","2022-05-09 16:07:09","0055i000001ydTWAAY","2022-05-09 16:07:09","","","354982","No","GC3060","Yes"
"5005i000006cWH7AAM","0","","00001016","0035i000005ssgdAAA","0015i000006YHTDAA4","000000000000000AAA","000000000000000AAA","","01m5i000000Jj4rAAC","000000000000000AAA","","","","","Other","New","Feedback","Web","Maintenance guidelines for generator unclear","Low","","0","","0","0055i000001ydTWAAY","0","","","0","","2022-05-09 16:07:09","0055i000001ydTWAAY","2022-05-09 16:07:09","0055i000001ydTWAAY","2022-05-09 16:07:09","","","651375","No","GC5020","No"
"5005i000006cWH8AAM","0","","00001017","0035i000005ssgOAAQ","0015i000006YHT3AAO","000000000000000AAA","000000000000000AAA","","01m5i000000Jj4rAAC","000000000000000AAA","","","","","Mechanical","Closed","Equipment Complexity","Web","Shutting down of generator","Medium","","1","2021-03-20 18:59:51","0","0055i000001ydTWAAY","1","","","0","","2022-05-09 16:07:09","0055i000001ydTWAAY","2022-05-09 16:07:09","0055i000001ydTWAAY","2022-05-09 16:07:09","","","736734","No","GC1040","No"
"5005i000006cWH9AAM","0","","00001018","0035i000005ssgOAAQ","0015i000006YHT3AAO","000000000000000AAA","000000000000000AAA","","01m5i000000Jj4rAAC","000000000000000AAA","","","","","Electrical","Closed","Equipment Complexity","Phone","Cannot start generator after electrical failure","Medium","","1","2021-03-20 18:59:51","0","0055i000001ydTWAAY","1","","","0","","2022-05-09 16:07:09","0055i000001ydTWAAY","2022-05-09 16:07:09","0055i000001ydTWAAY","2022-05-09 16:07:09","","","526714","No","GC1040","No"
"5005i000006cWHAAA2","0","","00001019","0035i000005ssgPAAQ","0015i000006YHT4AAO","000000000000000AAA","000000000000000AAA","","01m5i000000Jj4rAAC","000000000000000AAA","","","","","Structural","Closed","Equipment Design","Web","Structural failure of generator base","High","","1","2021-03-20 18:59:51","0","0055i000001ydTWAAY","1","","","0","","2022-05-09 16:07:09","0055i000001ydTWAAY","2022-05-09 16:07:09","0055i000001ydTWAAY","2022-05-09 16:07:09","","","636265","No","GC5060","Yes"
"5005i000006cWHBAA2","0","","00001020","0035i000005ssgPAAQ","0015i000006YHT4AAO","000000000000000AAA","000000000000000AAA","","01m5i000000Jj4rAAC","000000000000000AAA","","","","","Electrical","Closed","Performance","Phone","Power generation below stated level","Medium","","1","2021-03-20 18:59:51","0","0055i000001ydTWAAY","1","","","0","","2022-05-09 16:07:09","0055i000001ydTWAAY","2022-05-09 16:07:09","0055i000001ydTWAAY","2022-05-09 16:07:09","","","237645","No","GC3060","Yes"
"5005i000006cWHCAA2","0","","00001021","0035i000005ssgUAAQ","0015i000006YHT8AAO","000000000000000AAA","000000000000000AAA","","01m5i000000Jj4rAAC","000000000000000AAA","","","","","Structural","Closed","Installation","Phone","Generator GC3060 platform structure is weakening","High","","1","2021-03-20 18:59:51","0","0055i000001ydTWAAY","1","","","0","","2022-05-09 16:07:09","0055i000001ydTWAAY","2022-05-09 16:07:09","0055i000001ydTWAAY","2022-05-09 16:07:09","","","435143","","GC3060","Yes"
"5005i000006cWHDAA2","0","","00001022","0035i000005ssgUAAQ","0015i000006YHT8AAO","000000000000000AAA","000000000000000AAA","","01m5i000000Jj4rAAC","000000000000000AAA","","","","","Electronic","Closed","Performance","Web","Signal panel on GC5060 blinks intermittently","Medium","","1","2021-03-20 18:59:51","0","0055i000001ydTWAAY","1","","","0","","2022-05-09 16:07:09","0055i000001ydTWAAY","2022-05-09 16:07:09","0055i000001ydTWAAY","2022-05-09 16:07:09","","","456345","No","GC5060","No"
"5005i000006cWHEAA2","0","","00001023","0035i000005ssgUAAQ","0015i000006YHT8AAO","000000000000000AAA","000000000000000AAA","","01m5i000000Jj4rAAC","000000000000000AAA","","","","","Electrical","Closed","Other","Phone","Electric surge damaging adjacent equipment","High","","1","2021-03-20 18:59:51","0","0055i000001ydTWAAY","1","","","0","","2022-05-09 16:07:09","0055i000001ydTWAAY","2022-05-09 16:07:09","0055i000001ydTWAAY","2022-05-09 16:07:09","","","265794","No","GC5060","No"
"5005i000006cWHFAA2","0","","00001024","0035i000005ssgVAAQ","0015i000006YHT8AAO","000000000000000AAA","000000000000000AAA","","01m5i000000Jj4rAAC","000000000000000AAA","","","","","Mechanical","New","Equipment Design","Web","Design issue with mechanical rotor","Low","","0","","0","0055i000001ydTWAAY","0","","","0","","2022-05-09 16:07:09","0055i000001ydTWAAY","2022-05-09 16:07:09","0055i000001ydTWAAY","2022-05-09 16:07:09","","","868314","No","GC3040","No"
"5005i000006cWHGAA2","0","","00001025","0035i000005ssgVAAQ","0015i000006YHT8AAO","000000000000000AAA","000000000000000AAA","","01m5i000000Jj4rAAC","000000000000000AAA","","","","","Electrical","Closed","Equipment Design","Phone","Motor design hindering performance","Medium","","1","2021-03-20 18:59:51","0","0055i000001ydTWAAY","1","","","0","","2022-05-09 16:07:09","0055i000001ydTWAAY","2022-05-09 16:07:09","0055i000001ydTWAAY","2022-05-09 16:07:09","","","572546","No","GC5040","No"
