"Id","ContentDocumentId","IsLatest","ContentUrl","ContentBodyId","VersionNumber","Title","Description","ReasonForChange","SharingOption","SharingPrivacy","PathOnClient","RatingCount","IsDeleted","ContentModifiedDate","ContentModifiedById","PositiveRatingCount","NegativeRatingCount","FeaturedContentBoost","FeaturedContentDate","OwnerId","CreatedById","CreatedDate","LastModifiedById","LastModifiedDate","SystemModstamp","FileType","PublishStatus","ContentSize","FirstPublishLocationId","Origin","ContentLocation","TextPreview","ExternalDocumentInfo1","ExternalDocumentInfo2","ExternalDataSourceId","IsMajorVersion","dfsle__GeneratedFileFormat__c","dfsle__GeneratedFileName__c","dfsle__GeneratedFileSuffix__c","dfsle__Rule__c"
"0685i000005DbOWAA0","0695i000004va3nAAA","1","","05T5i00000FgAmAEAV","1","**Import WorkGoal IdsV2**","","","A","N","/tmp/map4401046367836743571.json","0","0","2022-05-09 16:07:09","0055i00000273PbAAI","0","0","","","0055i00000273PbAAI","0055i00000273PbAAI","2022-05-09 16:07:09","0055i00000273PbAAI","2022-05-09 16:07:09","2022-05-09 16:07:09","UNKNOWN","R","2","0055i00000273PbAAI","H","S","","","","000000000000000AAA","1","","","",""
"0685i000005cRijAAE","0695i000004NnPVAA0","1","","05T5i00000HScqTEAT","1","LogoIcon","","","A","N","LogoIcon.png","0","0","2022-05-30 06:34:57","0055i000001ydTWAAY","0","0","","","0055i000001ydTWAAY","0055i000001ydTWAAY","2022-05-30 06:32:40","0055i000001ydTWAAY","2022-05-30 06:34:57","2022-05-30 06:37:51","PNG","P","2367","0055i000001ydTWAAY","H","S","","","","000000000000000AAA","1","Word","","name",""
"0685i000005dJOtAAM","0695i000004OZepAAG","0","","05T5i00000HVH7PEAX","1","Quotation_Document tESTRING","","","A","N","Quotation_Document tESTRING.dotx","0","0","2022-06-13 11:21:30","0055i000001ydTWAAY","0","0","","","0055i000001ydTWAAY","0055i000001ydTWAAY","2022-06-13 11:21:30","0055i000001ydTWAAY","2022-06-13 11:21:30","2022-06-14 06:14:53","WORD_T","R","1565015","0055i000001ydTWAAY","C","S","","","","000000000000000AAA","1","Word","","name",""
"0685i000005dMXnAAM","0695i000004OZepAAG","1","","05T5i00000HVROHEA5","2","Quotation_Document tESTRING","","","A","N","Temp1.docx","0","0","2022-06-14 06:11:56","0055i000001ydTWAAY","0","0","","","0055i000001ydTWAAY","0055i000001ydTWAAY","2022-06-14 06:11:56","0055i000001ydTWAAY","2022-06-14 06:11:56","2022-06-14 06:14:53","WORD_X","R","1528612","0055i000001ydTWAAY","C","S","","","","000000000000000AAA","1","Word","","name",""
"0685i000005dMa8AAE","0695i000004OcY9AAK","1","","05T5i00000HVRT2EAP","1","Temp1","","","A","N","Temp1.docx","0","0","2022-06-14 06:14:25","0055i000001ydTWAAY","0","0","","","0055i000001ydTWAAY","0055i000001ydTWAAY","2022-06-14 06:14:25","0055i000001ydTWAAY","2022-06-14 06:25:16","2022-06-14 06:25:16","WORD_X","R","1528612","0055i000001ydTWAAY","C","S","","","","000000000000000AAA","1","Word","","name",""
"0685i000005dMjaAAE","0695i000004OcgmAAC","1","","05T5i00000HVRquEAH","1","Temp1","","","A","N","Temp1.docx","0","0","2022-06-14 06:36:50","0055i000001ydTWAAY","0","0","","","0055i000001ydTWAAY","0055i000001ydTWAAY","2022-06-14 06:36:50","0055i000001ydTWAAY","2022-06-14 06:40:27","2022-06-14 06:40:27","WORD_X","R","1528612","0055i000001ydTWAAY","C","S","","","","000000000000000AAA","1","Word","","name",""
"0685i000005dMpqAAE","0695i000004OcmBAAS","1","","05T5i00000HVSBOEA5","1","TestQuote","","","A","N","TestQuote.docx","0","0","2022-06-14 06:50:15","0055i000001ydTWAAY","0","0","","","0055i000001ydTWAAY","0055i000001ydTWAAY","2022-06-14 06:50:15","0055i000001ydTWAAY","2022-06-14 07:03:27","2022-06-14 07:03:27","WORD_X","R","1530984","0055i000001ydTWAAY","C","S","","","","000000000000000AAA","1","Word","","name",""
"0685i000005dNz5AAE","0695i000004OdskAAC","1","","05T5i00000HVWVVEA5","1","TestQuote","","","A","N","TestQuote.docx","0","0","2022-06-14 11:29:47","0055i000001ydTWAAY","0","0","","","0055i000001ydTWAAY","0055i000001ydTWAAY","2022-06-14 11:29:47","0055i000001ydTWAAY","2022-06-14 11:29:47","2022-06-14 11:29:57","WORD_X","P","744181","a3N5i000000ogW6EAI","C","S","","","","000000000000000AAA","1","Word","","name",""
"0685i000005dQymAAE","0695i000004OgiQAAS","1","","05T5i00000HVe0VEAT","1","InvoiceTemplate111-converted","","","A","N","InvoiceTemplate111-converted.docx","0","0","2022-06-15 05:04:52","0055i000001ydTWAAY","0","0","","","0055i000001ydTWAAY","0055i000001ydTWAAY","2022-06-15 05:04:52","0055i000001ydTWAAY","2022-06-15 05:27:03","2022-06-15 05:27:04","WORD_X","R","72763","0055i000001ydTWAAY","C","S","","","","000000000000000AAA","1","Word","","name",""
"0685i000005dR6oAAE","0695i000004OgpvAAC","1","","05T5i00000HVfpSEAT","1","InvoiceTemplate111-converted","","","A","N","InvoiceTemplate111-converted.docx","0","0","2022-06-15 05:26:42","0055i000001ydTWAAY","0","0","","","0055i000001ydTWAAY","0055i000001ydTWAAY","2022-06-15 05:26:42","0055i000001ydTWAAY","2022-06-15 05:33:53","2022-06-15 05:33:53","WORD_X","R","72797","0055i000001ydTWAAY","C","S","","","","000000000000000AAA","1","Word","","name",""
"0685i000005dSYHAA2","0695i000004Oi7aAAC","1","","05T5i00000HVnF7EAL","1","OrderTemplate2 (1) (1)","","","A","N","OrderTemplate2 (1) (1).docx","0","0","2022-06-15 08:48:35","0055i000001ydTWAAY","0","0","","","0055i000001ydTWAAY","0055i000001ydTWAAY","2022-06-15 08:48:35","0055i000001ydTWAAY","2022-07-01 07:19:27","2022-07-01 07:19:27","WORD_X","R","70203","0055i000001ydTWAAY","C","S","","","","000000000000000AAA","1","Word","","name",""
"0685i000005dXE2AAM","0695i000005gVANAA2","1","","05T5i00000HVxvrEAD","1","ss-logo-240","","","A","N","ss-logo-240.png","0","0","2022-06-16 07:59:34","0055i000001ydTWAAY","0","0","","","0055i000001ydTWAAY","0055i000001ydTWAAY","2022-06-16 07:57:33","0055i000001ydTWAAY","2022-06-16 07:59:34","2022-06-16 08:02:48","PNG","P","8680","0055i000001ydTWAAY","H","S","","","","000000000000000AAA","1","Word","","name",""
"0685i000005eRw6AAE","0695i000005hLnpAAE","1","","05T5i00000JO0T5EAL","1","Invoice Template Test","","","A","N","Invoice Template Test.docx","0","0","2022-07-01 07:31:12","0055i000001ydTWAAY","0","0","","","0055i000001ydTWAAY","0055i000001ydTWAAY","2022-07-01 07:31:12","0055i000001ydTWAAY","2022-07-01 07:31:12","2022-07-01 07:31:23","WORD_X","P","79196","a3N5i000000ojs6EAA","C","S","","","","000000000000000AAA","1","Word","","name",""
"0685i000005eSU4AAM","0695i000005hMKfAAM","1","","05T5i00000JO3BxEAL","1","OrderForm","","","A","N","OrderForm.docx","0","0","2022-07-01 09:24:48","0055i000001ydTWAAY","0","0","","","0055i000001ydTWAAY","0055i000001ydTWAAY","2022-07-01 09:24:48","0055i000001ydTWAAY","2022-07-01 09:24:48","2022-07-01 09:24:59","WORD_X","P","70146","0055i000001ydTWAAY","C","S","","","","000000000000000AAA","1","Word","","name",""
"0685i000005eXZIAA2","0695i000005hQuYAAU","1","","05T5i00000JOLdfEAH","1","SignatureAnywhere(1000x1000)","","","A","N","SignatureAnywhere(1000x1000).png","0","0","2022-07-04 05:41:04","0055i000001ydTWAAY","0","0","","","0055i000001ydTWAAY","0055i000001ydTWAAY","2022-07-04 05:40:56","0055i000001ydTWAAY","2022-07-04 05:41:05","2022-07-04 05:43:04","PNG","P","58605","0055i000001ydTWAAY","H","S","","","","000000000000000AAA","1","Word","","name",""
