"Id","LinkedEntityId","ContentDocumentId","IsDeleted","SystemModstamp","ShareType","Visibility"
"06A5i000006ovCdEAI","0055i00000273PbAAI","0695i000004va3nAAA","0","2022-05-09 16:07:09","I","AllUsers"
"06A5i000006ovCeEAI","0055i00000273PbAAI","0695i000004va3nAAA","0","2022-05-09 16:07:09","I","AllUsers"
"06A5i000006rxxyEAA","0055i000001ydTWAAY","0695i000004NnPVAA0","0","2022-05-30 06:32:40","I","AllUsers"
"06A5i000006rxxzEAA","00D5i000001wiLqEAI","0695i000004NnPVAA0","0","2022-05-30 06:34:57","V","AllUsers"
"06A5i000006tB7rEAE","0055i000001ydTWAAY","0695i000004OZepAAG","0","2022-06-13 11:21:30","I","AllUsers"
"06A5i000006tFhgEAE","0055i000001ydTWAAY","0695i000004OcY9AAK","0","2022-06-14 06:14:25","I","AllUsers"
"06A5i000006tFxkEAE","0055i000001ydTWAAY","0695i000004OcgmAAC","0","2022-06-14 06:36:50","I","AllUsers"
"06A5i000006tG7uEAE","0055i000001ydTWAAY","0695i000004OcmBAAS","0","2022-06-14 06:50:16","I","AllUsers"
"06A5i000006tHmEEAU","0055i000001ydTWAAY","0695i000004OdskAAC","0","2022-06-14 11:29:47","I","AllUsers"
"06A5i000006tHmFEAU","a3N5i000000ogW6EAI","0695i000004OdskAAC","0","2022-06-14 11:29:47","V","AllUsers"
"06A5i000006tLj8EAE","0055i000001ydTWAAY","0695i000004OgiQAAS","0","2022-06-15 05:04:53","I","AllUsers"
"06A5i000006tLvEEAU","0055i000001ydTWAAY","0695i000004OgpvAAC","0","2022-06-15 05:26:43","I","AllUsers"
"06A5i000006tNX9EAM","0055i000001ydTWAAY","0695i000004Oi7aAAC","0","2022-06-15 08:48:35","I","AllUsers"
"06A5i000006tTnXEAU","0055i000001ydTWAAY","0695i000005gVANAA2","0","2022-06-16 07:57:33","I","AllUsers"
"06A5i000006tTnYEAU","00D5i000001wiLqEAI","0695i000005gVANAA2","0","2022-06-16 07:59:34","V","AllUsers"
"06A5i0000088GBREA2","0055i000001ydTWAAY","0695i000005hLnpAAE","0","2022-07-01 07:31:13","I","AllUsers"
"06A5i0000088GBSEA2","a3N5i000000ojs6EAA","0695i000005hLnpAAE","0","2022-07-01 07:31:13","V","AllUsers"
"06A5i0000088GukEAE","0055i000001ydTWAAY","0695i000005hMKfAAM","0","2022-07-01 09:24:48","I","AllUsers"
"06A5i0000088GulEAE","a3N5i000000ojwOEAQ","0695i000005hMKfAAM","0","2022-07-01 09:24:48","V","AllUsers"
"06A5i0000088OKPEA2","0055i000001ydTWAAY","0695i000005hQuYAAU","0","2022-07-04 05:40:57","I","AllUsers"
"06A5i0000088OKQEA2","00D5i000001wiLqEAI","0695i000005hQuYAAU","0","2022-07-04 05:41:05","V","AllUsers"
