"Id","IsDeleted","MasterRecordId","AccountId","Salutation","FirstName","LastName","OtherStreet","OtherCity","OtherState","OtherPostalCode","OtherCountry","OtherLatitude","OtherLongitude","OtherGeocodeAccuracy","MailingStreet","MailingCity","MailingState","MailingPostalCode","MailingCountry","MailingLatitude","MailingLongitude","MailingGeocodeAccuracy","Phone","Fax","MobilePhone","HomePhone","OtherPhone","AssistantPhone","ReportsToId","Email","Title","Department","AssistantName","LeadSource","Birthdate","Description","OwnerId","HasOptedOutOfEmail","HasOptedOutOfFax","DoNotCall","CreatedDate","CreatedById","LastModifiedDate","LastModifiedById","SystemModstamp","LastActivityDate","LastCURequestDate","LastCUUpdateDate","EmailBouncedReason","EmailBouncedDate","Jigsaw","JigsawContactId","CleanStatus","IndividualId","Pronouns","GenderIdentity","ContactSource","Level__c","Languages__c"
"0035i000005ssgNAAQ","0","","0015i000006YHT3AAO","Ms.","Rose","Gonzalez","","","","","","","","","313 Constitution Place Austin, TX 78767 USA","","","","","","","","(512) 757-6000","(512) 757-9000","(512) 757-9340","","","","","manichandanb@gmail.com","SVP, Procurement","Procurement","","Trade Show","1970-04-20 00:00:00","","0055i000001ydTWAAY","0","0","0","2022-05-09 16:07:09","0055i000001ydTWAAY","2024-03-15 18:19:45","0055i000001ydTWAAY","2024-03-15 18:19:45","2024-03-15 00:00:00","","","","","","","Pending","000000000000000AAA","","","","Primary","English"
"0035i000005ssgOAAQ","0","","0015i000006YHT3AAO","Mr.","Sean","Forbes","","","","","","","","","312 Constitution Place Austin, TX 78767 USA","","","","","","","","(512) 757-6000","(512) 757-9000","(512) 757-4561","","","","","sean@edge.com","CFO","Finance","","Trade Show","1949-01-16 00:00:00","","0055i000001ydTWAAY","0","0","0","2022-05-09 16:07:09","0055i000001ydTWAAY","2022-05-09 16:07:09","0055i000001ydTWAAY","2022-05-09 16:07:09","","","","","","","","Pending","","","","","Secondary","English"
"0035i000005ssgPAAQ","0","","0015i000006YHT4AAO","Mr.","Jack","Rogers","","","","","","","","","525 S. Lexington Ave","Burlington","NC","27215","USA","","","","(336) 222-7000","(336) 222-8000","","","","","","jrogers@burlington.com","VP, Facilities","","","Web","","","0055i000001ydTWAAY","0","0","0","2022-05-09 16:07:09","0055i000001ydTWAAY","2022-05-09 16:07:09","0055i000001ydTWAAY","2022-05-09 16:07:09","","","","","","","","Pending","","","","","",""
"0035i000005ssgQAAQ","0","","0015i000006YHT5AAO","Ms.","Pat","Stumuller","2 Place Jussieu","Paris","","75251","France","","","","2 Place Jussieu","Paris","","75251","France","","","","(014) 427-4427","(014) 427-4428","(014) 454-6364","","","(014) 427-4465","","pat@pyramid.net","SVP, Administration and Finance","Finance","Jean Marie","","","","0055i000001ydTWAAY","0","0","0","2022-05-09 16:07:09","0055i000001ydTWAAY","2022-05-09 16:07:09","0055i000001ydTWAAY","2022-05-09 16:07:09","","","","","","","","Pending","","","","","Primary","French, English"
"0035i000005ssgRAAQ","0","","0015i000006YHT6AAO","Mr","Andy","Young","1301 Hoch Drive","Lawrence","KS","66045","USA","","","","1301 Hoch Drive","Lawrence","KS","66045","USA","","","","(785) 241-6200","","(785) 265-5350","","","","","a_young@dickenson.com","SVP, Operations","Internal Operations","","Purchased List","","","0055i000001ydTWAAY","0","0","0","2022-05-09 16:07:09","0055i000001ydTWAAY","2022-05-09 16:07:09","0055i000001ydTWAAY","2022-06-19 16:31:57","2022-06-19 00:00:00","","","554 5.7.1 <a_young@dickenson.com>: Recipient address rejected: user a_young@dickenson.com does not exist","2022-06-19 16:31:57","","","Pending","","","","","Primary","English"
"0035i000005ssgSAAQ","0","","0015i000006YHT7AAO","Mr.","Tim","Barr","","","","","","","","","2335 N. Michigan Avenue, Suite 1500 Chicago, IL 60601, USA","","","","","","","","(312) 596-1000","(312) 596-1500","(312) 596-1230","","","","","barr_tim@grandhotels.com","SVP, Administration and Finance","Finance","","External Referral","1955-12-15 00:00:00","","0055i000001ydTWAAY","0","0","0","2022-05-09 16:07:09","0055i000001ydTWAAY","2022-05-09 16:07:09","0055i000001ydTWAAY","2022-05-09 16:07:09","","","","","","","","Pending","","","","","Secondary","English"
"0035i000005ssgTAAQ","0","","0015i000006YHT7AAO","Mr.","John","Bond","","","","","","","","","2334 N. Michigan Avenue, Suite 1500 Chicago, IL 60601, USA","","","","","","","","(312) 596-1000","(312) 596-1500","(312) 596-1563","","","","","bond_john@grandhotels.com","VP, Facilities","Facilities","","External Referral","1958-02-25 00:00:00","","0055i000001ydTWAAY","0","0","0","2022-05-09 16:07:09","0055i000001ydTWAAY","2022-05-09 16:07:09","0055i000001ydTWAAY","2022-05-09 16:07:09","","","","","","","","Pending","","","","","Primary","English"
"0035i000005ssgUAAQ","0","","0015i000006YHT8AAO","Ms.","Stella","Pavlova","","","","","","","","","1303 Avenue of the Americas  New York, NY 10019 USA","","","","","","","","(212) 842-5500","(212) 842-5501","(212) 842-5501","","(212) 842-5543","(212) 842-5589","","spavlova@uog.com","SVP, Production","Production","Audrey Haynes","Public Relations","1945-08-11 00:00:00","","0055i000001ydTWAAY","0","0","0","2022-05-09 16:07:09","0055i000001ydTWAAY","2022-05-09 16:07:09","0055i000001ydTWAAY","2022-05-09 16:07:09","","","","","","","","Pending","","","","","Tertiary","English"
"0035i000005ssgVAAQ","0","","0015i000006YHT8AAO","Ms.","Lauren","Boyle","","","","","","","","","1304 Avenue of the Americas  New York, NY 10019 USA","","","","","","","","(212) 842-5500","(212) 842-5501","(212) 842-5611","","","","","lboyle@uog.com","SVP, Technology","Technology","","Public Relations","1962-09-24 00:00:00","","0055i000001ydTWAAY","0","0","0","2022-05-09 16:07:09","0055i000001ydTWAAY","2022-05-09 16:07:09","0055i000001ydTWAAY","2022-05-09 16:07:09","","","","","","","","Pending","","","","","Secondary","English"
"0035i000005ssgWAAQ","0","","0015i000006YHT9AAO","Ms.","Babara","Levy","","","","","","","","","620 SW 5th Avenue Suite 400 Portland, Oregon 97204 United States","","","","","","","","(503) 421-7800","(503) 421-7801","(503) 421-5451","","","(503) 421-6782","","b.levy@expressl&t.net","SVP, Operations","Operations","Ron Sage","Word of mouth","1939-03-28 00:00:00","","0055i000001ydTWAAY","0","0","0","2022-05-09 16:07:09","0055i000001ydTWAAY","2022-05-09 16:07:09","0055i000001ydTWAAY","2022-05-09 16:07:09","","","","","","","","Pending","","","","","Primary","English"
"0035i000005ssgXAAQ","0","","0015i000006YHT9AAO","Mr.","Josh","Davis","","","","","","","","","621 SW 5th Avenue Suite 400 Portland, Oregon 97204 United States","","","","","","","","(503) 421-7800","(503) 421-7801","(503) 421-4387","","","","","j.davis@expressl&t.net","Director, Warehouse Mgmt","Warehouse Mgmt","","Word of mouth","1950-07-22 00:00:00","","0055i000001ydTWAAY","0","0","0","2022-05-09 16:07:09","0055i000001ydTWAAY","2022-05-09 16:07:09","0055i000001ydTWAAY","2022-05-09 16:07:09","","","","","","","","Pending","","","","","Secondary","English"
"0035i000005ssgYAAQ","0","","0015i000006YHTAAA4","Ms.","Jane","Grey","","","","","","","","","888 N Euclid  Hallis Center, Room 501 Tucson, AZ 85721 United States","","","","","","","","(520) 773-9050","(520) 773-9060","(520) 773-4539","","","","","jane_gray@uoa.edu","Dean of Administration","Administration","","Word of mouth","1946-06-08 00:00:00","","0055i000001ydTWAAY","0","0","0","2022-05-09 16:07:09","0055i000001ydTWAAY","2022-05-09 16:07:09","0055i000001ydTWAAY","2022-05-09 16:07:09","","","","","","","","Pending","","","","","Primary","English"
"0035i000005ssgZAAQ","0","","0015i000006YHT8AAO","Mr.","Arthur","Song","","","","","","","","","1301 Avenue of the Americas  New York, NY 10019 USA","","","","","","","","(212) 842-5500","(212) 842-5501","(212) 842-4535","","","(212) 842-5464","","asong@uog.com","CEO","Executive Team","Pat Feinstein","Public Relations","1953-12-07 00:00:00","","0055i000001ydTWAAY","0","0","0","2022-05-09 16:07:09","0055i000001ydTWAAY","2022-05-09 16:07:09","0055i000001ydTWAAY","2022-05-09 16:07:09","","","","","","","","Pending","","","","","Secondary","English"
"0035i000005ssgaAAA","0","","0015i000006YHTBAA4","Ms.","Ashley","James","","","","","","","","","Kings Park, 17th Avenue, Team Valley Trading Estate, Gateshead, Tyne and Wear NE26 3HS United Kingdom","","","","","","","","+44 191 4956203","+44 191 4956620","+44 191 3456234","","","","","ajames@uog.com","VP, Finance","Finance","","Public Relations","1948-08-16 00:00:00","","0055i000001ydTWAAY","0","0","0","2022-05-09 16:07:09","0055i000001ydTWAAY","2022-05-09 16:07:09","0055i000001ydTWAAY","2022-05-09 16:07:09","","","","","","","","Pending","","","","","Primary","English"
"0035i000005ssgbAAA","0","","0015i000006YHTCAA4","Mr.","Tom","Ripley","","","","","","","","","9 Tagore Lane Singapore, Singapore 787472 Singapore","","","","","","","","(650) 450-8810","(650) 450-8820","(650) 345-7636","","","","","tripley@uog.com","Regional General Manager","Executive Team","","Public Relations","1952-10-13 00:00:00","","0055i000001ydTWAAY","0","0","0","2022-05-09 16:07:09","0055i000001ydTWAAY","2022-05-09 16:07:09","0055i000001ydTWAAY","2022-05-09 16:07:09","","","","","","","","Pending","","","","","Primary","English"
"0035i000005ssgcAAA","0","","0015i000006YHTCAA4","Ms.","Liz","D'Cruz","","","","","","","","","10 Tagore Lane Singapore, Singapore 787472 Singapore","","","","","","","","(650) 450-8810","(650) 450-8820","(650) 345-6637","","","","","ldcruz@uog.com","VP, Production","Production","","Public Relations","1964-01-24 00:00:00","","0055i000001ydTWAAY","0","0","0","2022-05-09 16:07:09","0055i000001ydTWAAY","2022-05-09 16:07:09","0055i000001ydTWAAY","2022-05-09 16:07:09","","","","","","","","Pending","","","","","Secondary","English"
"0035i000005ssgdAAA","0","","0015i000006YHTDAA4","Ms.","Edna","Frank","","","","","","","","","345 Shoreline Park Mountain View, CA 94043 USA","","","","","","","","(650) 867-3450","(650) 867-9895","(650) 867-7686","","","","","efrank@genepoint.com","VP, Technology","Technology","","Partner","1944-06-30 00:00:00","","0055i000001ydTWAAY","0","0","0","2022-05-09 16:07:09","0055i000001ydTWAAY","2022-05-09 16:07:09","0055i000001ydTWAAY","2022-05-09 16:07:09","","","","","","","","Pending","","","","","Primary","English"
"0035i000005ssgeAAA","0","","0015i000006YHT8AAO","Mr.","Avi","Green","","","","","","","","","1302 Avenue of the Americas  New York, NY 10019 USA","","","","","","","","(212) 842-5500","(212) 842-5501","(212) 842-2383","","","(212) 842-5428","","agreen@uog.com","CFO","Finance","Chris Nobel","Public Relations","1935-11-18 00:00:00","","0055i000001ydTWAAY","0","0","0","2022-05-09 16:07:09","0055i000001ydTWAAY","2022-05-09 16:07:09","0055i000001ydTWAAY","2022-05-09 16:07:09","","","","","","","","Pending","","","","","Primary","English"
"0035i000005ssgfAAA","0","","0015i000006YHTEAA4","Ms.","Siddartha","Nedaerk","","","","","","","","","The Landmark @ One Market","San Francisco","CA","94087","US","","","","","","","","","","","","","","","","","","0055i000001ydTWAAY","0","0","0","2022-05-09 16:07:09","0055i000001ydTWAAY","2022-05-09 16:07:09","0055i000001ydTWAAY","2022-05-09 16:07:09","","","","","","","","Pending","","","","","",""
"0035i000005ssggAAA","0","","0015i000006YHTEAA4","Mr.","Jake","Llorrac","","","","","","","","","","","","","","","","","","","","","","","","","","","","","","","0055i000001ydTWAAY","0","0","0","2022-05-09 16:07:09","0055i000001ydTWAAY","2022-05-09 16:07:09","0055i000001ydTWAAY","2022-05-09 16:07:09","","","","","","","","Pending","","","","","",""
"0035i000005ssghAAA","0","","0015i000006YHTFAA4","Mr.","Donnie","Fernando","","","","","","","","","456 Main Street","San Diego","CA","92037","United States","","","","(987) 654-3210","","","","","","","dfernando@fernandoestate.com","Executor","","","","","","0055i000001ydTWAAY","0","0","0","2022-05-09 16:07:09","0055i000001ydTWAAY","2022-05-09 16:07:09","0055i000001ydTWAAY","2022-05-09 16:07:09","","","","","","","","Pending","000000000000000AAA","","","","",""
"0035i000005ssgiAAA","0","","0015i000006YHTGAA4","Mr.","Joachim","Klein","","","","","","","","","9 Maple Ave","Darien","CT","06820","United States","","","","(203) 654-0987","","","","","","","joachim@kleinmanor.com","Owner","","","","","","0055i000001ydTWAAY","0","0","0","2022-05-09 16:07:09","0055i000001ydTWAAY","2022-05-09 16:07:09","0055i000001ydTWAAY","2022-05-09 16:07:09","","","","","","","","Pending","000000000000000AAA","","","","",""
"0035i000005ssgjAAA","0","","0015i000006YHTHAA4","Mr.","Kevin","Papp","","","","","","","","","205 Wacker Drive","Chicago","IL","60606","United States","","","","(312) 201-1337","","","","","","","kpapp@kpappinc.com","Owner","","","","","","0055i000001ydTWAAY","0","0","0","2022-05-09 16:07:09","0055i000001ydTWAAY","2022-05-09 16:07:09","0055i000001ydTWAAY","2022-05-09 16:07:09","","","","","","","","Pending","000000000000000AAA","","","","",""
"0035i000005ssgkAAA","0","","0015i000006YHTIAA4","Mr.","Godard","Willing","","","","","","","","","570 Cake Look Rd","Fawnfield","IL","60015","United States","","","","(847) 404-2011","","","","","","","ashwanipandey26mar1993@gmail.com","CEO","","","","","","0055i000001ydTWAAY","0","0","0","2022-05-09 16:07:09","0055i000001ydTWAAY","2022-06-15 06:13:02","0055i000001ydTWAAY","2022-06-15 06:17:59","2022-06-14 00:00:00","","","","","","","Pending","000000000000000AAA","","","","",""
"0035i000005ssglAAA","0","","0015i000006YHTJAA4","Mrs.","Leah","Jackson","","","","","","","","","1010 N Lincoln Memorial Dr","Milwaukee","WI","53202","United States","","","","(414) 555-0860","","","","","","","ljackson@milwaukeedistributedhealth.com","CEO","","","","","","0055i000001ydTWAAY","0","0","0","2022-05-09 16:07:09","0055i000001ydTWAAY","2022-05-09 16:07:09","0055i000001ydTWAAY","2022-05-09 16:07:09","","","","","","","","Pending","000000000000000AAA","","","","",""
"0035i000005ssgmAAA","0","","0015i000006YHTKAA4","Mr.","Philip","Cleverham","","","","","","","","","Watermans Business Park Staines TW18 3BA","Staines","London","","United Kingdom","","","","+49 (69) 2475 0 5150","","","","","","","pcleverham@cleverhamholdings.com","Owner","","","","","","0055i000001ydTWAAY","0","0","0","2022-05-09 16:07:09","0055i000001ydTWAAY","2022-05-09 16:07:09","0055i000001ydTWAAY","2022-05-09 16:07:09","","","","","","","","Pending","000000000000000AAA","","","","",""
"0035i0000067GNKAA2","0","","0015i000006YHT4AAO","","","sandeep","","","","","","","","","525 S. Lexington Ave","Burlington","NC","27215","USA","","","","","","","","","","","","","","","","","","0055i000001ydTWAAY","0","0","0","2022-06-20 10:00:58","0055i000001ydTWAAY","2022-06-20 10:00:58","0055i000001ydTWAAY","2022-06-20 10:00:58","","","","","","","","Pending","000000000000000AAA","","","","",""
"0035i00000FNFsLAAX","0","","0015i000006d8lUAAQ","Mr.","Shiva","Shankar","","","","","","","","","","Hyderabad","TG","","INDIA","","","","9133239254","","","","","","","","","","","","","","0055i000001ydTWAAY","0","0","0","2022-11-29 06:53:22","0055i000001ydTWAAY","2022-11-29 06:53:22","0055i000001ydTWAAY","2022-11-29 06:53:22","","","","","","","","Pending","000000000000000AAA","","","","",""
"0035i00000FNFsMAAX","0","","0015i00000SbBMvAAN","Dr.","","Karthik Kaur","","","","","","","","","","","","","","","","","9638527410","","","","","","","","","","","","","","0055i000001ydTWAAY","0","0","0","2022-11-29 07:04:24","0055i000001ydTWAAY","2022-11-29 07:45:01","0055i000001ydTWAAY","2022-11-29 07:45:01","","","","","","","","Pending","000000000000000AAA","","","","",""
