"Id","OwnerId","IsDeleted","Name","CreatedDate","CreatedById","LastModifiedDate","LastModifiedById","SystemModstamp","Approval_Color__c","Approval_Level__c","Approver__c","Max_Disc__c","Min_Disc__c","Product_Family__c"
"a3r5i000001IOXaAAO","0055i000001ydTWAAY","0","HW-1 Manager","2022-06-17 11:21:30","0055i000001ydTWAAY","2022-06-21 07:00:21","0055i000001ydTWAAY","2022-06-21 07:00:21","Green","1","MANAGER","10","-1","Hardware"
"a3r5i000001IOXbAAO","0055i000001ydTWAAY","0","HW-5 Vp Sales","2022-06-17 11:22:54","0055i000001ydTWAAY","2022-06-21 07:01:43","0055i000001ydTWAAY","2022-06-21 07:01:43","Yellow","2","VP SALES","15","10","Hardware"
"a3r5i000001IOXfAAO","0055i000001ydTWAAY","0","HW-3 Finance","2022-06-17 11:24:39","0055i000001ydTWAAY","2022-06-21 07:01:03","0055i000001ydTWAAY","2022-06-21 07:01:03","Red","3","FINANCE","20","15","Hardware"
"a3r5i000001IOXgAAO","0055i000001ydTWAAY","0","SW-1 Manager","2022-06-17 11:28:30","0055i000001ydTWAAY","2022-06-21 07:03:30","0055i000001ydTWAAY","2022-06-21 07:03:30","Green","1","MANAGER","10","-1","Software"
"a3r5i000001IOXkAAO","0055i000001ydTWAAY","0","HW-4 Legal","2022-06-17 11:25:55","0055i000001ydTWAAY","2022-06-21 07:01:21","0055i000001ydTWAAY","2022-06-21 07:01:21","Black","4","LEGAL","30","20","Hardware"
"a3r5i000001IOXpAAO","0055i000001ydTWAAY","0","HW-2 Deal Desk","2022-06-17 11:27:48","0055i000001ydTWAAY","2022-06-21 07:00:45","0055i000001ydTWAAY","2022-06-21 07:00:45","Blue","5","DEAL DESK","101","30","Hardware"
"a3r5i000001IOXuAAO","0055i000001ydTWAAY","0","SW-5 Vp Sales","2022-06-17 11:28:56","0055i000001ydTWAAY","2022-06-21 07:03:11","0055i000001ydTWAAY","2022-06-21 07:03:11","Yellow","2","VP SALES","15","10","Software"
"a3r5i000001IOXvAAO","0055i000001ydTWAAY","0","SW-3 Finance","2022-06-17 11:29:16","0055i000001ydTWAAY","2022-06-21 07:02:46","0055i000001ydTWAAY","2022-06-21 07:02:46","Red","3","FINANCE","20","15","Software"
"a3r5i000001IOXwAAO","0055i000001ydTWAAY","0","SW-2 Deal Desk","2022-06-17 11:30:11","0055i000001ydTWAAY","2022-06-21 07:02:31","0055i000001ydTWAAY","2022-06-21 07:02:31","Blue","5","DEAL DESK","101","30","Software"
"a3r5i000001IOXzAAO","0055i000001ydTWAAY","0","SW-4 Legal","2022-06-17 11:29:43","0055i000001ydTWAAY","2022-06-21 07:02:59","0055i000001ydTWAAY","2022-06-21 07:02:59","Black","4","LEGAL","30","20","Software"
