"Id","IsDeleted","ParentId","ParentSobjectType","CreatedById","CreatedDate","FieldName","DataType","OldvalString","NewvalString","OldvalFirstName","NewvalFirstName","OldvalLastName","NewvalLastName","OldvalNumber","NewvalNumber","OldvalDate","NewvalDate"
"0175i0000DWBp5sAQD","0","a0q5i000002ksPYAAY","Quote","0055i000001ydTWAAY","2023-05-10 18:57:17","createText","S","","","","","","","","","",""
"0175i0000DWBp5tAQD","0","a0q5i000002ksPYAAY","Quote","0055i000001ydTWAAY","2023-05-10 18:57:17","00N5i000005MiUB","S","","","","ccx","","restaurant","","","",""
"0175i0000DWBpRAAQ1","0","a0q5i000002ksPYAAY","Quote","0055i000001ydTWAAY","2023-05-10 18:57:17","00N5i000005MiUB","Y","","0055i000001ydTW","","","","","","","",""
"0175i0000DWBpRBAQ1","0","a0q5i000002ksPYAAY","Quote","0055i000001ydTWAAY","2023-05-10 18:57:17","00N5i000005MiUL","N","","","","","","","","12","",""
"0175i0000DWCQpKAQX","0","a0q5i000000cAitAAE","Quote","0055i000001ydTWAAY","2023-05-10 20:02:54","00N5i000005MiUL","N","","","","","","","1","3","",""
"0175i0000DWCQvvAQH","0","a0q5i000000cAitAAE","Quote","0055i000001ydTWAAY","2023-05-10 19:59:02","00N5i000005MiUL","N","","","","","","","","1","",""
"0175i0000DWCRH9AQP","0","a0q5i000000cAitAAE","Quote","0055i000001ydTWAAY","2023-05-10 20:01:19","00N5i000005MiUL","N","","","","","","","1","2","",""
"0175i0000DWCRV8AQP","0","a0q5i000000cAitAAE","Quote","0055i000001ydTWAAY","2023-05-10 20:02:45","00N5i000005MiUL","N","","","","","","","2","1","",""
"0175i0000DWCSQNAQ5","0","a0m5i000000rkgtAAA","QuoteLine","0055i000001ydTWAAY","2023-05-10 20:10:39","createText","S","","","","","","","","","",""
"0175i0000DWCSkiAQH","0","a0q5i000000cAitAAE","Quote","0055i000001ydTWAAY","2023-05-10 20:09:54","00N5i000005MiUL","N","","","","","","","3","","",""
"0175i0000DWCTZiAQP","0","1315i000000tMqpAAE","Location","0055i000001ydTWAAY","2023-05-10 20:15:56","createText","S","","","","","","","","","",""
"0175i0000DWCTmAAQX","0","a1b5i000000gAGjAAM","Active_Locations","0055i000001ydTWAAY","2023-05-10 20:18:50","createText","S","","","","","","","","","",""
"0175i0000DWCUW6AQP","0","a0q5i000002ksPdAAI","Quote","0055i000001ydTWAAY","2023-05-10 20:23:49","createText","S","","","","","","","","","",""
"0175i0000DWCUW7AQP","0","a0q5i000002ksPdAAI","Quote","0055i000001ydTWAAY","2023-05-10 20:23:49","00N5i000005MiUB","S","","","","ccx","","restaurant","","","",""
"0175i0000DWCUW8AQP","0","a0q5i000002ksPdAAI","Quote","0055i000001ydTWAAY","2023-05-10 20:23:49","00N5i000005MiUB","Y","","0055i000001ydTW","","","","","","","",""
"0175i0000DWCUW9AQP","0","a0q5i000002ksPdAAI","Quote","0055i000001ydTWAAY","2023-05-10 20:23:49","00N5i000005MiUL","N","","","","","","","","12","",""
"0175i0000DWCUdGAQX","0","a0q5i000002ksPdAAI","Quote","0055i000001ydTWAAY","2023-05-10 20:24:27","00N5i000005MiUL","N","","","","","","","12","1","",""
"0175i0000DWD8WtAQL","0","1315i000000tMv7AAE","Location","0055i000001ydTWAAY","2023-05-11 05:32:15","createText","S","","","","","","","","","",""
"0175i0000DWDAPzAQP","0","1315i000000tMv2AAE","Location","0055i000001ydTWAAY","2023-05-11 05:15:30","createText","S","","","","","","","","","",""
"0175i0000DWDAQ0AQP","0","a1b5i000000gAL6AAM","Active_Locations","0055i000001ydTWAAY","2023-05-11 05:15:30","createText","S","","","","","","","","","",""
"0175i0000DYAtDqAQL","0","a1b5i000000gALGAA2","Active_Locations","0055i000001ydTWAAY","2023-05-11 05:32:26","createText","S","","","","","","","","","",""
"0175i0000DYAuwbAQD","0","a1b5i000000gALRAA2","Active_Locations","0055i000001ydTWAAY","2023-05-11 05:41:52","createText","S","","","","","","","","","",""
"0175i0000DYAvUXAQ1","0","a0q5i000002ksPdAAI","Quote","0055i000001ydTWAAY","2023-05-11 05:52:31","00N5i000005MiUL","N","","","","","","","10","12","",""
"0175i0000DYAwRMAQ1","0","a0q5i000002ksPdAAI","Quote","0055i000001ydTWAAY","2023-05-11 05:52:06","00N5i000005MiUL","N","","","","","","","1","10","",""
"0175i0000DYAz9oAQD","0","a0q5i000002ksZuAAI","Quote","0055i000001ydTWAAY","2023-05-11 06:07:57","createText","S","","","","","","","","","",""
"0175i0000DYAz9pAQD","0","a0q5i000002ksZuAAI","Quote","0055i000001ydTWAAY","2023-05-11 06:07:57","00N5i000005MiUB","S","","","","ccx","","restaurant","","","",""
"0175i0000DYAzaOAQT","0","a0q5i000002ksZuAAI","Quote","0055i000001ydTWAAY","2023-05-11 06:07:57","00N5i000005MiUB","Y","","0055i000001ydTW","","","","","","","",""
"0175i0000DYAzaPAQT","0","a0q5i000002ksZuAAI","Quote","0055i000001ydTWAAY","2023-05-11 06:07:57","00N5i000005MiUL","N","","","","","","","","12","",""
"0175i0000DYC7axAQD","0","a0q5i000002ksjhAAA","Quote","0055i000001ydTWAAY","2023-05-11 09:22:21","createText","S","","","","","","","","","",""
"0175i0000DYC7ayAQD","0","a0q5i000002ksjhAAA","Quote","0055i000001ydTWAAY","2023-05-11 09:22:21","00N5i000005MiUB","S","","","","ccx","","restaurant","","","",""
"0175i0000DYC7azAQD","0","a0q5i000002ksjhAAA","Quote","0055i000001ydTWAAY","2023-05-11 09:22:21","00N5i000005MiUB","Y","","0055i000001ydTW","","","","","","","",""
"0175i0000DYC7b0AQD","0","a0q5i000002ksjhAAA","Quote","0055i000001ydTWAAY","2023-05-11 09:22:21","00N5i000005MiUL","N","","","","","","","","12","",""
"0175i0000DYCC2tAQH","0","a0q5i000002ksnuAAA","Quote","0055i000001ydTWAAY","2023-05-11 09:33:39","createText","S","","","","","","","","","",""
"0175i0000DYCC2uAQH","0","a0q5i000002ksnuAAA","Quote","0055i000001ydTWAAY","2023-05-11 09:33:39","00N5i000005MiUB","S","","","","ccx","","restaurant","","","",""
"0175i0000DYCC2vAQH","0","a0q5i000002ksnuAAA","Quote","0055i000001ydTWAAY","2023-05-11 09:33:39","00N5i000005MiUB","Y","","0055i000001ydTW","","","","","","","",""
"0175i0000DYCC2wAQH","0","a0q5i000002ksnuAAA","Quote","0055i000001ydTWAAY","2023-05-11 09:33:39","00N5i000005MiUL","N","","","","","","","1","12","",""
"0175i0000DYCRhmAQH","0","a0q5i000002ksnuAAA","Quote","0055i000001ydTWAAY","2023-05-11 10:18:10","00N5i000005MiUL","N","","","","","","","11","12","",""
"0175i0000DYCSExAQP","0","a0q5i000002ksnuAAA","Quote","0055i000001ydTWAAY","2023-05-11 10:17:59","00N5i000005MiUL","N","","","","","","","12","11","",""
"0175i0000HHpHOMAQ3","0","a0l5i00000AjBqJAAV","QuoteLineGroup","0055i000001ydTWAAY","2023-09-06 11:37:38","createText","S","","","","","","","","","",""
"0175i0000HHpHONAQ3","0","a0m5i000006ZHnrAAG","QuoteLine","0055i000001ydTWAAY","2023-09-06 11:37:38","createText","S","","","","","","","","","",""
