"Id","TableEnumOrId","FieldEnumOrId","CreatedById","CreatedDate"
"0G15i000000bsCDCAY","01I5i000000dFOX","000000000000000","0055i000001ydTWAAY","2022-06-16 07:57:05"
"0G15i000000bsCECAY","01I5i000000dFOX","00N5i000008CEh1","0055i000001ydTWAAY","2022-06-16 07:57:15"
"0G15i000000bsCFCAY","01I5i000000dFOX","00N5i000008CEhX","0055i000001ydTWAAY","2022-06-16 07:57:16"
"0G15i000001cfhqCAA","Account","00N5i000005MiDZ","0055i000001ydTWAAY","2022-05-09 16:07:09"
"0G15i000001cfhrCAA","Account","Name","0055i000001ydTWAAY","2022-05-09 16:07:09"
"0G15i000001cfhsCAA","Account","Owner","0055i000001ydTWAAY","2022-05-09 16:07:09"
"0G15i000001cfhtCAA","Account","000000000000000","0055i000001ydTWAAY","2022-05-09 16:07:09"
"0G15i000001cfhuCAA","Contact","Account","0055i000001ydTWAAY","2022-05-09 16:07:09"
"0G15i000001cfhvCAA","Contact","Name","0055i000001ydTWAAY","2022-05-09 16:07:09"
"0G15i000001cfhwCAA","Contact","Owner","0055i000001ydTWAAY","2022-05-09 16:07:09"
"0G15i000001cfhxCAA","Contact","000000000000000","0055i000001ydTWAAY","2022-05-09 16:07:09"
"0G15i000001cfhyCAA","Lead","Name","0055i000001ydTWAAY","2022-05-09 16:07:09"
"0G15i000001cfhzCAA","Lead","Status","0055i000001ydTWAAY","2022-05-09 16:07:09"
"0G15i000001cfi0CAA","Lead","Owner","0055i000001ydTWAAY","2022-05-09 16:07:09"
"0G15i000001cfi1CAA","Lead","000000000000000","0055i000001ydTWAAY","2022-05-09 16:07:09"
"0G15i000001cfi2CAA","Opportunity","Name","0055i000001ydTWAAY","2022-05-09 16:07:09"
"0G15i000001cfi3CAA","Opportunity","StageName","0055i000001ydTWAAY","2022-05-09 16:07:09"
"0G15i000001cfi4CAA","Opportunity","Amount","0055i000001ydTWAAY","2022-05-09 16:07:09"
"0G15i000001cfi5CAA","Opportunity","CloseDate","0055i000001ydTWAAY","2022-05-09 16:07:09"
"0G15i000001cfi6CAA","Opportunity","Owner","0055i000001ydTWAAY","2022-05-09 16:07:09"
"0G15i000001cfi7CAA","Opportunity","000000000000000","0055i000001ydTWAAY","2022-05-09 16:07:09"
"0G15i000001cfi8CAA","Case","Priority","0055i000001ydTWAAY","2022-05-09 16:07:09"
"0G15i000001cfi9CAA","Case","Owner","0055i000001ydTWAAY","2022-05-09 16:07:09"
"0G15i000001cfiACAQ","Case","000000000000000","0055i000001ydTWAAY","2022-05-09 16:07:09"
"0G15i000001cfiBCAQ","ContentDocument","000000000000000","0055i000001ydTWAAY","2022-05-09 16:07:09"
"0G15i000001cfiCCAQ","CollaborationGroup","Name","0055i000001ydTWAAY","2022-05-09 16:07:09"
"0G15i000001cfiDCAQ","CollaborationGroup","Owner","0055i000001ydTWAAY","2022-05-09 16:07:09"
"0G15i000001cfiECAQ","CollaborationGroup","CollaborationType","0055i000001ydTWAAY","2022-05-09 16:07:09"
"0G15i000001cfiFCAQ","CollaborationGroup","Description","0055i000001ydTWAAY","2022-05-09 16:07:09"
"0G15i000001cfiGCAQ","CollaborationGroup","InformationTitle","0055i000001ydTWAAY","2022-05-09 16:07:09"
"0G15i000001cfiHCAQ","CollaborationGroup","InformationBody","0055i000001ydTWAAY","2022-05-09 16:07:09"
"0G15i000001cfiICAQ","CollaborationGroup","CanHaveGuests","0055i000001ydTWAAY","2022-05-09 16:07:09"
"0G15i000001cfiJCAQ","CollaborationGroup","000000000000000","0055i000001ydTWAAY","2022-05-09 16:07:09"
"0G15i000001cfiKCAQ","Site","000000000000000","0055i000001ydTWAAY","2022-05-09 16:07:09"
"0G15i000001cfiLCAQ","Topic","000000000000000","0055i000001ydTWAAY","2022-05-09 16:07:09"
"0G15i000001cfiMCAQ","User","Title","0055i000001ydTWAAY","2022-05-09 16:07:09"
"0G15i000001cfiNCAQ","User","Address","0055i000001ydTWAAY","2022-05-09 16:07:09"
"0G15i000001cfiOCAQ","User","Email","0055i000001ydTWAAY","2022-05-09 16:07:09"
"0G15i000001cfiPCAQ","User","Phone","0055i000001ydTWAAY","2022-05-09 16:07:09"
"0G15i000001cfiQCAQ","User","Manager","0055i000001ydTWAAY","2022-05-09 16:07:09"
"0G15i000001cfiRCAQ","User","AboutMe","0055i000001ydTWAAY","2022-05-09 16:07:09"
"0G15i000001cfiSCAQ","User","000000000000000","0055i000001ydTWAAY","2022-05-09 16:07:09"
"0G15i000001cfiTCAQ","SOSSession","000000000000000","0055i000001ydTWAAY","2022-05-09 16:07:09"
"0G15i000001cfiUCAQ","ProfileSkill","Name","0055i000001ydTWAAY","2022-05-09 16:07:09"
"0G15i000001cfiVCAQ","ProfileSkill","Description","0055i000001ydTWAAY","2022-05-09 16:07:09"
"0G15i000001cfiWCAQ","ProfileSkill","000000000000000","0055i000001ydTWAAY","2022-05-09 16:07:09"
"0G15i000001cfiXCAQ","WorkCoaching","000000000000000","0055i000001ydTWAAY","2022-05-09 16:07:09"
"0G15i000001cfiYCAQ","WorkGoal","000000000000000","0055i000001ydTWAAY","2022-05-09 16:07:09"
"0G15i000001cfiZCAQ","Goal","000000000000000","0055i000001ydTWAAY","2022-05-09 16:07:09"
"0G15i000001cfiaCAA","Metric","000000000000000","0055i000001ydTWAAY","2022-05-09 16:07:09"
"0G15i000001cfibCAA","WorkPerformanceCycle","000000000000000","0055i000001ydTWAAY","2022-05-09 16:07:09"
"0G15i000001cficCAA","WorkFeedbackRequest","000000000000000","0055i000001ydTWAAY","2022-05-09 16:07:09"
"0G15i000001cfidCAA","WorkUpgradeAction","000000000000000","0055i000001ydTWAAY","2022-05-09 16:07:09"
"0G15i000001cfieCAA","WorkUpgradeCustomer","000000000000000","0055i000001ydTWAAY","2022-05-09 16:07:09"
"0G15i000001cfifCAA","Topic","Description","0055i000001ydTWAAY","2022-05-09 16:07:09"
