"Id","FeedItemId","ParentId","Type","CreatedById","CreatedDate","SystemModstamp","Title","Body","LinkUrl","IsDeleted","ContentId","RelatedRecordId","InsertedById","IsRichText"
"0F75i000002t92rCAA","0D55i00000UF0rVCAT","0055i000001ydTWAAY","TextPost","0055i000001ydTWAAY","2022-05-13 11:06:13","2022-05-13 11:06:13","","<p>Hi  R365 Team!!! </p><p>Welcome</p>","","0","000000000000000AAA","000000000000000AAA","0055i000001ydTWAAY","1"
"0F75i000002t98eCAA","0D55i00000UF1aXCAT","0055i000001ydTWAAY","TextPost","0055i000001ydTWAAY","2022-05-13 11:33:40","2022-05-13 11:33:40","","<p> In Product Name:Additional State reporting,</p><p>Lauras Pricing is  new  Product add  to SF,How to do this Maam</p>","","0","000000000000000AAA","000000000000000AAA","0055i000001ydTWAAY","1"
"0F75i000002tA4vCAE","0D55i00000UFCsVCAX","0055i000001ydTWAAY","TextPost","0055i000001ydTWAAY","2022-05-14 05:17:42","2022-05-14 05:17:42","","<p> In Product Name:<b>Standard Implementation,</b>Lauras Pricing is </p><p>Calculated as base fee + multiple - see Pricing Quote Generator. This has been updated recently to a 3.3 multiple.How to Implement this Mam</p><p>�</p>","","0","000000000000000AAA","000000000000000AAA","0055i000001ydTWAAY","1"
"0F75i000002tAC1CAM","0D55i00000UFE9nCAH","0055i000001ydTWAAY","LinkPost","0055i000001ydTWAAY","2022-05-14 06:34:18","2022-05-14 06:34:18","trailhead.salesforce.com","<p><a href=""https://trailhead.salesforce.com/en/users/blesem/trailmixes/cpq-billing"" alt=""https://trailhead.salesforce.com/en/users/blesem/trailmixes/cpq-billing"" target=""_blank"">Please refer the following link for further billing.</a></p><p>�</p>","https://trailhead.salesforce.com/en/users/blesem/trailmixes/cpq-billing","0","000000000000000AAA","000000000000000AAA","0055i000001ydTWAAY","1"
"0F75i000002tdG2CAI","0D55i00000Wg5qPCAR","0055i000001ydTWAAY","LinkPost","0055i000001ydTWAAY","2022-05-25 11:06:47","2022-05-25 11:06:47","help.salesforce.com","<p>https://help.salesforce.com/s/articleView?id=sf.cpq_linking_custom_action.htm&amp;type=5</p>","https://help.salesforce.com/s/articleView?id=sf.cpq_linking_custom_action.htm&type=5","0","000000000000000AAA","000000000000000AAA","0055i000001ydTWAAY","1"
"0F75i000002tdGbCAI","0D55i00000Wg5UECAZ","0055i000001ydTWAAY","LinkPost","0055i000001ydTWAAY","2022-05-25 11:09:46","2022-05-25 11:09:46","milomassimo.com","<p>https://milomassimo.com/Salesforce-CPQ-Creating-Dynamic-Custom-Actions.html</p><p>&nbsp;</p>","https://milomassimo.com/Salesforce-CPQ-Creating-Dynamic-Custom-Actions.html","0","000000000000000AAA","000000000000000AAA","0055i000001ydTWAAY","1"
"0F75i000004Byn3CAC","0D55i00000dZCZHCA4","0055i000001ydTWAAY","LinkPost","0055i000001ydTWAAY","2022-06-17 04:43:00","2022-06-17 04:43:00","developer.salesforce.com","<p>https://developer.salesforce.com/forums/?id=9060G000000IAucQAG</p><p>&nbsp;</p>","https://developer.salesforce.com/forums/?id=9060G000000IAucQAG","0","000000000000000AAA","000000000000000AAA","0055i000001ydTWAAY","1"
"0F75i000004k4IGCAY","0D55i00000e9f5BCAQ","0055i000001ydTWAAY","LinkPost","0055i000001ydTWAAY","2022-06-20 06:40:35","2022-06-20 06:40:35","www.marksgroup.net","<p>https://www.marksgroup.net/blog/get-a-list-of-public-groups-in-your-organizations/</p><p>&nbsp;</p><p>&nbsp;</p>","https://www.marksgroup.net/blog/get-a-list-of-public-groups-in-your-organizations/","0","000000000000000AAA","000000000000000AAA","0055i000001ydTWAAY","1"
