"Id","OwnerId","IsDeleted","Name","CreatedDate","CreatedById","LastModifiedDate","LastModifiedById","SystemModstamp","DefinitionId","FlowDefinition","AssociatedRecordId","Description","Type","ProgressStatus","ScheduledStartDate","ErrorCode","ErrorDetails","FlowCategory","FlowSubcategory","IsPaused","FlowType","NamespacePrefix","ManageableState","ActiveVersionId","IsCitizenEnabled","FlowLabel","ApiName","InstalledPackageName"
"2aFJ3000000kgEWMAY","0055i000001ydTWAAY","0","Orchestration flow for Recurrence Scheduler","2024-06-15 18:01:01","0055i00000273PbAAI","2024-06-15 18:01:01","0055i00000273PbAAI","2024-06-15 18:01:01","","","","","Scheduled","InProgress","","","","","","0","SchdTrig","runtime_industries_recurrence","installed","","0","Orchestration flow for Recurrence Scheduler","Orch",""
"2aFJ3000000kgEXMAY","0055i000001ydTWAAY","0","Reset Password","2024-06-15 18:01:01","0055i00000273PbAAI","2024-06-15 18:01:01","0055i00000273PbAAI","2024-06-15 18:01:01","","","","","","InProgress","","","","","","0","Screen","setup_service_experience","installed","","0","Reset Password","Reset_Pwd",""
"2aFJ3000000kgEYMAY","0055i000001ydTWAAY","0","CMS: Submit Content for Review","2024-06-15 18:01:01","0055i00000273PbAAI","2024-06-15 18:01:01","0055i00000273PbAAI","2024-06-15 18:01:01","","","","Allows a content author to conditionally view a reviewer's feedback, provide revision comments, and submit a content variant for review.","","InProgress","","","","","","0","Screen","cms_orch","installed","","0","CMS: Submit Content for Review","CMS_ReviseContent",""
"2aFJ3000000kgEZMAY","0055i000001ydTWAAY","0","Close Change Request & Related Issues","2024-06-15 18:01:01","0055i00000273PbAAI","2024-06-15 18:01:01","0055i00000273PbAAI","2024-06-15 18:01:01","","","","Closes a Change Request and attempts to close its related Incidents, Problems, and Cases.","","Draft","","","","","","0","Screen","runtime_service_incident_mgmt","installed","","0","Close Change Request & Related Issues","CRRI",""
"2aFJ3000000kgEaMAI","0055i000001ydTWAAY","0","Return Item Flow","2024-06-15 18:01:01","0055i00000273PbAAI","2024-06-15 18:01:01","0055i00000273PbAAI","2024-06-15 18:01:01","","","","Order Management: Return order items after fulfillment.","","Draft","","","","","","0","Screen","runtime_commerce_oms","installed","","0","Return Item Flow","Return_Item",""
"2aFJ3000000kgFjMAI","0055i000001ydTWAAY","0","Create Order Summary Flow","2024-06-15 18:01:01","0055i00000273PbAAI","2024-06-15 18:01:01","0055i00000273PbAAI","2024-06-15 18:01:01","","","","Order Management: Create an Order Summary record from an order.","RecordAfterSave","Draft","","","","","","0","RecTrigAfterSave","runtime_commerce_oms","installed","","0","Create Order Summary Flow","Create_OS",""
"2aFJ3000000kgFkMAI","0055i000001ydTWAAY","0","CMS: Withdraw Review Request","2024-06-15 18:01:01","0055i00000273PbAAI","2024-06-15 18:01:01","0055i00000273PbAAI","2024-06-15 18:01:01","","","","Allows a content author to withdraw a review request in order to make changes to the underlying content variant.","","InProgress","","","","","","0","Screen","cms_orch","installed","","0","CMS: Withdraw Review Request","CMS_WithdrawReviewRequest",""
"2aFJ3000000kgFlMAI","0055i000001ydTWAAY","0","CMS: Review Content","2024-06-15 18:01:01","0055i00000273PbAAI","2024-06-15 18:01:01","0055i00000273PbAAI","2024-06-15 18:01:01","","","","Allows a content manager to conditionally view a content author's feedback, provide revision comments, and approve or request revisions of a content variant.","","InProgress","","","","","","0","Screen","cms_orch","installed","","0","CMS: Review Content","CMS_ReviewContent",""
"2aFJ3000000kgFmMAI","0055i000001ydTWAAY","0","Create a Case","2024-06-15 18:01:01","0055i00000273PbAAI","2024-06-15 18:01:01","0055i00000273PbAAI","2024-06-15 18:01:01","","","","","","InProgress","","","","","","0","Screen","setup_service_experience","installed","","0","Create a Case","Create_Case",""
"2aFJ3000000kgFnMAI","0055i000001ydTWAAY","0","CMS: Notify Content Author","2024-06-15 18:01:01","0055i00000273PbAAI","2024-06-15 18:01:01","0055i00000273PbAAI","2024-06-15 18:01:01","","","","Notifies the content author that their content variant has been approved, and allows the content author to conditionally view the final feedback for the content variant.","","InProgress","","","","","","0","Screen","cms_orch","installed","","0","CMS: Notify Content Author","CMS_NotifyRequester",""
"2aFJ3000000kgGNMAY","0055i000001ydTWAAY","0","Generate Payment Link","2024-06-15 18:01:01","0055i00000273PbAAI","2024-06-15 18:01:01","0055i00000273PbAAI","2024-06-15 18:01:01","","","","","","InProgress","","","","","","0","Screen","runtime_payments","installed","","0","Generate Payment Link","GeneratePaymentLink",""
"2aFJ3000000kgGOMAY","0055i000001ydTWAAY","0","Recurrence Schedule Flow","2024-06-15 18:01:02","0055i00000273PbAAI","2024-06-15 18:01:02","0055i00000273PbAAI","2024-06-15 18:01:02","","","","Flow for creating object items from Recurrence Scheduler Records","","InProgress","","","","","","0","AutolnchNoTrig","runtime_industries_recurrence","installed","","0","Recurrence Schedule Flow","Schdlr",""
"2aFJ3000000kgGPMAY","0055i000001ydTWAAY","0","Basic Approval Request","2024-06-15 18:01:02","0055i00000273PbAAI","2024-06-15 18:01:02","0055i00000273PbAAI","2024-06-15 18:01:02","","","","Allows a content author to submit a content variant for content manager review, and allows for content variant revisions before the content manager approves for publication.","","InProgress","","","","","","0","CmsOrchAutolnch","cms_orch","installed","","0","Basic Approval Request","CMS_BasicApprovalRequest",""
"2aFJ3000000kgGQMAY","0055i000001ydTWAAY","0","Change Case Owner to Incident Owner","2024-06-15 18:01:02","0055i00000273PbAAI","2024-06-15 18:01:02","0055i00000273PbAAI","2024-06-15 18:01:02","","","","When Cases are identified as part of an Incident, change the Case owner to the Incident owner.","","Draft","","","","","","0","Screen","runtime_service_incident_mgmt","installed","","0","Change Case Owner to Incident Owner","CCOIO",""
"2aFJ3000000kgGRMAY","0055i000001ydTWAAY","0","Verify Identity","2024-06-15 18:01:02","0055i00000273PbAAI","2024-06-15 18:01:02","0055i00000273PbAAI","2024-06-15 18:01:02","","","","","","InProgress","","","","","","0","Screen","setup_service_experience","installed","","0","Verify Identity","Verify_Cust",""
"2aFJ3000000kgHBMAY","0055i000001ydTWAAY","0","Create Process Exception Flow","2024-06-15 18:01:02","0055i00000273PbAAI","2024-06-15 18:01:02","0055i00000273PbAAI","2024-06-15 18:01:02","","","","Create a process exception record from a process exception event.","PlatformEvent","Draft","","","","","","0","PfrmEvntTrig","runtime_commerce_oms","installed","","0","Create Process Exception Flow","Create_PE",""
"2aFJ3000000kgHCMAY","0055i000001ydTWAAY","0","Cancel Item Flow","2024-06-15 18:01:02","0055i00000273PbAAI","2024-06-15 18:01:02","0055i00000273PbAAI","2024-06-15 18:01:02","","","","Order Management: Cancel order items before fulfillment.","","Draft","","","","","","0","Screen","runtime_commerce_oms","installed","","0","Cancel Item Flow","Cancel_Item",""
"2aFJ3000000kgHDMAY","0055i000001ydTWAAY","0","Find Contact Associated with Messaging Session","2024-06-15 18:01:02","0055i00000273PbAAI","2024-06-15 18:01:02","0055i00000273PbAAI","2024-06-15 18:01:02","","","","Gets a contact record associated with the messaging user from a specified messaging session.","","InProgress","","","","","","0","IndividualObjLinkingScrn","setup_service_folmessaging","installed","","0","Find Contact Associated with Messaging Session","MSContact",""
"2aFJ3000000kgHEMAY","0055i000001ydTWAAY","0","CMS: Check Whether Any Step is Completed","2024-06-15 18:01:02","0055i00000273PbAAI","2024-06-15 18:01:02","0055i00000273PbAAI","2024-06-15 18:01:02","","","","Determines whether either of two specified steps in a stage has completed.","","InProgress","","","","","","0","EvaluationAutolnch","cms_orch","installed","","0","CMS: Check Whether Any Step is Completed","CMS_EvalApprovalStepStatus",""
