"Id","IsDeleted","Name","CreatedDate","CreatedById","LastModifiedDate","LastModifiedById","SystemModstamp","FlowRecordId","InteractionDefVersionId","VersionNumber","ActivatedById","ActivatedDate","ProgressStatus","ErrorCode","ErrorDetails","IsPaused","PausingUserId","PausedDate","ResumingUserId","ResumedDate","ReasonPaused","ScheduledStartDate","FlowType","Status","Description","RunInMode","ApiVersion","IsTemplate","TriggerObjectOrEventLabel","Builder","SourceTemplateId","IsOverridable","OverriddenById","OverriddenFlowId"
"10vJ3000000kjzBIAQ","0","Orchestration flow for Recurrence Scheduler","2024-06-15 18:01:01","0055i00000273PbAAI","2024-06-15 18:01:01","0055i00000273PbAAI","2024-06-15 18:01:01","2aFJ3000000kgEWMAY","","1","","","InProgress","","","0","","","","","","","SchdTrig","","","","61.0","1","","","","0","",""
"10vJ3000000kjzCIAQ","0","Reset Password","2024-06-15 18:01:01","0055i00000273PbAAI","2024-06-15 18:01:01","0055i00000273PbAAI","2024-06-15 18:01:01","2aFJ3000000kgEXMAY","","1","","","InProgress","","","0","","","","","","","Screen","","","","49.0","1","","","","0","",""
"10vJ3000000kjzDIAQ","0","CMS: Submit Content for Review","2024-06-15 18:01:01","0055i00000273PbAAI","2024-06-15 18:01:01","0055i00000273PbAAI","2024-06-15 18:01:01","2aFJ3000000kgEYMAY","","1","","","InProgress","","","0","","","","","","","Screen","","Allows a content author to conditionally view a reviewer's feedback, provide revision comments, and submit a content variant for review.","","61.0","1","","","","0","",""
"10vJ3000000kjzEIAQ","0","Close Change Request & Related Issues","2024-06-15 18:01:01","0055i00000273PbAAI","2024-06-15 18:01:01","0055i00000273PbAAI","2024-06-15 18:01:01","2aFJ3000000kgEZMAY","","1","","","Draft","","","0","","","","","","","Screen","","Closes a Change Request and attempts to close its related Incidents, Problems, and Cases.","","61.0","1","","","","0","",""
"10vJ3000000kjzFIAQ","0","Return Item Flow","2024-06-15 18:01:01","0055i00000273PbAAI","2024-06-15 18:01:01","0055i00000273PbAAI","2024-06-15 18:01:01","2aFJ3000000kgEaMAI","","1","","","Draft","","","0","","","","","","","Screen","","Order Management: Return order items after fulfillment.","","61.0","1","","","","0","",""
"10vJ3000000kk0EIAQ","0","Create Order Summary Flow","2024-06-15 18:01:01","0055i00000273PbAAI","2024-06-15 18:01:01","0055i00000273PbAAI","2024-06-15 18:01:01","2aFJ3000000kgFjMAI","","1","","","Draft","","","0","","","","","","","RecTrigAfterSave","","Order Management: Create an Order Summary record from an order.","","61.0","1","","","","0","",""
"10vJ3000000kk0FIAQ","0","CMS: Withdraw Review Request","2024-06-15 18:01:01","0055i00000273PbAAI","2024-06-15 18:01:01","0055i00000273PbAAI","2024-06-15 18:01:01","2aFJ3000000kgFkMAI","","1","","","InProgress","","","0","","","","","","","Screen","","Allows a content author to withdraw a review request in order to make changes to the underlying content variant.","","61.0","1","","","","0","",""
"10vJ3000000kk0GIAQ","0","CMS: Review Content","2024-06-15 18:01:01","0055i00000273PbAAI","2024-06-15 18:01:01","0055i00000273PbAAI","2024-06-15 18:01:01","2aFJ3000000kgFlMAI","","1","","","InProgress","","","0","","","","","","","Screen","","Allows a content manager to conditionally view a content author's feedback, provide revision comments, and approve or request revisions of a content variant.","","61.0","1","","","","0","",""
"10vJ3000000kk0HIAQ","0","Create a Case","2024-06-15 18:01:01","0055i00000273PbAAI","2024-06-15 18:01:01","0055i00000273PbAAI","2024-06-15 18:01:01","2aFJ3000000kgFmMAI","","1","","","InProgress","","","0","","","","","","","Screen","","","","61.0","1","","","","0","",""
"10vJ3000000kk0IIAQ","0","CMS: Notify Content Author","2024-06-15 18:01:01","0055i00000273PbAAI","2024-06-15 18:01:01","0055i00000273PbAAI","2024-06-15 18:01:01","2aFJ3000000kgFnMAI","","1","","","InProgress","","","0","","","","","","","Screen","","Notifies the content author that their content variant has been approved, and allows the content author to conditionally view the final feedback for the content variant.","","61.0","1","","","","0","",""
"10vJ3000000kk17IAA","0","Generate Payment Link","2024-06-15 18:01:02","0055i00000273PbAAI","2024-06-15 18:01:02","0055i00000273PbAAI","2024-06-15 18:01:02","2aFJ3000000kgGNMAY","","1","","","InProgress","","","0","","","","","","","Screen","","","","61.0","1","","","","0","",""
"10vJ3000000kk18IAA","0","Recurrence Schedule Flow","2024-06-15 18:01:02","0055i00000273PbAAI","2024-06-15 18:01:02","0055i00000273PbAAI","2024-06-15 18:01:02","2aFJ3000000kgGOMAY","","1","","","InProgress","","","0","","","","","","","AutolnchNoTrig","","Flow for creating object items from Recurrence Scheduler Records","","61.0","0","","","","0","",""
"10vJ3000000kk19IAA","0","Basic Approval Request","2024-06-15 18:01:02","0055i00000273PbAAI","2024-06-15 18:01:02","0055i00000273PbAAI","2024-06-15 18:01:02","2aFJ3000000kgGPMAY","","1","","","InProgress","","","0","","","","","","","CmsOrchAutolnch","","Allows a content author to submit a content variant for content manager review, and allows for content variant revisions before the content manager approves for publication.","","61.0","1","","","","0","",""
"10vJ3000000kk1AIAQ","0","Change Case Owner to Incident Owner","2024-06-15 18:01:02","0055i00000273PbAAI","2024-06-15 18:01:02","0055i00000273PbAAI","2024-06-15 18:01:02","2aFJ3000000kgGQMAY","","1","","","Draft","","","0","","","","","","","Screen","","When Cases are identified as part of an Incident, change the Case owner to the Incident owner.","","61.0","1","","","","0","",""
"10vJ3000000kk1BIAQ","0","Verify Identity","2024-06-15 18:01:02","0055i00000273PbAAI","2024-06-15 18:01:02","0055i00000273PbAAI","2024-06-15 18:01:02","2aFJ3000000kgGRMAY","","1","","","InProgress","","","0","","","","","","","Screen","","","","49.0","1","","","","0","",""
"10vJ3000000kk1qIAA","0","Create Process Exception Flow","2024-06-15 18:01:02","0055i00000273PbAAI","2024-06-15 18:01:02","0055i00000273PbAAI","2024-06-15 18:01:02","2aFJ3000000kgHBMAY","","1","","","Draft","","","0","","","","","","","PfrmEvntTrig","","Create a process exception record from a process exception event.","","61.0","1","","","","0","",""
"10vJ3000000kk1rIAA","0","Cancel Item Flow","2024-06-15 18:01:02","0055i00000273PbAAI","2024-06-15 18:01:02","0055i00000273PbAAI","2024-06-15 18:01:02","2aFJ3000000kgHCMAY","","1","","","Draft","","","0","","","","","","","Screen","","Order Management: Cancel order items before fulfillment.","","61.0","1","","","","0","",""
"10vJ3000000kk1sIAA","0","Find Contact Associated with Messaging Session","2024-06-15 18:01:02","0055i00000273PbAAI","2024-06-15 18:01:02","0055i00000273PbAAI","2024-06-15 18:01:02","2aFJ3000000kgHDMAY","","1","","","InProgress","","","0","","","","","","","IndividualObjLinkingScrn","","Gets a contact record associated with the messaging user from a specified messaging session.","","61.0","1","","","","0","",""
"10vJ3000000kk1tIAA","0","CMS: Check Whether Any Step is Completed","2024-06-15 18:01:02","0055i00000273PbAAI","2024-06-15 18:01:02","0055i00000273PbAAI","2024-06-15 18:01:02","2aFJ3000000kgHEMAY","","1","","","InProgress","","","0","","","","","","","EvaluationAutolnch","","Determines whether either of two specified steps in a stage has completed.","","61.0","1","","","","0","",""
