"Id","IsDeleted","AccountId","RecordTypeId","IsPrivate","Name","Description","StageName","StageSortOrder","Amount","Probability","ExpectedRevenue","TotalOpportunityQuantity","CloseDate","Type","NextStep","LeadSource","IsClosed","IsWon","ForecastCategory","ForecastCategoryName","CampaignId","HasOpportunityLineItem","Pricebook2Id","OwnerId","CreatedDate","CreatedById","LastModifiedDate","LastModifiedById","SystemModstamp","LastActivityDate","LastStageChangeDate","FiscalYear","FiscalQuarter","ContactId","PrimaryPartnerAccountId","ContractId","LastAmountChangedHistoryId","LastCloseDateChangedHistoryId","DeliveryInstallationStatus__c","TrackingNumber__c","OrderNumber__c","CurrentGenerators__c","MainCompetitors__c","SBQQ__AmendedContract__c","SBQQ__Contracted__c","SBQQ__CreateContractedPrices__c","SBQQ__OrderGroupID__c","SBQQ__Ordered__c","SBQQ__PrimaryQuote__c","SBQQ__QuotePricebookId__c","SBQQ__Renewal__c","SBQQ__RenewedContract__c","sbaa__ApprovalStatus__c","sbaa__ApprovalStep__c","sbaa__Approver__c","sbaa__StepApproved__c","sbaa__SubmittedDate__c","sbaa__SubmittedUser__c","StartDate__c"
"0065i000002jg6rAAA","0","0015i000006YHT6AAO","","0","Amendment for contract #00000101","","Discover","11","","10","","","2022-05-25 00:00:00","","","","0","0","Pipeline","Pipeline","000000000000000AAA","","01s5i000002G6QUAA0","0055i000001ydTWAAY","2022-05-25 07:33:09","0055i000001ydTWAAY","2022-06-15 05:07:40","0055i000001ydTWAAY","2022-06-15 05:07:40","","","2022","2","000000000000000AAA","","","","","","","","","","8005i000000HPOhAAO","0","0","","0","a0q5i000000cKI3AAM","","0","","","","","0","","",""
"0065i000002jiAhAAI","0","0015i000006YHT6AAO","","0","Amendment for contract #00000101","","Discover","11","640","10","64","5","2022-05-26 00:00:00","","","","0","0","Pipeline","Pipeline","000000000000000AAA","1","01s5i000002G6QUAA0","0055i000001ydTWAAY","2022-05-26 09:53:30","0055i000001ydTWAAY","2022-06-15 05:07:40","0055i000001ydTWAAY","2022-06-15 05:07:40","","","2022","2","000000000000000AAA","","","0085i000005LpSrAAK","","","","","","","8005i000000HPOhAAO","0","0","","0","a0q5i000000cKrBAAU","","0","","","","","0","","",""
"0065i000002jiAmAAI","0","0015i000006YHT6AAO","","0","Amendment for contract #00000101","","Discover","11","9.5","10",".9500000000000001","2","2022-05-26 00:00:00","Amendment","","","0","0","Pipeline","Pipeline","000000000000000AAA","1","01s5i000002G6QUAA0","0055i000001ydTWAAY","2022-05-26 09:55:28","0055i000001ydTWAAY","2022-07-01 06:59:49","0055i000001ydTWAAY","2022-07-01 06:59:49","","","2022","2","000000000000000AAA","","","0085i00000G5EEgAAN","","","","","","","8005i000000HPOhAAO","0","0","","0","a0q5i000000cqMFAAY","","0","","","","","0","","",""
"0065i000002jnA3AAI","0","0015i000006d8lUAAQ","0125i000000ka8X","0","Opp 1","","Negotiation/Review","8","576","90","518.4","3","2022-05-31 00:00:00","Conquest","","","0","0","Pipeline","Pipeline","000000000000000AAA","1","01s5i000002G6QUAA0","0055i000001ydTWAAY","2022-05-30 10:22:33","0055i000001ydTWAAY","2022-11-29 06:44:55","0055i000001ydTWAAY","2022-11-29 06:44:55","","2022-11-02 06:50:12","2022","2","000000000000000AAA","","","0085i000005LX5rAAG","0085i00000Y6YEUAA3","","","","","","","0","0","","0","a0q5i000000cNGTAA2","","0","","","","","0","","",""
"0065i000002kTd7AAE","0","000000000000000AAA","0125i000000ka8X","0","opp9","","Closed Won","9","","100","","","2022-06-17 00:00:00","Conquest","","","1","1","Closed","Closed","000000000000000AAA","","","0055i000001ydTWAAY","2022-06-15 06:06:47","0055i000001ydTWAAY","2022-06-17 07:37:47","0055i000001ydTWAAY","2022-06-17 07:37:47","","2022-06-17 07:37:47","2022","2","000000000000000AAA","","","","0085i00000G43lLAAR","","","","","","","0","0","","0","","","0","","","","","0","","",""
"0065i000002kZUNAA2","0","0015i000008kdBCAAY","0125i000000ka8X","0","opp09","","Closed Won","9","","100","","","2022-06-16 00:00:00","","","","1","1","Closed","Closed","000000000000000AAA","","","0055i000001ydTWAAY","2022-06-16 10:34:45","0055i000001ydTWAAY","2022-06-16 10:40:38","0055i000001ydTWAAY","2022-06-16 10:40:38","","2022-06-16 10:40:38","2022","2","000000000000000AAA","","","","","","","","","","","0","0","","0","","","0","","","","","0","","",""
"0065i000002kgrwAAA","0","0015i000006YHT6AAO","0125i000000ka8X","0","DickOPp","","Discover","11","","10","","","2022-06-22 00:00:00","Existing Customer - Upgrade","","","0","0","Pipeline","Pipeline","000000000000000AAA","","","0055i000001ydTWAAY","2022-06-20 04:43:31","0055i000001ydTWAAY","2022-06-20 04:43:31","0055i000001ydTWAAY","2022-06-20 04:43:31","","","2022","2","000000000000000AAA","","","","","","","","","","","0","0","","0","","","0","","","","","0","","",""
"0065i000002kgyyAAA","0","0015i000006YHTDAA4","0125i000000kaKQ","0","cha opp","","Negotiation/Review","8","","90","","","2022-06-23 00:00:00","","","","0","0","Pipeline","Pipeline","000000000000000AAA","","","0055i000001ydTWAAY","2022-06-20 05:06:51","0055i000001ydTWAAY","2022-06-20 10:33:16","0055i000001ydTWAAY","2022-06-20 10:33:16","","","2022","2","000000000000000AAA","","","","","","","","","","","0","0","","0","a0q5i000000ce5GAAQ","","0","","","","","0","","",""
"0065i000002khMUAAY","0","000000000000000AAA","0125i000000ka8X","0","Default Opp","","Negotiation/Review","8","","90","","","2022-06-19 00:00:00","","","","0","0","Pipeline","Pipeline","000000000000000AAA","","","0055i000001ydTWAAY","2022-06-20 06:44:29","0055i000001ydTWAAY","2022-06-20 06:44:29","0055i000001ydTWAAY","2022-06-20 06:44:29","","","2022","2","000000000000000AAA","","","","","","","","","","","0","0","","0","","","0","","","","","0","","",""
"0065i000002klTGAAY","0","0015i000006YHT4AAO","0125i000000ka8X","0","Conquest opp","","Discover","11","","10","","","2022-06-29 00:00:00","Conquest","","","0","0","Pipeline","Pipeline","000000000000000AAA","","","0055i000001ydTWAAY","2022-06-21 11:28:53","0055i000001ydTWAAY","2022-06-21 11:28:53","0055i000001ydTWAAY","2022-06-21 11:28:53","","","2022","2","000000000000000AAA","","","","","","","","","","","0","0","","0","","","0","","","","","0","","",""
"0065i000002knP9AAI","0","0015i000006YHTIAA4","0125i000000ka8X","0","Amendment Opp","","Closed Lost","10","","0","","","2022-07-06 00:00:00","Amendment","","","1","0","Omitted","Omitted","000000000000000AAA","","01s5i000005YPxqAAG","0055i000001ydTWAAY","2022-06-22 03:58:41","0055i000001ydTWAAY","2022-06-30 08:40:41","0055i000001ydTWAAY","2022-06-30 08:40:41","","2022-06-30 08:40:41","2022","3","000000000000000AAA","","","","","","","","","","","0","0","","0","","","0","","","","","0","","",""
"0065i000004AkV8AAK","0","0015i000006YHTHAA4","","0","Mobile phone and plan for assistant","","Proposal/Price Quote","7","1060","75","795","5","2022-07-20 00:00:00","","","","0","0","Pipeline","Pipeline","000000000000000AAA","1","01s5i000002G6QUAA0","0055i000001ydTWAAY","2022-05-09 16:07:09","0055i000001ydTWAAY","2022-05-09 16:07:09","0055i000001ydTWAAY","2022-05-09 16:07:09","","","2019","3","0035i000005ssgjAAA","","","","","","","","","","","0","0","","0","a0q5i000000cAinAAE","","0","","","","","","","",""
"0065i000004AkV9AAK","0","0015i000006YHTHAA4","","0","Security system for main office","","Proposal/Price Quote","7","820","75","615","10","2022-07-20 00:00:00","","","","0","0","Pipeline","Pipeline","000000000000000AAA","1","01s5i000002G6QUAA0","0055i000001ydTWAAY","2022-05-09 16:07:09","0055i000001ydTWAAY","2022-05-09 16:07:09","0055i000001ydTWAAY","2022-05-09 16:07:09","","","2019","3","0035i000005ssgjAAA","","","","","","","","","","","0","0","","0","a0q5i000000cAioAAE","","0","","","","","","","",""
"0065i000004AkVAAA0","0","0015i000006YHTHAA4","","0","Networking for main office","","Proposal/Price Quote","7","530","75","397.5","5","2022-07-20 00:00:00","","","","0","0","Pipeline","Pipeline","000000000000000AAA","1","01s5i000002G6QUAA0","0055i000001ydTWAAY","2022-05-09 16:07:09","0055i000001ydTWAAY","2022-05-09 16:07:09","0055i000001ydTWAAY","2022-05-09 16:07:09","","","2019","3","0035i000005ssgjAAA","","","","","","","","","","","0","0","","0","a0q5i000000cAipAAE","","0","","","","","","","",""
"0065i000004AkVBAA0","0","0015i000006YHTHAA4","","0","Office equipment for main office and training room","","Proposal/Price Quote","7","1380","75","1035","9","2022-07-20 00:00:00","","","","0","0","Pipeline","Pipeline","000000000000000AAA","1","01s5i000002G6QUAA0","0055i000001ydTWAAY","2022-05-09 16:07:09","0055i000001ydTWAAY","2022-05-09 16:07:09","0055i000001ydTWAAY","2022-05-09 16:07:09","","","2019","3","0035i000005ssgjAAA","","","","","","","","","","","0","0","","0","a0q5i000000cAiqAAE","","0","","","","","","","",""
"0065i000004AkVCAA0","0","0015i000006YHTHAA4","","0","Copy machine for main office","","Proposal/Price Quote","7","3115","75","2336.25","8","2022-07-20 00:00:00","","","","0","0","Pipeline","Pipeline","000000000000000AAA","1","01s5i000002G6QUAA0","0055i000001ydTWAAY","2022-05-09 16:07:09","0055i000001ydTWAAY","2022-05-09 16:07:09","0055i000001ydTWAAY","2022-05-09 16:07:09","","","2019","3","0035i000005ssgjAAA","","","","","","","","","","","0","0","","0","a0q5i000000cAirAAE","","0","","","","","","","",""
"0065i000004AkVDAA0","0","0015i000006YHTHAA4","","0","Security system for remote training location","","Proposal/Price Quote","7","759","75","569.25","7","2022-07-26 00:00:00","","","","0","0","Pipeline","Pipeline","000000000000000AAA","1","01s5i000002G6QUAA0","0055i000001ydTWAAY","2022-05-09 16:07:09","0055i000001ydTWAAY","2022-05-09 16:07:09","0055i000001ydTWAAY","2022-05-09 16:07:09","","","2019","3","0035i000005ssgjAAA","","","","","","","","","","","0","0","","0","a0q5i000000cAisAAE","","0","","","","","","","",""
"0065i000004AkVEAA0","0","0015i000006YHT6AAO","","0","Dickenson Mobile Generators","","Qualification","2","15000","10","1500","","2022-03-17 00:00:00","New Customer","","Purchased List","0","0","Pipeline","Pipeline","000000000000000AAA","","01s5i000005YPxvAAG","0055i000001ydTWAAY","2022-05-09 16:07:09","0055i000001ydTWAAY","2022-06-21 10:12:32","0055i000001ydTWAAY","2022-06-21 10:12:32","","","2022","1","000000000000000AAA","","","","","","","","","Honda","","0","0","","0","a0q5i000000cdjKAAQ","","0","8005i000000x53lAAA","","","","0","","",""
"0065i000004AkVFAA0","0","0015i000006YHT8AAO","","0","United Oil Office Portable Generators","","Negotiation/Review","8","125000","90","112500","","2022-03-05 00:00:00","Existing Customer - Upgrade","","","0","0","Pipeline","Pipeline","000000000000000AAA","","","0055i000001ydTWAAY","2022-05-09 16:07:09","0055i000001ydTWAAY","2022-05-09 16:07:09","0055i000001ydTWAAY","2022-05-09 16:07:09","","","2015","1","000000000000000AAA","","","","","","","","Yamaha","Yamaha","","","","","","","","","","","","","","","",""
"0065i000004AkVGAA0","0","0015i000006YHT9AAO","","0","Express Logistics Standby Generator","","Closed Won","9","220000","100","220000","","2022-01-29 00:00:00","New Customer","","Trade Show","1","1","Closed","Closed","000000000000000AAA","","","0055i000001ydTWAAY","2022-05-09 16:07:09","0055i000001ydTWAAY","2022-05-09 16:07:09","0055i000001ydTWAAY","2022-05-09 16:07:09","","","2015","1","000000000000000AAA","","","","","","830150301420","653276","Hawkpower","Fujitsu","","","","","","","","","","","","","","","",""
"0065i000004AkVHAA0","0","0015i000006YHT7AAO","","0","Grand Hotels Kitchen Generator","","Id. Decision Makers","5","15000","60","9000","","2022-01-24 00:00:00","Existing Customer - Upgrade","","","0","0","Pipeline","Pipeline","000000000000000AAA","","","0055i000001ydTWAAY","2022-05-09 16:07:09","0055i000001ydTWAAY","2022-05-09 16:07:09","0055i000001ydTWAAY","2022-05-09 16:07:09","","","2015","1","000000000000000AAA","","","","","Yet to begin","","","John Deere","Fujitsu, Hawkpower","","","","","","","","","","","","","","","",""
"0065i000004AkVIAA0","0","0015i000006YHT8AAO","","0","United Oil Refinery Generators","","Proposal/Price Quote","7","270000","75","202500","","2022-04-19 00:00:00","Existing Customer - Upgrade","","","0","0","Pipeline","Pipeline","000000000000000AAA","","","0055i000001ydTWAAY","2022-05-09 16:07:09","0055i000001ydTWAAY","2022-05-09 16:07:09","0055i000001ydTWAAY","2022-05-09 16:07:09","","","2015","2","000000000000000AAA","","","","","Yet to begin","","","Caterpillar","John Deere","","","","","","","","","","","","","","","",""
"0065i000004AkVJAA0","0","0015i000006YHT8AAO","","0","United Oil SLA","","Closed Won","9","120000","100","120000","","2022-04-26 00:00:00","Existing Customer - Upgrade","","Partner","1","1","Closed","Closed","000000000000000AAA","","","0055i000001ydTWAAY","2022-05-09 16:07:09","0055i000001ydTWAAY","2022-05-09 16:07:09","0055i000001ydTWAAY","2022-05-09 16:07:09","","","2015","2","000000000000000AAA","","","","","In progress","","926363","","","","","","","","","","","","","","","","","",""
"0065i000004AkVKAA0","0","0015i000006YHT7AAO","","0","Grand Hotels Guest Portable Generators","","Value Proposition","4","250000","50","125000","","2022-05-04 00:00:00","Existing Customer - Upgrade","","Employee Referral","0","0","Pipeline","Pipeline","000000000000000AAA","","","0055i000001ydTWAAY","2022-05-09 16:07:09","0055i000001ydTWAAY","2022-05-09 16:07:09","0055i000001ydTWAAY","2022-05-09 16:07:09","","","2015","2","000000000000000AAA","","","","","Yet to begin","","","Honda","Honda","","","","","","","","","","","","","","","",""
"0065i000004AkVLAA0","0","0015i000006YHT5AAO","","0","Pyramid Emergency Generators","","Discover","11","100000","10","10000","","2022-03-13 00:00:00","","","Phone Inquiry","0","0","Pipeline","Pipeline","000000000000000AAA","","","0055i000001ydTWAAY","2022-05-09 16:07:09","0055i000001ydTWAAY","2022-06-15 05:07:40","0055i000001ydTWAAY","2022-06-15 05:07:40","","","2015","1","000000000000000AAA","","","","","","","","","","","","","","","","","","","","","","","","",""
"0065i000004AkVMAA0","0","0015i000006YHT9AAO","","0","Express Logistics Portable Truck Generators","","Value Proposition","4","80000","50","40000","","2022-01-27 00:00:00","Existing Customer - Upgrade","","External Referral","0","0","Pipeline","Pipeline","000000000000000AAA","","","0055i000001ydTWAAY","2022-05-09 16:07:09","0055i000001ydTWAAY","2022-05-09 16:07:09","0055i000001ydTWAAY","2022-05-09 16:07:09","","","2015","1","000000000000000AAA","","","","","Yet to begin","","","Fujitsu","Honda","","","","","","","","","","","","","","","",""
"0065i000004AkVNAA0","0","0015i000006YHT8AAO","","0","United Oil Installations","","Negotiation/Review","8","270000","90","243000","","2022-03-01 00:00:00","Existing Customer - Upgrade","","","0","0","Pipeline","Pipeline","000000000000000AAA","","","0055i000001ydTWAAY","2022-05-09 16:07:09","0055i000001ydTWAAY","2022-05-09 16:07:09","0055i000001ydTWAAY","2022-05-09 16:07:09","","","2015","1","000000000000000AAA","","","","","Yet to begin","","","","","","","","","","","","","","","","","","","",""
"0065i000004AkVOAA0","0","0015i000006YHT8AAO","","0","United Oil Installations","","Closed Won","9","270000","100","270000","","2022-02-28 00:00:00","Existing Customer - Upgrade","","Partner","1","1","Closed","Closed","000000000000000AAA","","","0055i000001ydTWAAY","2022-05-09 16:07:09","0055i000001ydTWAAY","2022-05-09 16:07:09","0055i000001ydTWAAY","2022-05-09 16:07:09","","","2015","1","000000000000000AAA","","","","","In progress","","427609","","","","","","","","","","","","","","","","","",""
"0065i000004AkVPAA0","0","0015i000006YHT7AAO","","0","Grand Hotels Generator Installations","","Closed Won","9","350000","100","350000","","2022-04-17 00:00:00","Existing Customer - Upgrade","","External Referral","1","1","Closed","Closed","000000000000000AAA","","","0055i000001ydTWAAY","2022-05-09 16:07:09","0055i000001ydTWAAY","2022-05-09 16:07:09","0055i000001ydTWAAY","2022-05-09 16:07:09","","","2015","2","000000000000000AAA","","","","","Completed","","763546","","","","","","","","","","","","","","","","","",""
"0065i000004AkVQAA0","0","0015i000006YHT8AAO","","0","United Oil Refinery Generators","","Closed Won","9","915000","100","915000","","2022-04-12 00:00:00","New Customer","","Partner","1","1","Closed","Closed","000000000000000AAA","","","0055i000001ydTWAAY","2022-05-09 16:07:09","0055i000001ydTWAAY","2022-05-09 16:07:09","0055i000001ydTWAAY","2022-05-09 16:07:09","","","2015","2","000000000000000AAA","","","","","Completed","830150301360","744343","John Deere","John Deere, Mitsubishi, Hawkpower","","","","","","","","","","","","","","","",""
"0065i000004AkVRAA0","0","0015i000006YHT9AAO","","0","Express Logistics SLA","","Perception Analysis","6","120000","70","84000","","2022-01-28 00:00:00","Existing Customer - Upgrade","","External Referral","0","0","Pipeline","Pipeline","000000000000000AAA","","","0055i000001ydTWAAY","2022-05-09 16:07:09","0055i000001ydTWAAY","2022-05-09 16:07:09","0055i000001ydTWAAY","2022-05-09 16:07:09","","","2015","1","000000000000000AAA","","","","","In progress","","","","","","","","","","","","","","","","","","","",""
"0065i000004AkVSAA0","0","0015i000006YHT4AAO","","0","Burlington Textiles Weaving Plant Generator","","Closed Won","9","235000","100","235000","","2022-03-10 00:00:00","Amendment","","Web","1","1","Closed","Closed","000000000000000AAA","","01s5i000002G6QUAA0","0055i000001ydTWAAY","2022-05-09 16:07:09","0055i000001ydTWAAY","2022-06-30 10:47:32","0055i000001ydTWAAY","2022-06-30 10:47:32","","","2022","1","000000000000000AAA","","","","","Yet to begin","830150301360","645612","John Deere","John Deere","","0","0","","0","a0q5i000000ce0yAAA","","0","","","","","0","","",""
"0065i000004AkVTAA0","0","0015i000006YHT8AAO","","0","United Oil Installations","","Closed Won","9","235000","100","235000","","2022-03-12 00:00:00","Existing Customer - Upgrade","","External Referral","1","1","Closed","Closed","000000000000000AAA","","","0055i000001ydTWAAY","2022-05-09 16:07:09","0055i000001ydTWAAY","2022-05-09 16:07:09","0055i000001ydTWAAY","2022-05-09 16:07:09","","","2015","1","000000000000000AAA","","","","","In progress","","554821","","","","","","","","","","","","","","","","","",""
"0065i000004AkVUAA0","0","0015i000006YHT8AAO","","0","United Oil Emergency Generators","","Closed Won","9","440000","100","440000","","2022-02-22 00:00:00","Existing Customer - Upgrade","","External Referral","1","1","Closed","Closed","000000000000000AAA","","","0055i000001ydTWAAY","2022-05-09 16:07:09","0055i000001ydTWAAY","2022-05-09 16:07:09","0055i000001ydTWAAY","2022-05-09 16:07:09","","","2015","1","000000000000000AAA","","","","","Completed","830150301420","847324","Fujitsu","Honda, Mitsubishi","","","","","","","","","","","","","","","",""
"0065i000004AkVVAA0","0","0015i000006YHT7AAO","","0","Grand Hotels SLA","","Closed Won","9","90000","100","90000","","2022-01-26 00:00:00","Existing Customer - Upgrade","","External Referral","1","1","Closed","Closed","000000000000000AAA","","","0055i000001ydTWAAY","2022-05-09 16:07:09","0055i000001ydTWAAY","2022-05-09 16:07:09","0055i000001ydTWAAY","2022-05-09 16:07:09","","","2015","1","000000000000000AAA","","","","","In progress","","254676","","","","","","","","","","","","","","","","","",""
"0065i000004AkVWAA0","0","0015i000006YHT8AAO","","0","United Oil Standby Generators","","Closed Won","9","120000","100","120000","","2022-04-27 00:00:00","Existing Customer - Upgrade","","External Referral","1","1","Closed","Closed","000000000000000AAA","","","0055i000001ydTWAAY","2022-05-09 16:07:09","0055i000001ydTWAAY","2022-05-09 16:07:09","0055i000001ydTWAAY","2022-05-09 16:07:09","","","2015","2","000000000000000AAA","","","","","","830150301360","525476","John Deere","John Deere, Mitsubishi, Hawkpower","","","","","","","","","","","","","","","",""
"0065i000004AkVXAA0","0","0015i000006YHT7AAO","","0","Grand Hotels Emergency Generators","","Closed Won","9","210000","100","210000","","2022-04-15 00:00:00","New Customer","","External Referral","1","1","Closed","Closed","000000000000000AAA","","","0055i000001ydTWAAY","2022-05-09 16:07:09","0055i000001ydTWAAY","2022-05-09 16:07:09","0055i000001ydTWAAY","2022-05-09 16:07:09","","","2015","2","000000000000000AAA","","","","","Completed","830150301360","387624","Fujitsu","Caterpillar","","","","","","","","","","","","","","","",""
"0065i000004AkVYAA0","0","0015i000006YHT8AAO","","0","United Oil Plant Standby Generators","","Needs Analysis","3","675000","20","135000","","2022-03-29 00:00:00","Existing Customer - Upgrade","","","0","0","Pipeline","Pipeline","000000000000000AAA","","","0055i000001ydTWAAY","2022-05-09 16:07:09","0055i000001ydTWAAY","2022-05-09 16:07:09","0055i000001ydTWAAY","2022-05-09 16:07:09","","","2015","1","000000000000000AAA","","","","","","","","Caterpillar","Caterpillar, Mitsubishi, Hawkpower","","","","","","","","","","","","","","","",""
"0065i000004AkVZAA0","0","0015i000006YHT3AAO","","0","Laptop for Front Office","","Proposal/Price Quote","7","329","75","246.75","2","2022-06-04 00:00:00","Conquest","","Trade Show","0","0","Pipeline","Pipeline","000000000000000AAA","1","01s5i000002G6QUAA0","0055i000001ydTWAAY","2022-05-09 16:07:09","0055i000001ydTWAAY","2022-12-01 06:37:52","0055i000001ydTWAAY","2022-12-01 06:37:52","","","2022","2","0035i000005ssgNAAQ","","","0085i00000G4y0sAAB","","","","","","","","0","0","","0","a0q5i000000cazYAAQ","","0","","","","","0","","",""
"0065i000004AkVaAAK","0","0015i000006YHT3AAO","","0","Printer for Back Office","","Proposal/Price Quote","7","0","75","0","0","2022-06-04 00:00:00","Conquest","","Trade Show","0","0","Pipeline","Pipeline","000000000000000AAA","0","01s5i000002G6QUAA0","0055i000001ydTWAAY","2022-05-09 16:07:09","0055i000001ydTWAAY","2022-06-23 06:58:55","0055i000001ydTWAAY","2022-06-23 06:58:55","","","2022","2","0035i000005ssgNAAQ","","","0085i00000G4TUpAAN","","","","","","","","0","0","","0","a0q5i000000cAiuAAE","","0","","","","","0","","",""
"0065i000004AkVbAAK","0","0015i000006YHT3AAO","","0","Copy Machine Replacement","","Proposal/Price Quote","7","40","75","30","1","2022-06-04 00:00:00","Conquest","","Trade Show","0","0","Pipeline","Pipeline","000000000000000AAA","1","01s5i000002G6QUAA0","0055i000001ydTWAAY","2022-05-09 16:07:09","0055i000001ydTWAAY","2023-09-06 11:37:38","0055i000001ydTWAAY","2023-09-06 11:37:38","","","2022","2","0035i000005ssgNAAQ","","","0085i00000k5ihtAAA","","","","","","","","0","0","","0","a0q5i000000cAivAAE","","0","","","","","0","","",""
"0065i000004AkVcAAK","0","0015i000006YHT3AAO","","0","Projector for Training Room","","Proposal/Price Quote","7","","75","","","2022-06-04 00:00:00","","","Trade Show","0","0","Pipeline","Pipeline","000000000000000AAA","","01s5i000002G6QUAA0","0055i000001ydTWAAY","2022-05-09 16:07:09","0055i000001ydTWAAY","2022-05-09 16:07:09","0055i000001ydTWAAY","2022-05-09 16:07:09","","","2018","3","0035i000005ssgNAAQ","","","","","","","","","","","0","0","","0","a0q5i000000cAiwAAE","","0","","","","","","","",""
"0065i000004AkVdAAK","0","0015i000006YHT3AAO","","0","Security System for New Office Location","","Proposal/Price Quote","7","","75","","","2022-06-04 00:00:00","","","Trade Show","0","0","Pipeline","Pipeline","000000000000000AAA","","01s5i000002G6QUAA0","0055i000001ydTWAAY","2022-05-09 16:07:09","0055i000001ydTWAAY","2022-05-09 16:07:09","0055i000001ydTWAAY","2022-05-09 16:07:09","","","2018","3","0035i000005ssgNAAQ","","","","","","","","","","","0","0","","0","a0q5i000000cAixAAE","","0","","","","","","","",""
"0065i000004AkVeAAK","0","0015i000006YHT3AAO","","0","Smartphones for Field Service Team","","Proposal/Price Quote","7","","75","","","2022-06-04 00:00:00","","","Trade Show","0","0","Pipeline","Pipeline","000000000000000AAA","","01s5i000002G6QUAA0","0055i000001ydTWAAY","2022-05-09 16:07:09","0055i000001ydTWAAY","2022-05-09 16:07:09","0055i000001ydTWAAY","2022-05-09 16:07:09","","","2018","3","0035i000005ssgNAAQ","","","","","","","","","","","0","0","","0","a0q5i000000cAiyAAE","","0","","","","","","","",""
"0065i000004AkVfAAK","0","0015i000006YHT3AAO","","0","Desktop Computers for Training Room","","Proposal/Price Quote","7","","75","","","2022-06-04 00:00:00","","","Trade Show","0","0","Pipeline","Pipeline","000000000000000AAA","","01s5i000002G6QUAA0","0055i000001ydTWAAY","2022-05-09 16:07:09","0055i000001ydTWAAY","2022-05-09 16:07:09","0055i000001ydTWAAY","2022-05-09 16:07:09","","","2018","3","0035i000005ssgNAAQ","","","","","","","","","","","0","0","","0","a0q5i000000cAizAAE","","0","","","","","","","",""
"0065i000004AkVgAAK","0","0015i000006YHT3AAO","","0","Desktop Computers for Support Agents","","Proposal/Price Quote","7","9.5","75","7.125","2","2022-06-04 00:00:00","Conquest","","Trade Show","0","0","Pipeline","Pipeline","000000000000000AAA","1","01s5i000002G6QUAA0","0055i000001ydTWAAY","2022-05-09 16:07:09","0055i000001ydTWAAY","2022-07-01 06:17:22","0055i000001ydTWAAY","2022-07-01 06:17:22","","","2022","2","0035i000005ssgNAAQ","","","0085i00000G5DqoAAF","","","","","","","","0","0","","0","a0q5i000000cKI3AAM","","0","8005i000000x6AjAAI","","","","0","","",""
"0065i000004AkVhAAK","0","0015i000006YHT3AAO","","0","Camera for Marketing Team","","Proposal/Price Quote","7","","75","","","2022-06-04 00:00:00","","","Trade Show","0","0","Pipeline","Pipeline","000000000000000AAA","","01s5i000002G6QUAA0","0055i000001ydTWAAY","2022-05-09 16:07:09","0055i000001ydTWAAY","2022-05-09 16:07:09","0055i000001ydTWAAY","2022-05-09 16:07:09","","","2018","3","0035i000005ssgNAAQ","","","","","","","","","","","0","0","","0","a0q5i000000cAj1AAE","","0","","","","","","","",""
"0065i000004AkViAAK","0","0015i000006YHTFAA4","","0","Home security system for primary residence","","Proposal/Price Quote","7","","75","","","2022-06-26 00:00:00","Amendment","","","0","0","Pipeline","Pipeline","000000000000000AAA","","01s5i000002G6QUAA0","0055i000001ydTWAAY","2022-05-09 16:07:09","0055i000001ydTWAAY","2022-11-16 06:21:08","0055i000001ydTWAAY","2022-11-16 06:21:08","","","2022","2","0035i000005ssghAAA","","","","","","","","","","","0","0","","0","a0q5i000000cAj2AAE","","0","","","","","0","","",""
"0065i000004AkVjAAK","0","0015i000006YHTGAA4","","0","Home security system with exterior cameras","","Proposal/Price Quote","7","","75","","","2022-07-19 00:00:00","","","","0","0","Pipeline","Pipeline","000000000000000AAA","","01s5i000002G6QUAA0","0055i000001ydTWAAY","2022-05-09 16:07:09","0055i000001ydTWAAY","2022-05-09 16:07:09","0055i000001ydTWAAY","2022-05-09 16:07:09","","","2018","3","0035i000005ssgiAAA","","","","","","","","","","","0","0","","0","","","0","","","","","","","",""
"0065i000004AkVkAAK","0","0015i000006YHTDAA4","","0","Toner Pickup","","Proposal/Price Quote","7","24","75","18","1","2022-10-18 00:00:00","Amendment","","","0","0","Pipeline","Pipeline","000000000000000AAA","1","01s5i000002G6QUAA0","0055i000001ydTWAAY","2022-05-09 16:07:09","0055i000001ydTWAAY","2022-07-01 06:18:24","0055i000001ydTWAAY","2022-07-01 06:18:24","","","2022","4","000000000000000AAA","","","0085i00000G56zbAAB","","","","","","","8005i000000HPOhAAO","0","0","","0","a0q5i000000cAj3AAE","","0","","","","","0","","",""
"0065i000004AkVlAAK","0","0015i000006YHTDAA4","","0","Remote Site Networking","","Proposal/Price Quote","7","","75","","","2022-10-18 00:00:00","","","","0","0","Pipeline","Pipeline","000000000000000AAA","","01s5i000005YPxvAAG","0055i000001ydTWAAY","2022-05-09 16:07:09","0055i000001ydTWAAY","2022-06-27 05:48:11","0055i000001ydTWAAY","2022-06-27 05:48:11","","","2022","4","000000000000000AAA","","","","","","","","","","","0","0","","0","a0q5i000000cAj4AAE","","0","","","","","","","",""
"0065i000004AkVmAAK","0","0015i000006YHTDAA4","","0","Printer for HR Department","","Proposal/Price Quote","7","0","75","0","2","2022-10-18 00:00:00","Amendment","","","0","0","Pipeline","Pipeline","000000000000000AAA","1","01s5i000002G6QUAA0","0055i000001ydTWAAY","2022-05-09 16:07:09","0055i000001ydTWAAY","2022-06-30 09:12:13","0055i000001ydTWAAY","2022-06-30 09:12:14","","","2022","4","000000000000000AAA","","","","","","","","","","","0","0","","0","","","0","","","","","0","","",""
"0065i000004AkVnAAK","0","0015i000006YHTDAA4","","0","Toners for Main Office","","Proposal/Price Quote","7","5868","75","4401","14","2022-10-18 00:00:00","","","","0","0","Pipeline","Pipeline","000000000000000AAA","1","01s5i000002G6QUAA0","0055i000001ydTWAAY","2022-05-09 16:07:09","0055i000001ydTWAAY","2022-06-28 10:30:22","0055i000001ydTWAAY","2022-06-28 10:30:22","","","2022","4","000000000000000AAA","","","0085i00000G4rsFAAR","","","","","","","","0","0","","0","a0q5i000000cAj6AAE","","0","","","","","","","",""
"0065i000004AkVoAAK","0","0015i000006YHTAAA4","","0","Security Console for New Office Location","","Proposal/Price Quote","7","0","75","0","0","2022-10-30 00:00:00","Conquest","","","0","0","Pipeline","Pipeline","000000000000000AAA","0","01s5i000002G6QUAA0","0055i000001ydTWAAY","2022-05-09 16:07:09","0055i000001ydTWAAY","2022-06-28 09:46:30","0055i000001ydTWAAY","2022-06-28 09:46:30","","","2022","4","000000000000000AAA","","","0085i00000G4qLuAAJ","","","","","","","","0","0","","0","a0q5i000000cAj7AAE","","0","","","","","0","","",""
"0065i000004AkVpAAK","0","0015i000006YHTAAA4","","0","RFID Key Cards","","Proposal/Price Quote","7","","75","","","2022-10-30 00:00:00","","","","0","0","Pipeline","Pipeline","000000000000000AAA","","01s5i000002G6QUAA0","0055i000001ydTWAAY","2022-05-09 16:07:09","0055i000001ydTWAAY","2022-05-09 16:07:09","0055i000001ydTWAAY","2022-05-09 16:07:09","","","2018","4","000000000000000AAA","","","","","","","","","","","0","0","","0","a0q5i000000cAj8AAE","","0","","","","","","","",""
"0065i000004AkVqAAK","0","0015i000006YHTAAA4","","0","Spare Key Cards","","Proposal/Price Quote","7","","75","","","2022-10-30 00:00:00","","","","0","0","Pipeline","Pipeline","000000000000000AAA","","01s5i000002G6QUAA0","0055i000001ydTWAAY","2022-05-09 16:07:09","0055i000001ydTWAAY","2022-05-09 16:07:09","0055i000001ydTWAAY","2022-05-09 16:07:09","","","2018","4","000000000000000AAA","","","","","","","","","","","0","0","","0","a0q5i000000cAj9AAE","","0","","","","","","","",""
"0065i000004AkVrAAK","0","0015i000006YHTIAA4","","0","Tablets and software for marketing","","Closed Won","9","0","100","0","2","2022-03-13 00:00:00","Conquest","","","1","1","Closed","Closed","000000000000000AAA","1","01s5i000002G6QUAA0","0055i000001ydTWAAY","2022-05-09 16:07:09","0055i000001ydTWAAY","2022-06-29 04:16:59","0055i000001ydTWAAY","2022-06-29 04:16:59","","2022-09-10 23:34:40","2022","1","0035i000005ssgkAAA","","","0085i00000G4rfuAAB","","","","","","","","0","0","","0","a0q5i000000cAjAAAU","","0","","","","","0","","",""
"0065i000004AkVsAAK","0","0015i000006YHT6AAO","","0","Laptop, productivity, and cloud storage for new hires","","Closed Won","9","1176","100","1176","2","2021-09-14 00:00:00","","","Purchased List","1","1","Closed","Closed","000000000000000AAA","1","01s5i000002G6QUAA0","0055i000001ydTWAAY","2022-05-09 16:07:09","0055i000001ydTWAAY","2022-06-30 05:34:38","0055i000001ydTWAAY","2022-06-30 05:34:38","","2022-09-10 23:40:05","2021","3","0035i000005ssgRAAQ","","","0085i00000G56DDAAZ","","","","","","","","0","0","","0","a0q5i000000cAjBAAU","","0","","","","","0","","",""
"0065i000004AkVtAAK","0","0015i000006YHT9AAO","","0","Security cameras with offsite video","","Closed Won","9","1130","100","1130","23","2022-03-16 00:00:00","","","Word of mouth","1","1","Closed","Closed","000000000000000AAA","1","01s5i000002G6QUAA0","0055i000001ydTWAAY","2022-05-09 16:07:09","0055i000001ydTWAAY","2022-05-09 16:07:09","0055i000001ydTWAAY","2022-05-09 16:07:09","","2022-09-10 23:44:19","2019","1","0035i000005ssgWAAQ","","","","","","","","","","","0","0","","0","a0q5i000000cAjCAAU","","0","","","","","","","",""
"0065i000004AkVuAAK","0","0015i000006YHT9AAO","","0","Replacement laptop with productivity and softphone","","Closed Won","9","2410","100","2410","6","2021-09-14 00:00:00","","","Word of mouth","1","1","Closed","Closed","000000000000000AAA","1","01s5i000002G6QUAA0","0055i000001ydTWAAY","2022-05-09 16:07:09","0055i000001ydTWAAY","2022-05-09 16:07:09","0055i000001ydTWAAY","2022-05-09 16:07:09","","2022-09-10 23:48:11","2018","3","0035i000005ssgWAAQ","","","","","","","","","","","0","0","","0","a0q5i000000cAjDAAU","","0","","","","","","","",""
"0065i000004AkVvAAK","0","0015i000006YHT7AAO","","0","Softphones for customer service expansion","","Closed Won","9","800","100","800","16","2021-09-18 00:00:00","","","External Referral","1","1","Closed","Closed","000000000000000AAA","1","01s5i000002G6QUAA0","0055i000001ydTWAAY","2022-05-09 16:07:09","0055i000001ydTWAAY","2022-05-09 16:07:09","0055i000001ydTWAAY","2022-05-09 16:07:09","","2022-09-10 23:51:29","2018","3","0035i000005ssgSAAQ","","","","","","","","","","","0","0","","0","a0q5i000000cAjEAAU","","0","","","","","","","",""
"0065i000004AkVwAAK","0","0015i000006YHTIAA4","","0","Tablet for field service","","Closed Won","9","165","100","165","2","2022-03-21 00:00:00","","","","1","1","Closed","Closed","000000000000000AAA","1","01s5i000002G6QUAA0","0055i000001ydTWAAY","2022-05-09 16:07:09","0055i000001ydTWAAY","2022-05-09 16:07:09","0055i000001ydTWAAY","2022-05-09 16:07:09","","2022-09-10 23:55:10","2019","1","0035i000005ssgkAAA","","","","","","","","","","","0","0","","0","a0q5i000000cAjFAAU","","0","","","","","","","",""
"0065i000004AkVxAAK","0","0015i000006YHT4AAO","","0","Password Manager Licenses for All Employees","","Proposal/Price Quote","7","","75","","","2023-08-22 00:00:00","Amendment","","Web","0","0","Pipeline","Pipeline","000000000000000AAA","","01s5i000005YPxvAAG","0055i000001ydTWAAY","2022-05-09 16:07:09","0055i000001ydTWAAY","2022-06-30 10:01:17","0055i000001ydTWAAY","2022-06-30 10:01:17","","","2023","3","0035i000005ssgPAAQ","","","","","","","","","","","0","0","","0","a0q5i000000cmXWAAY","","0","","","","","0","","",""
"0065i000004AkVyAAK","0","0015i000006YHT4AAO","","0","Virtual Meeting for Training Team","","Proposal/Price Quote","7","99","75","74.25","1","2023-08-22 00:00:00","Amendment","","Web","0","0","Pipeline","Pipeline","000000000000000AAA","1","01s5i000002G6QUAA0","0055i000001ydTWAAY","2022-05-09 16:07:09","0055i000001ydTWAAY","2022-06-23 05:22:44","0055i000001ydTWAAY","2022-06-23 05:22:44","","","2023","3","0035i000005ssgPAAQ","","","0085i00000G4SuDAAV","","","","","","","","0","0","","0","a0q5i000000cfjFAAQ","","0","","","","","0","","",""
"0065i000004AkVzAAK","0","0015i000006YHT4AAO","","0","Productivity Suite for Two Years","","Proposal/Price Quote","7","","75","","","2023-08-22 00:00:00","","","Web","0","0","Pipeline","Pipeline","000000000000000AAA","","01s5i000002G6QUAA0","0055i000001ydTWAAY","2022-05-09 16:07:09","0055i000001ydTWAAY","2022-05-09 16:07:09","0055i000001ydTWAAY","2022-05-09 16:07:09","","","2020","3","0035i000005ssgPAAQ","","","","","","","","","","","0","0","","0","a0q5i000000cAjHAAU","","0","","","","","","","",""
"0065i000004AkW0AAK","0","0015i000006YHT4AAO","","0","Multi-year VPN Licenses for Remote Employees","","Proposal/Price Quote","7","","75","","","2023-08-22 00:00:00","","","Web","0","0","Pipeline","Pipeline","000000000000000AAA","","01s5i000002G6QUAA0","0055i000001ydTWAAY","2022-05-09 16:07:09","0055i000001ydTWAAY","2022-05-09 16:07:09","0055i000001ydTWAAY","2022-05-09 16:07:09","","","2020","3","0035i000005ssgPAAQ","","","","","","","","","","","0","0","","0","a0q5i000000cAjIAAU","","0","","","","","","","",""
"0065i000004AkW1AAK","0","0015i000006YHT4AAO","","0","New VPN Licenses with Activation","","Proposal/Price Quote","7","","75","","","2023-08-22 00:00:00","","","Web","0","0","Pipeline","Pipeline","000000000000000AAA","","01s5i000002G6QUAA0","0055i000001ydTWAAY","2022-05-09 16:07:09","0055i000001ydTWAAY","2022-05-09 16:07:09","0055i000001ydTWAAY","2022-05-09 16:07:09","","","2020","3","0035i000005ssgPAAQ","","","","","","","","","","","0","0","","0","a0q5i000000cAjJAAU","","0","","","","","","","",""
"0065i000004AkW2AAK","0","0015i000006YHT4AAO","","0","Password Managers for Long Term Contract","","Proposal/Price Quote","7","","75","","","2023-08-22 00:00:00","","","Web","0","0","Pipeline","Pipeline","000000000000000AAA","","01s5i000002G6QUAA0","0055i000001ydTWAAY","2022-05-09 16:07:09","0055i000001ydTWAAY","2022-05-09 16:07:09","0055i000001ydTWAAY","2022-05-09 16:07:09","","","2020","3","0035i000005ssgPAAQ","","","","","","","","","","","0","0","","0","a0q5i000000cAjKAAU","","0","","","","","","","",""
"0065i000004AkW3AAK","0","0015i000006YHTJAA4","","0","Tech for western campus","","Proposal/Price Quote","7","20","75","15","1","2023-08-26 00:00:00","Conquest","","","0","0","Pipeline","Pipeline","000000000000000AAA","1","01s5i000002G6QUAA0","0055i000001ydTWAAY","2022-05-09 16:07:09","0055i000001ydTWAAY","2022-06-27 07:23:14","0055i000001ydTWAAY","2022-06-27 07:23:14","","","2023","3","0035i000005ssglAAA","","","0085i00000G4kiZAAR","","","","","","","","0","0","","0","a0q5i000000cAjLAAU","","0","","","","","0","","",""
"0065i000004AkW4AAK","0","0015i000006YHTJAA4","","0","Printer for CFO office","","Proposal/Price Quote","7","450","75","337.5","8","2023-08-26 00:00:00","New Customer","","","0","0","Pipeline","Pipeline","000000000000000AAA","1","01s5i000002G6QUAA0","0055i000001ydTWAAY","2022-05-09 16:07:09","0055i000001ydTWAAY","2022-05-09 16:07:09","0055i000001ydTWAAY","2022-05-09 16:07:09","","","2020","3","0035i000005ssglAAA","","","","","","","","","","","0","0","","0","a0q5i000000cAjMAAU","","0","","","","","","","",""
"0065i000004AkW5AAK","0","0015i000006YHTJAA4","","0","Remote nurse workstations","","Proposal/Price Quote","7","","75","","","2023-08-26 00:00:00","New Customer","","","0","0","Pipeline","Pipeline","000000000000000AAA","","01s5i000002G6QUAA0","0055i000001ydTWAAY","2022-05-09 16:07:09","0055i000001ydTWAAY","2022-05-09 16:07:09","0055i000001ydTWAAY","2022-05-09 16:07:09","","","2020","3","0035i000005ssglAAA","","","","","","","","","","","0","0","","0","a0q5i000000cAjNAAU","","0","","","","","","","",""
"0065i000004AkW6AAK","0","0015i000006YHTJAA4","","0","Remote medical records workstations","","Proposal/Price Quote","7","","75","","","2023-08-26 00:00:00","New Customer","","","0","0","Pipeline","Pipeline","000000000000000AAA","","01s5i000002G6QUAA0","0055i000001ydTWAAY","2022-05-09 16:07:09","0055i000001ydTWAAY","2022-05-09 16:07:09","0055i000001ydTWAAY","2022-05-09 16:07:09","","","2020","3","0035i000005ssglAAA","","","","","","","","","","","0","0","","0","a0q5i000000cAjOAAU","","0","","","","","","","",""
"0065i000004AkW7AAK","0","0015i000006YHTJAA4","","0","Monitor for radiology","","Proposal/Price Quote","7","","75","","","2023-08-26 00:00:00","New Customer","","","0","0","Pipeline","Pipeline","000000000000000AAA","","01s5i000002G6QUAA0","0055i000001ydTWAAY","2022-05-09 16:07:09","0055i000001ydTWAAY","2022-05-09 16:07:09","0055i000001ydTWAAY","2022-05-09 16:07:09","","","2020","3","0035i000005ssglAAA","","","","","","","","","","","0","0","","0","a0q5i000000cAjPAAU","","0","","","","","","","",""
"0065i000004AkW8AAK","0","0015i000006YHTFAA4","","0","Home automation for primary residence","","Proposal/Price Quote","7","0","75","0","0","2023-08-26 00:00:00","Conquest","","","0","0","Pipeline","Pipeline","000000000000000AAA","0","01s5i000002G6QUAA0","0055i000001ydTWAAY","2022-05-09 16:07:09","0055i000001ydTWAAY","2022-07-01 06:08:43","0055i000001ydTWAAY","2022-07-01 06:08:43","","","2023","3","0035i000005ssghAAA","","","0085i00000G5DrcAAF","","","","","","","","0","0","","0","a0q5i000000cqMoAAI","","0","","","","","0","","",""
"0065i000004AkW9AAK","0","0015i000006YHTKAA4","","0","Home automation for guest house","","Proposal/Price Quote","7","2095","75","1571.25","3","2023-08-26 00:00:00","","","","0","0","Pipeline","Pipeline","000000000000000AAA","1","01s5i000002G6QUAA0","0055i000001ydTWAAY","2022-05-09 16:07:09","0055i000001ydTWAAY","2022-06-25 07:41:32","0055i000001ydTWAAY","2022-06-25 07:41:32","","","2023","3","0035i000005ssgmAAA","","","0085i00000G4f2rAAB","","","","","","","","0","0","","0","a0q5i000000cAjRAAU","","0","","","","","0","","",""
"0065i000004AkWAAA0","0","0015i000006YHTKAA4","","0","Smartwatch for Philip","","Proposal/Price Quote","7","120","75","90","3","2023-08-26 00:00:00","","","","0","0","Pipeline","Pipeline","000000000000000AAA","1","01s5i000002G6QUAA0","0055i000001ydTWAAY","2022-05-09 16:07:09","0055i000001ydTWAAY","2022-06-21 06:20:45","0055i000001ydTWAAY","2022-06-21 06:20:45","","","2023","3","0035i000005ssgmAAA","","","0085i000005LVSyAAO","","","","","","","","0","0","","0","a0q5i000000cAjSAAU","","0","","","","","0","","",""
"0065i000004AkWBAA0","0","0015i000006YHTKAA4","","0","Smartwatch for Philip's daughter","","Proposal/Price Quote","7","","75","","","2023-08-26 00:00:00","","","","0","0","Pipeline","Pipeline","000000000000000AAA","","01s5i000002G6QUAA0","0055i000001ydTWAAY","2022-05-09 16:07:09","0055i000001ydTWAAY","2022-05-09 16:07:09","0055i000001ydTWAAY","2022-05-09 16:07:09","","","2020","3","0035i000005ssgmAAA","","","","","","","","","","","0","0","","0","a0q5i000000cAjTAAU","","0","","","","","","","",""
"0065i0000060CyRAAU","0","0015i000006YHTDAA4","0125i000000ka8X","0","Opp Test","","Negotiation/Review","8","","90","","","2022-07-01 00:00:00","Amendment","","","0","0","Pipeline","Pipeline","000000000000000AAA","","","0055i000001ydTWAAY","2022-06-22 06:41:13","0055i000001ydTWAAY","2022-06-22 06:41:13","0055i000001ydTWAAY","2022-06-22 06:41:13","","","2022","3","000000000000000AAA","","","","","","","","","","","0","0","","0","","","0","","","","","0","","",""
"0065i0000060Ed7AAE","0","0015i000006YHTIAA4","0125i000000ka8X","0","Oppo","","Negotiation/Review","8","","90","","","2022-07-07 00:00:00","Amendment","","","0","0","Pipeline","Pipeline","000000000000000AAA","","","0055i000001ydTWAAY","2022-06-22 10:04:20","0055i000001ydTWAAY","2022-06-22 10:04:20","0055i000001ydTWAAY","2022-06-22 10:04:20","","","2022","3","000000000000000AAA","","","","","","","","","","","0","0","","0","","","0","","","","","0","","",""
"0065i0000060EvmAAE","0","0015i000006YHTIAA4","0125i000000ka8X","0","Amendment for contract #00000100","","Negotiation/Review","8","-166.66","90","-149.994","-2","2022-06-22 00:00:00","Amendment","","","0","0","Pipeline","Pipeline","000000000000000AAA","1","01s5i000002G6QUAA0","0055i000001ydTWAAY","2022-06-22 10:30:48","0055i000001ydTWAAY","2022-06-22 10:36:44","0055i000001ydTWAAY","2022-06-22 10:36:44","","","2022","2","000000000000000AAA","","","0085i00000G4OvHAAV","","","","","","","8005i000000HPOgAAO","0","0","","0","a0q5i000000cfSAAAY","","0","","","","","0","","",""
"0065i0000060HeKAAU","0","0015i000006YHTIAA4","0125i000000ka8X","0","Amendment for contract #00000100","","Negotiation/Review","8","104.15","90","93.73500000000001","5","2022-06-22 00:00:00","Amendment","","","0","0","Pipeline","Pipeline","000000000000000AAA","1","01s5i000002G6QUAA0","0055i000001ydTWAAY","2022-06-23 04:08:59","0055i000001ydTWAAY","2022-06-23 04:35:46","0055i000001ydTWAAY","2022-06-23 04:35:46","","","2022","2","000000000000000AAA","","","0085i00000G4STqAAN","","","","","","","8005i000000HPOgAAO","0","0","","0","a0q5i000000cfj5AAA","","0","","","","","0","","",""
"0065i0000060HeZAAU","0","0015i000006YHT6AAO","0125i000000ka8X","0","Renewal Opportunity","","Negotiation/Review","8","2640","90","2376","36","2023-09-25 00:00:00","Amendment","","","0","0","Pipeline","Pipeline","000000000000000AAA","1","01s5i000002G6QUAA0","0055i000001ydTWAAY","2022-06-23 04:16:34","0055i000001ydTWAAY","2022-06-23 04:16:52","0055i000001ydTWAAY","2022-06-23 04:16:52","","","2023","3","0035i000005ssgRAAQ","","","0085i00000G4SUyAAN","","","","","","","","0","0","","0","","","1","8005i000000HPOhAAO","","","","0","","",""
"0065i0000060HmYAAU","0","0015i000006YHTIAA4","0125i000000ka8X","0","Amendment for contract #00000100","","Negotiation/Review","8","-416.65","90","-374.985","-5","2022-06-22 00:00:00","Amendment","","","0","0","Pipeline","Pipeline","000000000000000AAA","1","01s5i000002G6QUAA0","0055i000001ydTWAAY","2022-06-23 05:31:15","0055i000001ydTWAAY","2022-06-23 05:32:22","0055i000001ydTWAAY","2022-06-23 05:32:22","","","2022","2","000000000000000AAA","","","0085i00000G4SxlAAF","","","","","","","8005i000000HPOgAAO","0","0","","0","a0q5i000000cfnXAAQ","","0","","","","","0","","",""
"0065i0000060HnSAAU","0","0015i000006YHTIAA4","0125i000000ka8X","0","Amendment for contract #00000100","","Negotiation/Review","8","-416.65","90","-374.985","-5","2022-06-22 00:00:00","Amendment","","","0","0","Pipeline","Pipeline","000000000000000AAA","1","01s5i000002G6QUAA0","0055i000001ydTWAAY","2022-06-23 05:41:45","0055i000001ydTWAAY","2022-06-23 05:42:36","0055i000001ydTWAAY","2022-06-23 05:42:36","","","2022","2","000000000000000AAA","","","0085i00000G4T3jAAF","","","","","","","8005i000000HPOgAAO","0","0","","0","a0q5i000000cfrkAAA","","0","","","","","0","","",""
"0065i0000060IIQAA2","0","0015i000006YHT9AAO","0125i000000ka8X","0","Renewal Opportunity","","Negotiation/Review","8","180","90","162","15","2023-03-26 00:00:00","Amendment","","","0","0","Pipeline","Pipeline","000000000000000AAA","1","01s5i000002G6QUAA0","0055i000001ydTWAAY","2022-06-23 07:22:39","0055i000001ydTWAAY","2022-06-23 07:22:58","0055i000001ydTWAAY","2022-06-23 07:22:58","","","2023","1","0035i000005ssgWAAQ","","","0085i00000G4Th5AAF","","","","","","","","0","0","","0","","","1","8005i000000HPOiAAO","","","","0","","",""
"0065i0000060LFYAA2","0","0015i000006YHTIAA4","0125i000000ka8X","0","Amendment for contract #00000105","","Negotiation/Review","8","3990","90","3591","12","2022-06-24 00:00:00","Conquest","","","0","0","Pipeline","Pipeline","000000000000000AAA","1","01s5i000002G6QUAA0","0055i000001ydTWAAY","2022-06-24 07:01:20","0055i000001ydTWAAY","2022-06-28 10:35:08","0055i000001ydTWAAY","2022-06-28 10:35:08","","","2022","2","000000000000000AAA","","","0085i00000G4ryhAAB","","","","","","","8005i000000HPOlAAO","0","0","","0","a0q5i000000cgqBAAQ","","0","","","","","0","","",""
"0065i0000060LIKAA2","0","0015i000006YHTIAA4","0125i000000ka8X","0","Renewal Opportunity","","Closed Won","9","15","100","15","1","2022-06-24 00:00:00","","","","1","1","Closed","Closed","000000000000000AAA","1","01s5i000002G6QUAA0","0055i000001ydTWAAY","2022-06-24 07:19:09","0055i000001ydTWAAY","2022-06-24 07:47:55","0055i000001ydTWAAY","2022-06-24 07:47:55","","2022-06-24 07:47:55","2022","2","0035i000005ssgkAAA","","","0085i00000G4aNeAAJ","0085i00000G4aQkAAJ","","","","","","","0","0","","0","","","1","8005i000000HPOlAAO","","","","0","","",""
"0065i0000060LxyAAE","0","0015i000006YHTIAA4","0125i000000ka8X","0","Renewal Opportunity","","Closed Won","9","15","100","15","1","2022-06-24 00:00:00","","","","1","1","Closed","Closed","000000000000000AAA","1","01s5i000002G6QUAA0","0055i000001ydTWAAY","2022-06-24 07:40:52","0055i000001ydTWAAY","2022-06-24 07:41:57","0055i000001ydTWAAY","2022-06-24 07:41:57","","2022-06-24 07:41:57","2022","2","0035i000005ssgkAAA","","","0085i00000G4aNfAAJ","0085i00000G4aOjAAJ","","","","","","","0","0","","0","","","1","8005i000000HPOlAAO","","","","0","","",""
"0065i0000060QmKAAU","0","0015i000006YHTIAA4","0125i000000ka8X","0","Renewal Opportunity","","Negotiation/Review","8","625","90","562.5","10","2022-03-25 00:00:00","","","","0","0","Pipeline","Pipeline","000000000000000AAA","1","01s5i000002G6QUAA0","0055i000001ydTWAAY","2022-06-25 06:59:19","0055i000001ydTWAAY","2022-06-25 06:59:31","0055i000001ydTWAAY","2022-06-25 06:59:31","","","2022","1","0035i000005ssgkAAA","","","0085i00000G4evqAAB","","","","","","","","0","0","","0","a0q5i000000ch0iAAA","","1","8005i000000HPOgAAO","","","","0","","",""
"0065i0000060QqHAAU","0","0015i000006YHTIAA4","0125i000000ka8X","0","Renewal Opportunity","","Negotiation/Review","8","","90","","","2023-06-21 00:00:00","","","","0","0","Pipeline","Pipeline","000000000000000AAA","","01s5i000002G6QUAA0","0055i000001ydTWAAY","2022-06-25 07:04:55","0055i000001ydTWAAY","2022-06-25 07:05:02","0055i000001ydTWAAY","2022-06-25 07:05:02","","","2023","2","000000000000000AAA","","","","","","","","","","","0","0","","0","a0q5i000000ch0oAAA","","1","8005i000000x4p8AAA","","","","0","","",""
"0065i0000060UTLAA2","0","0015i000006YHT4AAO","0125i000000ka8X","0","Renewal Opportunity","","Negotiation/Review","8","","90","","","2023-06-21 00:00:00","","","","0","0","Pipeline","Pipeline","000000000000000AAA","","01s5i000002G6QUAA0","0055i000001ydTWAAY","2022-06-27 06:09:43","0055i000001ydTWAAY","2022-06-27 06:09:59","0055i000001ydTWAAY","2022-06-27 06:09:59","","","2023","2","000000000000000AAA","","","","","","","","","","","0","0","","0","","","1","8005i000000x5A9AAI","","","","0","","",""
"0065i0000060k9rAAA","0","0015i000006YHTDAA4","0125i000000ka8X","0","New OPP","","Negotiation/Review","8","50000","90","45000","","2022-06-15 00:00:00","Amendment","","","0","0","Pipeline","Pipeline","000000000000000AAA","","","0055i000001ydTWAAY","2022-06-30 10:52:50","0055i000001ydTWAAY","2022-06-30 10:52:50","0055i000001ydTWAAY","2022-06-30 10:52:50","","","2022","2","000000000000000AAA","","","","","","","","","","","0","0","","0","","","0","","","","","0","","",""
"0065i0000060lWWAAY","0","0015i000006YHT6AAO","0125i000000ka8X","0","Amendment for contract #00000101","","Negotiation/Review","8","","90","","","2022-06-30 00:00:00","Amendment","","","0","0","Pipeline","Pipeline","000000000000000AAA","","01s5i000002G6QUAA0","0055i000001ydTWAAY","2022-07-01 03:57:24","0055i000001ydTWAAY","2022-07-01 03:57:26","0055i000001ydTWAAY","2022-07-01 03:57:26","","","2022","2","000000000000000AAA","","","","","","","","","","8005i000000HPOhAAO","0","0","","0","a0q5i000000cqKxAAI","","0","","","","","0","","",""
"0065i0000060lXtAAI","0","0015i000006YHTIAA4","0125i000000ka8X","0","Testing OppType","","Negotiation/Review","8","","90","","","2022-07-15 00:00:00","Amendment","","","0","0","Pipeline","Pipeline","000000000000000AAA","","","0055i000001ydTWAAY","2022-07-01 04:09:07","0055i000001ydTWAAY","2022-07-01 04:09:07","0055i000001ydTWAAY","2022-07-01 04:09:07","","","2022","3","000000000000000AAA","","","","","","","","","","","0","0","","0","","","0","","","","","0","","",""
"0065i0000060lybAAA","0","0015i000006YHT6AAO","0125i000000ka8X","0","Amendment for contract #00000101","","Negotiation/Review","8","","90","","","2022-06-30 00:00:00","Amendment","","","0","0","Pipeline","Pipeline","000000000000000AAA","","01s5i000002G6QUAA0","0055i000001ydTWAAY","2022-07-01 06:08:38","0055i000001ydTWAAY","2022-07-01 06:08:38","0055i000001ydTWAAY","2022-07-01 06:08:38","","","2022","2","000000000000000AAA","","","","","","","","","","8005i000000HPOhAAO","0","0","","0","a0q5i000000cqMtAAI","","0","","","","","0","","",""
"0065i000009gEdFAAU","0","0015i000006YHTGAA4","0125i000000ka8X","0","Closed Won Opp","","Discover","11","","10","","","2022-11-30 00:00:00","Conquest","","","0","0","Pipeline","Pipeline","000000000000000AAA","","","0055i000001ydTWAAY","2022-11-02 06:52:59","0055i000001ydTWAAY","2022-11-29 05:41:12","0055i000001ydTWAAY","2022-11-29 05:41:12","","","2022","4","000000000000000AAA","","","","","","","","","","","0","0","","0","a0q5i000000e6rvAAA","","0","","","","","0","","",""
"0065i000009gTKPAA2","0","0015i000006d8lUAAQ","0125i000000ka8X","0","Sample Opp","","Discover","11","","10","","","2022-12-08 00:00:00","Conquest","","","0","0","Pipeline","Pipeline","000000000000000AAA","","","0055i000001ydTWAAY","2022-11-29 07:04:13","0055i000001ydTWAAY","2022-11-29 07:04:13","0055i000001ydTWAAY","2022-11-29 07:04:13","","","2022","4","000000000000000AAA","","","","","","","","","","","0","0","","0","","","0","","","","","0","","",""
"0065i000009gTKZAA2","0","0015i00000SbBMvAAN","0125i000000ka8X","0","Karthik Opp","","Discover","11","","10","","","2022-11-30 00:00:00","Conquest","","","0","0","Pipeline","Pipeline","000000000000000AAA","","","0055i000001ydTWAAY","2022-11-29 07:05:11","0055i000001ydTWAAY","2022-11-29 07:05:11","0055i000001ydTWAAY","2022-11-29 07:05:11","","","2022","4","000000000000000AAA","","","","","","","","","","","0","0","","0","","","0","","","","","0","","",""
"0065i000009gTKeAAM","0","0015i000006YHTFAA4","0125i000000ka8X","0","Sample Opp1","","Closed Lost","10","","0","","","2022-12-07 00:00:00","Amendment","","","1","0","Omitted","Omitted","000000000000000AAA","","","0055i000001ydTWAAY","2022-11-29 07:05:44","0055i000001ydTWAAY","2022-11-29 07:05:44","0055i000001ydTWAAY","2022-11-29 07:05:44","","","2022","4","000000000000000AAA","","","","","","","","","","","0","0","","0","","","0","","","","","0","","",""
"0065i000009gTOWAA2","0","0015i00000SbBMvAAN","0125i000000ka8X","0","Arathi Kaur","","Discover","11","","10","","","2022-11-30 00:00:00","Conquest","","","0","0","Pipeline","Pipeline","000000000000000AAA","","01s5i000002G6QUAA0","0055i000001ydTWAAY","2022-11-29 07:50:13","0055i000001ydTWAAY","2022-12-01 06:56:44","0055i000001ydTWAAY","2022-12-01 06:56:44","","","2022","4","0035i00000FNFsMAAX","","","","","","","","","","","0","0","","0","","","0","","","","","0","","",""
