"Id","OwnerId","ContractId","AccountId","Pricebook2Id","OriginalOrderId","OpportunityId","EffectiveDate","EndDate","IsReductionOrder","Status","Description","CustomerAuthorizedById","CustomerAuthorizedDate","CompanyAuthorizedById","CompanyAuthorizedDate","Type","BillingStreet","BillingCity","BillingState","BillingPostalCode","BillingCountry","BillingLatitude","BillingLongitude","BillingGeocodeAccuracy","ShippingStreet","ShippingCity","ShippingState","ShippingPostalCode","ShippingCountry","ShippingLatitude","ShippingLongitude","ShippingGeocodeAccuracy","Name","PoDate","PoNumber","OrderReferenceNumber","BillToContactId","ShipToContactId","ActivatedDate","ActivatedById","StatusCode","OrderNumber","TotalAmount","CreatedDate","CreatedById","LastModifiedDate","LastModifiedById","IsDeleted","SystemModstamp","SBQQ__Contracted__c","SBQQ__ContractingMethod__c","SBQQ__PaymentTerm__c","SBQQ__PriceCalcStatusMessage__c","SBQQ__PriceCalcStatus__c","SBQQ__Quote__c","SBQQ__RenewalTerm__c","SBQQ__RenewalUpliftRate__c","SBQQ__OrderBookings__c","SBQQ__TaxAmount__c","blng__BillNow__c","blng__BillingAccount__c","blng__BillingDayOfMonth__c","blng__InvoiceBatch__c","blng__BilledAmountwithouttax__c","blng__BilledTax__c","blng__CanceledBillings__c","blng__PendingBillings__c"
"8015i000000lGwZAAU","0055i000001ydTWAAY","000000000000000AAA","0015i000006d8lUAAQ","01s5i000002G6QUAA0","000000000000000AAA","0065i000002jnA3AAI","2022-05-30 00:00:00","","0","Activated","","000000000000000AAA","","000000000000000AAA","","New","","Hyderabad","TG","","INDIA","","","","","Hyderabad","TG","","INDIA","","","","","","","","000000000000000AAA","000000000000000AAA","2022-05-30 10:29:26","0055i000001ydTWAAY","Activated","00000129","575","2022-05-30 10:27:08","0055i000001ydTWAAY","2022-05-30 11:17:27","0055i000001ydTWAAY","0","2022-05-30 11:17:27","1","By Subscription End Date","Net 30","You do not have read permission for field Opportunity ID on object Order. Please contact your administrator.","Failed","a0q5i000000cNGTAA2","","","575","0","0","","30","","0.0","0","0","575.00"
"8015i000000lJ6iAAE","0055i000001ydTWAAY","000000000000000AAA","0015i000006YHTIAA4","","000000000000000AAA","000000000000000AAA","2022-06-15 00:00:00","","0","Draft","","000000000000000AAA","","000000000000000AAA","","","LB Nagar","Fawnfield","IL","60015","United States","","","","570 Cake Look Rd","Fawnfield","IL","60015","United States","","","","","","","","000000000000000AAA","000000000000000AAA","","000000000000000AAA","Draft","00000132","0","2022-06-02 10:31:23","0055i000001ydTWAAY","2022-06-02 10:31:23","0055i000001ydTWAAY","0","2022-06-02 10:31:23","1","","Net 30","","Not Started","","","","0","0","0","","15","","0","0","0","0"
"8015i000000lJ6yAAE","0055i000001ydTWAAY","000000000000000AAA","0015i000006YHTIAA4","","000000000000000AAA","000000000000000AAA","2022-06-10 00:00:00","","0","Draft","","000000000000000AAA","","000000000000000AAA","","","LB Nagar","Fawnfield","IL","60015","United States","","","","570 Cake Look Rd","Fawnfield","IL","60015","United States","","","","","","","","000000000000000AAA","000000000000000AAA","","000000000000000AAA","Draft","00000137","0","2022-06-02 10:50:49","0055i000001ydTWAAY","2022-06-03 04:59:22","0055i000001ydTWAAY","0","2022-06-03 04:59:22","0","","Net 30","","Not Started","","","","0","0","0","","10","","0","0","0","0"
"8015i000000lJrFAAU","0055i000001ydTWAAY","000000000000000AAA","0015i000006YHTIAA4","","000000000000000AAA","000000000000000AAA","2022-06-05 00:00:00","","0","Draft","","000000000000000AAA","","000000000000000AAA","","","","","","","","","","","","","","","","","","","","","","","000000000000000AAA","000000000000000AAA","","000000000000000AAA","Draft","00000138","0","2022-06-06 06:20:38","0055i000001ydTWAAY","2022-06-06 06:20:38","0055i000001ydTWAAY","0","2022-06-06 06:20:38","0","","Net 30","","Not Started","","","","0","0","0","","5","","0","0","0","0"
"8015i000000lJrPAAU","0055i000001ydTWAAY","000000000000000AAA","0015i000006YHTIAA4","","000000000000000AAA","000000000000000AAA","2022-06-05 00:00:00","","0","Draft","","000000000000000AAA","","000000000000000AAA","","","LB Nagar","","","","","","","","","","","","","","","","","","","","000000000000000AAA","000000000000000AAA","","000000000000000AAA","Draft","00000139","0","2022-06-06 06:22:08","0055i000001ydTWAAY","2022-06-06 06:22:08","0055i000001ydTWAAY","0","2022-06-06 06:22:08","0","","Net 30","","Not Started","","","","0","0","0","","5","","0","0","0","0"
"8015i000000lJrjAAE","0055i000001ydTWAAY","000000000000000AAA","0015i000006YHTIAA4","","000000000000000AAA","000000000000000AAA","2022-06-05 00:00:00","","0","Draft","","000000000000000AAA","","000000000000000AAA","","","LB Nagar","","","","","","","","","","","","","","","","","","","","000000000000000AAA","000000000000000AAA","","000000000000000AAA","Draft","00000140","0","2022-06-06 06:27:41","0055i000001ydTWAAY","2022-06-06 06:27:41","0055i000001ydTWAAY","0","2022-06-06 06:27:41","0","","Net 30","","Not Started","","","","0","0","0","","5","","0","0","0","0"
"8015i000000lJrtAAE","0055i000001ydTWAAY","000000000000000AAA","0015i000006YHTIAA4","","000000000000000AAA","000000000000000AAA","2022-06-05 00:00:00","","0","Draft","","000000000000000AAA","","000000000000000AAA","","","LB Nagar","","","","","","","","","","","","","","","","","","","","000000000000000AAA","000000000000000AAA","","000000000000000AAA","Draft","00000141","0","2022-06-06 06:28:59","0055i000001ydTWAAY","2022-06-06 06:28:59","0055i000001ydTWAAY","0","2022-06-06 06:28:59","0","","Net 30","","Not Started","","","","0","0","0","","5","","0","0","0","0"
"8015i000000lJryAAE","0055i000001ydTWAAY","000000000000000AAA","0015i000006YHTIAA4","","000000000000000AAA","000000000000000AAA","2022-06-05 00:00:00","","0","Draft","","000000000000000AAA","","000000000000000AAA","","","LB Nagar","","","","","","","","","","","","","","","","","","","","000000000000000AAA","000000000000000AAA","","000000000000000AAA","Draft","00000142","0","2022-06-06 06:29:34","0055i000001ydTWAAY","2022-06-06 06:29:34","0055i000001ydTWAAY","0","2022-06-06 06:29:34","0","","Net 30","","Not Started","","","","0","0","0","","5","","0","0","0","0"
"8015i000000lJsXAAU","0055i000001ydTWAAY","000000000000000AAA","0015i000006YHT6AAO","","000000000000000AAA","000000000000000AAA","2022-06-05 00:00:00","","0","Draft","","000000000000000AAA","","000000000000000AAA","","","LB Nagar","","","","","","","","","","","","","","","","","","","","000000000000000AAA","000000000000000AAA","","000000000000000AAA","Draft","00000143","0","2022-06-06 06:35:42","0055i000001ydTWAAY","2022-06-06 06:35:42","0055i000001ydTWAAY","0","2022-06-06 06:35:42","0","","Net 30","","Not Started","","","","0","0","0","","5","","0","0","0","0"
"8015i000000lJscAAE","0055i000001ydTWAAY","000000000000000AAA","0015i000006YHT6AAO","","000000000000000AAA","000000000000000AAA","2022-06-05 00:00:00","2022-06-30 00:00:00","0","Draft","","000000000000000AAA","","000000000000000AAA","","","Ameerpet","","","","","","","","","","","","","","","","","","","","000000000000000AAA","000000000000000AAA","","000000000000000AAA","Draft","00000144","0","2022-06-06 06:38:08","0055i000001ydTWAAY","2022-06-19 15:33:45","0055i000001ydTWAAY","0","2022-06-19 15:33:45","0","","Net 30","","Not Started","","","","0","0","0","","5","","0","0","0","0"
"8015i000000lKA2AAM","0055i000001ydTWAAY","000000000000000AAA","0015i000006YHT3AAO","","000000000000000AAA","000000000000000AAA","2022-06-06 00:00:00","","0","Draft","","000000000000000AAA","","000000000000000AAA","","","LB Nagar","","","","","","","","","","","","","","","","","","","","000000000000000AAA","000000000000000AAA","","000000000000000AAA","Draft","00000150","0","2022-06-06 10:01:27","0055i000001ydTWAAY","2022-06-06 10:01:27","0055i000001ydTWAAY","0","2022-06-06 10:01:27","0","","Net 30","","Not Started","","","","0","0","0","","6","","0","0","0","0"
"8015i000000lKAWAA2","0055i000001ydTWAAY","000000000000000AAA","0015i000006YHT3AAO","","000000000000000AAA","000000000000000AAA","2022-06-06 00:00:00","","0","Draft","","000000000000000AAA","","000000000000000AAA","","","LB Nagar","","","","","","","","","","","","","","","","","","","","000000000000000AAA","000000000000000AAA","","000000000000000AAA","Draft","00000151","0","2022-06-06 10:04:22","0055i000001ydTWAAY","2022-06-06 10:04:22","0055i000001ydTWAAY","0","2022-06-06 10:04:22","0","","Net 30","","Not Started","","","","0","0","0","","6","","0","0","0","0"
"8015i000000lKAlAAM","0055i000001ydTWAAY","000000000000000AAA","0015i000006YHT3AAO","","000000000000000AAA","000000000000000AAA","2022-06-06 00:00:00","","0","Draft","","000000000000000AAA","","000000000000000AAA","","","LB Nagar","","","","","","","","","","","","","","","","","","","","000000000000000AAA","000000000000000AAA","","000000000000000AAA","Draft","00000152","0","2022-06-06 10:06:37","0055i000001ydTWAAY","2022-06-06 10:06:37","0055i000001ydTWAAY","0","2022-06-06 10:06:37","0","","Net 30","","Not Started","","","","0","0","0","","6","","0","0","0","0"
"8015i000000lKB0AAM","0055i000001ydTWAAY","000000000000000AAA","0015i000006YHT3AAO","","000000000000000AAA","000000000000000AAA","2022-06-06 00:00:00","","0","Draft","","000000000000000AAA","","000000000000000AAA","","","LB Nagar","","","","","","","","","","","","","","","","","","","","000000000000000AAA","000000000000000AAA","","000000000000000AAA","Draft","00000153","0","2022-06-06 10:09:02","0055i000001ydTWAAY","2022-06-06 10:09:02","0055i000001ydTWAAY","0","2022-06-06 10:09:02","0","","Net 30","","Not Started","","","","0","0","0","","6","","0","0","0","0"
"8015i000000lKBAAA2","0055i000001ydTWAAY","000000000000000AAA","0015i000006YHT3AAO","","000000000000000AAA","000000000000000AAA","2022-06-06 00:00:00","","0","Draft","","000000000000000AAA","","000000000000000AAA","","","LB Nagar","","","","","","","","","","","","","","","","","","","","000000000000000AAA","000000000000000AAA","","000000000000000AAA","Draft","00000154","0","2022-06-06 10:09:50","0055i000001ydTWAAY","2022-06-06 10:09:50","0055i000001ydTWAAY","0","2022-06-06 10:09:50","0","","Net 30","","Not Started","","","","0","0","0","","6","","0","0","0","0"
"8015i000000lKBjAAM","0055i000001ydTWAAY","000000000000000AAA","0015i000006YHT3AAO","","000000000000000AAA","000000000000000AAA","2022-06-06 00:00:00","","0","Draft","","000000000000000AAA","","000000000000000AAA","","","LB Nagar","","","","","","","","","","","","","","","","","","","","000000000000000AAA","000000000000000AAA","","000000000000000AAA","Draft","00000155","0","2022-06-06 10:18:57","0055i000001ydTWAAY","2022-06-06 10:18:57","0055i000001ydTWAAY","0","2022-06-06 10:18:57","0","","Net 30","","Not Started","","","","0","0","0","","6","","0","0","0","0"
"8015i000000lKBoAAM","0055i000001ydTWAAY","000000000000000AAA","0015i000006YHT3AAO","","000000000000000AAA","000000000000000AAA","2022-06-06 00:00:00","","0","Draft","","000000000000000AAA","","000000000000000AAA","","","LB Nagar","","","","","","","","","","","","","","","","","","","","000000000000000AAA","000000000000000AAA","","000000000000000AAA","Draft","00000156","0","2022-06-06 10:19:24","0055i000001ydTWAAY","2022-06-06 10:19:24","0055i000001ydTWAAY","0","2022-06-06 10:19:24","0","","Net 30","","Not Started","","","","0","0","0","","6","","0","0","0","0"
"8015i000000lKCIAA2","0055i000001ydTWAAY","000000000000000AAA","0015i000006YHT3AAO","","000000000000000AAA","000000000000000AAA","2022-06-06 00:00:00","","0","Draft","","000000000000000AAA","","000000000000000AAA","","","LB Nagar","","","","","","","","","","","","","","","","","","","","000000000000000AAA","000000000000000AAA","","000000000000000AAA","Draft","00000157","0","2022-06-06 10:23:48","0055i000001ydTWAAY","2022-06-06 10:23:48","0055i000001ydTWAAY","0","2022-06-06 10:23:48","0","","Net 30","","Not Started","","","","0","0","0","","6","","0","0","0","0"
"8015i000000lKCXAA2","0055i000001ydTWAAY","000000000000000AAA","0015i000006YHT3AAO","","000000000000000AAA","000000000000000AAA","2022-06-06 00:00:00","","0","Draft","","000000000000000AAA","","000000000000000AAA","","","LB Nagar","","","","","","","","","","","","","","","","","","","","000000000000000AAA","000000000000000AAA","","000000000000000AAA","Draft","00000158","0","2022-06-06 10:25:12","0055i000001ydTWAAY","2022-06-06 10:25:12","0055i000001ydTWAAY","0","2022-06-06 10:25:12","0","","Net 30","","Not Started","","","","0","0","0","","6","","0","0","0","0"
"8015i000000lKayAAE","0055i000001ydTWAAY","000000000000000AAA","0015i000006YHT5AAO","","000000000000000AAA","000000000000000AAA","2022-06-06 00:00:00","","0","Draft","","000000000000000AAA","","000000000000000AAA","","","LB Nagar","","","","","","","","","","","","","","","","","","","","000000000000000AAA","000000000000000AAA","","000000000000000AAA","Draft","00000167","0","2022-06-07 04:21:54","0055i000001ydTWAAY","2022-06-28 05:23:46","0055i000001ydTWAAY","0","2022-06-28 05:23:46","1","","Net 30","","Not Started","","","","0","0","0","","6","","0","0","0","0"
"8015i000000lKb8AAE","0055i000001ydTWAAY","000000000000000AAA","0015i000006YHT5AAO","","000000000000000AAA","000000000000000AAA","2022-06-06 00:00:00","","0","Draft","","000000000000000AAA","","000000000000000AAA","","","DSNR","","","","","","","","","","","","","","","","","","","","000000000000000AAA","000000000000000AAA","","000000000000000AAA","Draft","00000168","0","2022-06-07 04:24:05","0055i000001ydTWAAY","2022-06-07 04:24:05","0055i000001ydTWAAY","0","2022-06-07 04:24:05","0","","Net 30","","Not Started","","","","0","0","0","","6","","0","0","0","0"
"8015i000000lKbcAAE","0055i000001ydTWAAY","000000000000000AAA","0015i000006YHT5AAO","","000000000000000AAA","000000000000000AAA","2022-06-06 00:00:00","","0","Draft","","000000000000000AAA","","000000000000000AAA","","","DSNR","","","","","","","","","","","","","","","","","","","","000000000000000AAA","000000000000000AAA","","000000000000000AAA","Draft","00000169","0","2022-06-07 04:27:41","0055i000001ydTWAAY","2022-06-07 04:27:41","0055i000001ydTWAAY","0","2022-06-07 04:27:41","0","","Net 30","","Not Started","","","","0","0","0","","6","","0","0","0","0"
"8015i000000lKdTAAU","0055i000001ydTWAAY","000000000000000AAA","0015i000006YHT5AAO","","000000000000000AAA","000000000000000AAA","2022-06-06 00:00:00","","0","Draft","","000000000000000AAA","","000000000000000AAA","","","DSNR","","","","","","","","","","","","","","","","","","","","000000000000000AAA","000000000000000AAA","","000000000000000AAA","Draft","00000174","0","2022-06-07 04:38:28","0055i000001ydTWAAY","2022-06-07 04:38:28","0055i000001ydTWAAY","0","2022-06-07 04:38:28","0","","Net 30","","Not Started","","","","0","0","0","","6","","0","0","0","0"
"8015i000000lKeRAAU","0055i000001ydTWAAY","000000000000000AAA","0015i000006YHTDAA4","","000000000000000AAA","000000000000000AAA","2022-06-06 00:00:00","","0","Draft","","000000000000000AAA","","000000000000000AAA","","","SR Nagar","","","","","","","","","","","","","","","","","","","","000000000000000AAA","000000000000000AAA","","000000000000000AAA","Draft","00000179","0","2022-06-07 04:48:32","0055i000001ydTWAAY","2022-06-07 04:48:32","0055i000001ydTWAAY","0","2022-06-07 04:48:32","0","","Net 30","","Not Started","","","","0","0","0","","6","","0","0","0","0"
"8015i000000lKfZAAU","0055i000001ydTWAAY","000000000000000AAA","0015i000006YHTDAA4","","000000000000000AAA","000000000000000AAA","2022-06-06 00:00:00","","0","Draft","","000000000000000AAA","","000000000000000AAA","","","SR Nagar","","","","","","","","","","","","","","","","","","","","000000000000000AAA","000000000000000AAA","","000000000000000AAA","Draft","00000183","0","2022-06-07 05:14:56","0055i000001ydTWAAY","2022-06-27 07:12:32","0055i000001ydTWAAY","0","2022-06-27 07:12:32","1","","Net 30","","Not Started","","","","0","0","0","","6","","0","0","0","0"
"8015i000000lKfjAAE","0055i000001ydTWAAY","000000000000000AAA","0015i000006YHTIAA4","","000000000000000AAA","000000000000000AAA","2022-06-06 00:00:00","","0","Draft","","000000000000000AAA","","000000000000000AAA","","","Ameerpet","Fawnfield","IL","60015","United States","","","","570 Cake Look Rd","Fawnfield","IL","60015","United States","","","","","","","","000000000000000AAA","000000000000000AAA","","000000000000000AAA","Draft","00000184","0","2022-06-07 05:16:01","0055i000001ydTWAAY","2022-06-07 05:16:01","0055i000001ydTWAAY","0","2022-06-07 05:16:01","0","","Net 30","","Not Started","","","","0","0","0","","6","","0","0","0","0"
"8015i000000lKg3AAE","0055i000001ydTWAAY","000000000000000AAA","0015i000006YHTGAA4","","000000000000000AAA","000000000000000AAA","2022-06-06 00:00:00","","0","Draft","","000000000000000AAA","","000000000000000AAA","","","SR Nagar","","","","","","","","","","","","","","","","","","","","000000000000000AAA","000000000000000AAA","","000000000000000AAA","Draft","00000187","0","2022-06-07 05:22:37","0055i000001ydTWAAY","2022-06-07 05:22:37","0055i000001ydTWAAY","0","2022-06-07 05:22:37","0","","Net 30","","Not Started","","","","0","0","0","","6","","0","0","0","0"
"8015i000000lKg8AAE","0055i000001ydTWAAY","000000000000000AAA","0015i000006YHTGAA4","","000000000000000AAA","000000000000000AAA","2022-06-06 00:00:00","","0","Draft","","000000000000000AAA","","000000000000000AAA","","","DSNR","Darien","CT","06820","United States","","","","9 Maple Ave","Darien","CT","06820","United States","","","","","","","","000000000000000AAA","000000000000000AAA","","000000000000000AAA","Draft","00000188","0","2022-06-07 05:23:47","0055i000001ydTWAAY","2022-06-07 05:23:47","0055i000001ydTWAAY","0","2022-06-07 05:23:47","0","","Net 30","","Not Started","","","","0","0","0","","6","","0","0","0","0"
"8015i000000lKgcAAE","0055i000001ydTWAAY","000000000000000AAA","0015i000006YHTGAA4","","000000000000000AAA","000000000000000AAA","2022-06-22 00:00:00","","0","Draft","","000000000000000AAA","","000000000000000AAA","","","SR Nagar","Darien","CT","06820","United States","","","","9 Maple Ave","Darien","CT","06820","United States","","","","","","","","000000000000000AAA","000000000000000AAA","","000000000000000AAA","Draft","00000190","0","2022-06-07 05:30:09","0055i000001ydTWAAY","2022-06-07 05:30:09","0055i000001ydTWAAY","0","2022-06-07 05:30:09","0","","Net 30","","Not Started","","","","0","0","0","","22","","0","0","0","0"
"8015i000000lKgdAAE","0055i000001ydTWAAY","000000000000000AAA","0015i000006YHTGAA4","","000000000000000AAA","000000000000000AAA","2022-06-22 00:00:00","","0","Draft","","000000000000000AAA","","000000000000000AAA","","","DSNR","Darien","CT","06820","United States","","","","9 Maple Ave","Darien","CT","06820","United States","","","","","","","","000000000000000AAA","000000000000000AAA","","000000000000000AAA","Draft","00000192","0","2022-06-07 05:41:53","0055i000001ydTWAAY","2022-06-07 05:41:53","0055i000001ydTWAAY","0","2022-06-07 05:41:53","0","","Net 30","","Not Started","","","","0","0","0","","22","","0","0","0","0"
"8015i000000lKhBAAU","0055i000001ydTWAAY","000000000000000AAA","0015i000006YHTGAA4","","000000000000000AAA","000000000000000AAA","2022-06-22 00:00:00","","0","Draft","","000000000000000AAA","","000000000000000AAA","","","SR Nagar","Darien","CT","06820","United States","","","","9 Maple Ave","Darien","CT","06820","United States","","","","","","","","000000000000000AAA","000000000000000AAA","","000000000000000AAA","Draft","00000191","0","2022-06-07 05:38:50","0055i000001ydTWAAY","2022-06-07 05:38:50","0055i000001ydTWAAY","0","2022-06-07 05:38:50","0","","Net 30","","Not Started","","","","0","0","0","","22","","0","0","0","0"
"8015i000000lKhLAAU","0055i000001ydTWAAY","000000000000000AAA","0015i000006YHTGAA4","","000000000000000AAA","000000000000000AAA","2022-06-29 00:00:00","","0","Draft","","000000000000000AAA","","000000000000000AAA","","","SR Nagar","Darien","CT","06820","United States","","","","9 Maple Ave","Darien","CT","06820","United States","","","","","","","","000000000000000AAA","000000000000000AAA","","000000000000000AAA","Draft","00000193","0","2022-06-07 05:43:36","0055i000001ydTWAAY","2022-06-07 05:43:36","0055i000001ydTWAAY","0","2022-06-07 05:43:36","0","","Net 30","","Not Started","","","","0","0","0","","29","","0","0","0","0"
"8015i000000lKhuAAE","0055i000001ydTWAAY","000000000000000AAA","0015i000006YHTGAA4","","000000000000000AAA","000000000000000AAA","2022-06-23 00:00:00","","0","Draft","","000000000000000AAA","","000000000000000AAA","","","DSNR","Darien","CT","06820","United States","","","","9 Maple Ave","Darien","CT","06820","United States","","","","","","","","000000000000000AAA","000000000000000AAA","","000000000000000AAA","Draft","00000194","0","2022-06-07 06:04:43","0055i000001ydTWAAY","2022-06-07 06:04:43","0055i000001ydTWAAY","0","2022-06-07 06:04:43","0","","Net 30","","Not Started","","","","0","0","0","","23","","0","0","0","0"
"8015i000000lKi4AAE","0055i000001ydTWAAY","000000000000000AAA","0015i000006YHTGAA4","","000000000000000AAA","000000000000000AAA","2022-06-30 00:00:00","","0","Draft","","000000000000000AAA","","000000000000000AAA","","","DSNR","Darien","CT","06820","United States","","","","9 Maple Ave","Darien","CT","06820","United States","","","","","","","","000000000000000AAA","000000000000000AAA","","000000000000000AAA","Draft","00000195","0","2022-06-07 06:09:02","0055i000001ydTWAAY","2022-06-07 06:09:02","0055i000001ydTWAAY","0","2022-06-07 06:09:02","0","","Net 30","","Not Started","","","","0","0","0","","30","","0","0","0","0"
"8015i000000lPO5AAM","0055i000001ydTWAAY","000000000000000AAA","0015i000006YHTDAA4","01s5i000002G6QUAA0","000000000000000AAA","000000000000000AAA","2022-06-17 00:00:00","","0","Draft","","000000000000000AAA","","000000000000000AAA","","","345 Shoreline Park Mountain View, CA 94043 USA","Mountain View","CA","","","","","","345 Shoreline Park Mountain View, CA 94043 USA","","","","","","","","","","","","000000000000000AAA","000000000000000AAA","","000000000000000AAA","Draft","00000196","0","2022-06-17 06:49:15","0055i000001ydTWAAY","2022-06-27 07:13:52","0055i000001ydTWAAY","0","2022-06-27 07:13:52","0","","Net 30","","Not Started","","","","0","0","0","","17","","0","0","0","0"
"8015i000000lT6jAAE","0055i000001ydTWAAY","000000000000000AAA","0015i000006YHTJAA4","01s5i000002G6QUAA0","000000000000000AAA","000000000000000AAA","2022-06-27 00:00:00","","0","Draft","","000000000000000AAA","","000000000000000AAA","","","","","","","","","","","","","","","","","","","","","","","000000000000000AAA","000000000000000AAA","","000000000000000AAA","Draft","00000206","0","2022-06-27 07:23:46","0055i000001ydTWAAY","2022-06-27 07:28:16","0055i000001ydTWAAY","0","2022-06-27 07:28:16","1","","Net 30","","Not Started","","","","0","0","0","","27","","0","0","0","0"
"8015i000000lVBvAAM","0055i000001ydTWAAY","000000000000000AAA","0015i000006YHTDAA4","","000000000000000AAA","000000000000000AAA","2022-06-30 00:00:00","","0","Draft","","000000000000000AAA","","000000000000000AAA","","","Koti","Mountain View","CA","","","","","","345 Shoreline Park Mountain View, CA 94043 USA","","","","","","","","","","","","000000000000000AAA","000000000000000AAA","","000000000000000AAA","Draft","00000216","0","2022-06-30 09:08:51","0055i000001ydTWAAY","2022-06-30 09:08:51","0055i000001ydTWAAY","0","2022-06-30 09:08:51","0","","Net 30","","Not Started","","","","0","0","0","","","","0","0","0","0"
"8015i000000lVdQAAU","0055i000001ydTWAAY","000000000000000AAA","0015i000006YHTIAA4","01s5i000002G6QUAA0","000000000000000AAA","000000000000000AAA","2022-07-01 00:00:00","","0","Draft","","000000000000000AAA","","000000000000000AAA","","","","","","","","","","","","","","","","","","","","","","","000000000000000AAA","000000000000000AAA","","000000000000000AAA","Draft","00000217","0","2022-07-01 05:28:29","0055i000001ydTWAAY","2022-07-01 05:30:56","0055i000001ydTWAAY","0","2022-07-01 05:30:56","0","","Net 30","","Not Started","","","","0","0","0","","","","0","0","0","0"
"8015i000000lVesAAE","0055i000001ydTWAAY","000000000000000AAA","0015i000006YHTFAA4","01s5i000002G6QUAA0","000000000000000AAA","000000000000000AAA","2022-07-20 00:00:00","","0","Draft","","000000000000000AAA","","000000000000000AAA","","","","","","","","","","","","","","","","","","","","","","","000000000000000AAA","000000000000000AAA","","000000000000000AAA","Draft","00000218","0","2022-07-01 06:11:10","0055i000001ydTWAAY","2022-07-01 06:11:32","0055i000001ydTWAAY","0","2022-07-01 06:11:32","1","","Net 30","","Not Started","","","","0","0","0","","","","0","0","0","0"
"8015i0000016DC1AAM","0055i000001ydTWAAY","000000000000000AAA","0015i000006YHTIAA4","01s5i000002G6QUAA0","000000000000000AAA","0065i000004AkVrAAK","2022-03-26 00:00:00","","0","Activated","","000000000000000AAA","","000000000000000AAA","","New","LB Nagar","Fawnfield","IL","60015","United States","","","","570 Cake Look Rd","Fawnfield","IL","60015","United States","","","","","","","","000000000000000AAA","000000000000000AAA","2022-09-10 23:34:16","0055i000001ydTWAAY","Activated","00000100","1375","2022-05-09 16:07:09","0055i000001ydTWAAY","2022-06-02 10:29:11","0055i000001ydTWAAY","0","2022-06-02 10:29:11","1","By Subscription End Date","Net 30","","Not Needed","a0q5i000000cAjAAAU","","","1375","0","0","","26","","0","0","0","0"
"8015i0000016DC2AAM","0055i000001ydTWAAY","000000000000000AAA","0015i000006YHT6AAO","01s5i000002G6QUAA0","000000000000000AAA","0065i000004AkVsAAK","2021-09-25 00:00:00","","0","Activated","","000000000000000AAA","","000000000000000AAA","","New","1301 Hoch Drive","Lawrence","KS","66045","USA","","","","1301 Hoch Drive","Lawrence","KS","66045","USA","","","","","","","","000000000000000AAA","000000000000000AAA","2022-09-10 23:40:12","0055i000001ydTWAAY","Activated","00000101","16140","2022-05-09 16:07:09","0055i000001ydTWAAY","2022-05-09 16:07:09","0055i000001ydTWAAY","0","2022-05-09 16:07:09","1","By Subscription End Date","Net 30","","Not Needed","a0q5i000000cAjBAAU","","","16140","0","","","","","0","0","0","0"
"8015i0000016DC3AAM","0055i000001ydTWAAY","000000000000000AAA","0015i000006YHT9AAO","01s5i000002G6QUAA0","000000000000000AAA","0065i000004AkVtAAK","2022-03-26 00:00:00","","0","Activated","","000000000000000AAA","","000000000000000AAA","","New","620 SW 5th Avenue Suite 400 Portland, Oregon 97204 United States","Portland","OR","","","","","","620 SW 5th Avenue Suite 400 Portland, Oregon 97204 United States","Portland","OR","","","","","","","","","","000000000000000AAA","000000000000000AAA","2022-09-10 23:44:46","0055i000001ydTWAAY","Activated","00000102","1130","2022-05-09 16:07:09","0055i000001ydTWAAY","2022-05-09 16:07:09","0055i000001ydTWAAY","0","2022-05-09 16:07:09","1","By Subscription End Date","Net 30","","Not Needed","a0q5i000000cAjCAAU","","","1130","0","","","","","0","0","0","0"
"8015i0000016DC4AAM","0055i000001ydTWAAY","000000000000000AAA","0015i000006YHT9AAO","01s5i000002G6QUAA0","000000000000000AAA","0065i000004AkVuAAK","2021-09-25 00:00:00","","0","Activated","","000000000000000AAA","","000000000000000AAA","","New","620 SW 5th Avenue Suite 400 Portland, Oregon 97204 United States","Portland","OR","","","","","","620 SW 5th Avenue Suite 400 Portland, Oregon 97204 United States","Portland","OR","","","","","","","","","","000000000000000AAA","000000000000000AAA","2022-09-10 23:48:44","0055i000001ydTWAAY","Activated","00000103","2410","2022-05-09 16:07:09","0055i000001ydTWAAY","2022-05-09 16:07:09","0055i000001ydTWAAY","0","2022-05-09 16:07:09","1","By Subscription End Date","Net 30","","Not Needed","a0q5i000000cAjDAAU","","","2410","0","","","","","0","0","0","0"
"8015i0000016DC5AAM","0055i000001ydTWAAY","000000000000000AAA","0015i000006YHT7AAO","01s5i000002G6QUAA0","000000000000000AAA","0065i000004AkVvAAK","2021-09-25 00:00:00","","0","Activated","","000000000000000AAA","","000000000000000AAA","","New","2334 N. Michigan Avenue, Suite 1500 Chicago, IL 60601, USA","Chicago","IL","","","","","","2334 N. Michigan Avenue, Suite 1500 Chicago, IL 60601, USA","Chicago","IL","","","","","","","","","","000000000000000AAA","000000000000000AAA","2022-09-10 23:51:56","0055i000001ydTWAAY","Activated","00000104","800","2022-05-09 16:07:09","0055i000001ydTWAAY","2022-05-09 16:07:09","0055i000001ydTWAAY","0","2022-05-09 16:07:09","1","By Subscription End Date","Net 30","","Not Needed","a0q5i000000cAjEAAU","","","800","0","","","","","0","0","0","0"
"8015i0000016DC6AAM","0055i000001ydTWAAY","000000000000000AAA","0015i000006YHTIAA4","01s5i000002G6QUAA0","000000000000000AAA","0065i000004AkVwAAK","2022-03-26 00:00:00","","0","Activated","","000000000000000AAA","","000000000000000AAA","","New","570 Cake Look Rd","Fawnfield","IL","60015","United States","","","","570 Cake Look Rd","Fawnfield","IL","60015","United States","","","","","","","","000000000000000AAA","000000000000000AAA","2022-09-10 23:55:42","0055i000001ydTWAAY","Activated","00000105","165","2022-05-09 16:07:09","0055i000001ydTWAAY","2022-05-09 16:07:09","0055i000001ydTWAAY","0","2022-05-09 16:07:09","1","By Subscription End Date","Net 30","","Not Needed","a0q5i000000cAjFAAU","","","165","0","","","","","0","0","0","0"
