"Id","OwnerId","IsDeleted","Name","CreatedDate","CreatedById","LastModifiedDate","LastModifiedById","SystemModstamp","OLCountry__c","OLProduct__c","OLType__c","OLRequired__c"
"a1P5i0000009g44EAA","0055i000001ydTWAAY","0","OL-0001","2022-05-09 16:07:09","0055i000001ydTWAAY","2022-05-09 16:07:09","0055i000001ydTWAAY","2022-05-09 16:07:09","United States","01t5i000001NLZYAA4","Enable","0"
"a1P5i0000009g45EAA","0055i000001ydTWAAY","0","OL-0002","2022-05-09 16:07:09","0055i000001ydTWAAY","2022-05-09 16:07:09","0055i000001ydTWAAY","2022-05-09 16:07:09","United States","01t5i000001NLZbAAO","Enable","0"
"a1P5i0000009g46EAA","0055i000001ydTWAAY","0","OL-0003","2022-05-09 16:07:09","0055i000001ydTWAAY","2022-05-09 16:07:09","0055i000001ydTWAAY","2022-05-09 16:07:09","United Kingdom","01t5i000001NLZZAA4","Enable","0"
"a1P5i0000009g47EAA","0055i000001ydTWAAY","0","OL-0004","2022-05-09 16:07:09","0055i000001ydTWAAY","2022-05-09 16:07:09","0055i000001ydTWAAY","2022-05-09 16:07:09","United Kingdom","01t5i000001NLZaAAO","Enable","0"
"a1P5i0000009g48EAA","0055i000001ydTWAAY","0","OL-0005","2022-05-09 16:07:09","0055i000001ydTWAAY","2022-05-09 16:07:09","0055i000001ydTWAAY","2022-05-09 16:07:09","France","01t5i000001NLZeAAO","Enable","0"
"a1P5i0000009g49EAA","0055i000001ydTWAAY","0","OL-0006","2022-05-09 16:07:09","0055i000001ydTWAAY","2022-05-09 16:07:09","0055i000001ydTWAAY","2022-05-09 16:07:09","France","01t5i000001NLZfAAO","Enable","0"
"a1P5i0000009g4AEAQ","0055i000001ydTWAAY","0","OL-0008","2022-05-09 16:07:09","0055i000001ydTWAAY","2022-05-09 16:07:09","0055i000001ydTWAAY","2022-05-09 16:07:09","Germany","01t5i000001NLZfAAO","Enable","0"
"a1P5i0000009g4BEAQ","0055i000001ydTWAAY","0","OL-0007","2022-05-09 16:07:09","0055i000001ydTWAAY","2022-05-09 16:07:09","0055i000001ydTWAAY","2022-05-09 16:07:09","Germany","01t5i000001NLZeAAO","Enable","0"
