"Id","ProcessInstanceId","ProcessTransitionId","StepStatus","OriginalActorId","ActorId","RemindersSent","Comments","StepVersion","OverallStatus","StepNodeId","ElapsedTimeInDays","CreatedDate","CreatedById","SystemModstamp"
"04h5i000004vtHCAAY","04g5i000003TyuXAAS","04c5i000000kVoOAAU","Started","0055i000003CbitAAC","0055i000003CbitAAC","0","","1","Started","000000000000000AAA","","2022-06-15 07:38:45","0055i000003CbitAAC","2022-06-15 07:38:45"
"04h5i000004vthUAAQ","04g5i000003Tz8kAAC","04c5i000000kVoOAAU","Started","0055i000003CbitAAC","0055i000003CbitAAC","0","","1","Started","000000000000000AAA","","2022-06-15 08:24:54","0055i000003CbitAAC","2022-06-15 08:24:54"
"04h5i000004vtlHAAQ","04g5i000003TzB0AAK","04c5i000000kVoOAAU","Started","0055i000003CbitAAC","0055i000003CbitAAC","0","","1","Started","000000000000000AAA","","2022-06-15 08:29:46","0055i000003CbitAAC","2022-06-15 08:29:46"
"04h5i000004vtlqAAA","04g5i000003TzB0AAK","04c5i000000kVoPAAU","Approved","0055i000001ydTWAAY","0055i000001ydTWAAY","0","","2","Approved","04b5i000000kHWbAAM",".0003621064814814815","2022-06-15 08:30:17","0055i000001ydTWAAY","2022-06-15 08:30:17"
"04h5i000004vto6AAA","04g5i000003TzDQAA0","04c5i000000kVoOAAU","Started","0055i000003CbitAAC","0055i000003CbitAAC","0","","1","Started","000000000000000AAA","","2022-06-15 08:33:15","0055i000003CbitAAC","2022-06-15 08:33:15"
"04h5i000004vtoQAAQ","04g5i000003TzDQAA0","04c5i000000kVpfAAE","Rejected","0055i000001ydTWAAY","0055i000001ydTWAAY","0","","2","Rejected","04b5i000000kHWbAAM",".00021189814814814815","2022-06-15 08:33:33","0055i000001ydTWAAY","2022-06-15 08:33:34"
"04h5i000004w4zoAAA","04g5i000003U5lRAAS","04c5i000000kVoOAAU","Started","0055i000001ydTWAAY","0055i000001ydTWAAY","0","","1","Started","000000000000000AAA","","2022-06-17 09:39:11","0055i000001ydTWAAY","2022-06-17 09:39:11"
"04h5i000004w50wAAA","04g5i000003U5mAAAS","04c5i000000kVoOAAU","Started","0055i000001ydTWAAY","0055i000001ydTWAAY","0","","1","Started","000000000000000AAA","","2022-06-17 09:41:22","0055i000001ydTWAAY","2022-06-17 09:41:22"
"04h5i000006hbTeAAI","04g5i000003ULDBAA4","04c5i000000kVoOAAU","Started","0055i000003CbitAAC","0055i000003CbitAAC","0","","1","Started","000000000000000AAA","","2022-06-23 08:44:25","0055i000003CbitAAC","2022-06-23 08:44:25"
"04h5i000006hbU3AAI","04g5i000003ULDBAA4","04c5i000000kVoPAAU","Approved","0055i000001ydTWAAY","0055i000001ydTWAAY","0","","2","Approved","04b5i000000kHWbAAM",".00038407407407407406","2022-06-23 08:44:58","0055i000001ydTWAAY","2022-06-23 08:44:58"
"04h5i000006hbfVAAQ","04g5i000003ULKMAA4","04c5i000000kVoOAAU","Started","0055i000001ydTWAAY","0055i000001ydTWAAY","0","","1","Started","000000000000000AAA","","2022-06-23 09:09:14","0055i000001ydTWAAY","2022-06-23 09:09:14"
"04h5i000006hbfkAAA","04g5i000003ULKMAA4","04c5i000000kVoPAAU","Approved","0055i000001ydTWAAY","0055i000001ydTWAAY","0","","2","Approved","04b5i000000kHWbAAM",".00020711805555555555","2022-06-23 09:09:31","0055i000001ydTWAAY","2022-06-23 09:09:32"
