"Id","ProcessDefinitionId","TargetObjectId","Status","CurrentNodeId","CompletedDate","LastActorId","SubmittedById","IsDeleted","CreatedDate","CreatedById","LastModifiedDate","LastModifiedById","SystemModstamp"
"04g5i000003TyuXAAS","04a5i000000kOWzAAM","a0q5i000000cAitAAE","Pending","04b5i000000kHWbAAM","","000000000000000AAA","0055i000003CbitAAC","0","2022-06-15 07:38:44","0055i000003CbitAAC","2022-06-15 07:38:45","0055i000003CbitAAC","2022-06-15 07:38:45"
"04g5i000003Tz8kAAC","04a5i000000kOWzAAM","a0q5i000000cAiuAAE","Pending","04b5i000000kHWbAAM","","000000000000000AAA","0055i000003CbitAAC","0","2022-06-15 08:24:54","0055i000003CbitAAC","2022-06-15 08:24:54","0055i000003CbitAAC","2022-06-15 08:24:54"
"04g5i000003TzB0AAK","04a5i000000kOWzAAM","a0q5i000000cAjXAAU","Approved","04b5i000000kHW3AAM","2022-06-15 08:30:17","0055i000001ydTWAAY","0055i000003CbitAAC","0","2022-06-15 08:29:45","0055i000003CbitAAC","2022-06-15 08:30:17","0055i000001ydTWAAY","2022-06-15 08:30:17"
"04g5i000003TzDQAA0","04a5i000000kOWzAAM","a0q5i000000cAinAAE","Rejected","04b5i000000kHW4AAM","2022-06-15 08:33:33","0055i000001ydTWAAY","0055i000003CbitAAC","0","2022-06-15 08:33:15","0055i000003CbitAAC","2022-06-15 08:33:33","0055i000001ydTWAAY","2022-06-15 08:33:33"
"04g5i000003U5lRAAS","04a5i000000kOWzAAM","a0q5i000000cAj3AAE","Pending","04b5i000000kHWbAAM","","000000000000000AAA","0055i000001ydTWAAY","0","2022-06-17 09:39:10","0055i000001ydTWAAY","2022-06-17 09:39:11","0055i000001ydTWAAY","2022-06-17 09:39:11"
"04g5i000003U5mAAAS","04a5i000000kOWzAAM","a0q5i000000cAjAAAU","Pending","04b5i000000kHWbAAM","","000000000000000AAA","0055i000001ydTWAAY","0","2022-06-17 09:41:22","0055i000001ydTWAAY","2022-06-17 09:41:22","0055i000001ydTWAAY","2022-06-17 09:41:22"
"04g5i000003ULDBAA4","04a5i000000kOWzAAM","a0q5i000000cAisAAE","Approved","04b5i000000kHW3AAM","2022-06-23 08:44:57","0055i000001ydTWAAY","0055i000003CbitAAC","0","2022-06-23 08:44:24","0055i000003CbitAAC","2022-06-23 08:44:57","0055i000001ydTWAAY","2022-06-23 08:44:57"
"04g5i000003ULKMAA4","04a5i000000kOWzAAM","a0q5i000000cAjSAAU","Approved","04b5i000000kHW3AAM","2022-06-23 09:09:31","0055i000001ydTWAAY","0055i000001ydTWAAY","0","2022-06-23 09:09:14","0055i000001ydTWAAY","2022-06-23 09:09:31","0055i000001ydTWAAY","2022-06-23 09:09:31"
