"Id","OwnerId","IsDeleted","Name","CreatedDate","CreatedById","LastModifiedDate","LastModifiedById","SystemModstamp","PromptVersionId","UserId","TimesDisplayed","TimesActionTaken","TimesDismissed","LastDisplayDate","LastResult","LastResultDate","StepNumber","StepCount","SnoozeUntil","TimesSnoozed"
"0bu5i000002GqICAA0","0055i000001ydTWAAY","0","PromptAction","2022-05-13 06:12:04","0055i000001ydTWAAY","2022-06-14 03:48:17","0055i000001ydTWAAY","2022-06-14 03:48:17","0bt5i000002GUOyAAO","0055i000001ydTWAAY","3","","2","2022-06-14 03:48:12","Dismiss","2022-06-14 03:48:17","","","",""
"0bu5i000002GxxZAAS","0055i000001ydTWAAY","0","PromptAction","2022-05-14 06:33:14","0055i000001ydTWAAY","2022-06-06 04:46:49","0055i000001ydTWAAY","2022-06-06 04:46:49","0bt5i000002GUOwAAO","0055i000001ydTWAAY","4","","3","2022-06-06 04:40:59","Dismiss","2022-06-06 04:46:49","1","2","",""
"0bu5i00000CBCRdAAP","0055i000001ydTWAAY","0","PromptAction","2023-02-13 06:18:49","0055i000001ydTWAAY","2023-05-12 09:32:12","0055i000001ydTWAAY","2023-05-12 09:32:12","0bt5i00000EdnOGAAZ","0055i000001ydTWAAY","9","","3","2023-05-12 09:32:05","Dismiss","2023-05-12 09:32:11","","","",""
"0bu5i00000OuxDLAAZ","0055i000001ydTWAAY","0","PromptAction","2024-05-02 06:51:03","0055i000001ydTWAAY","2024-05-16 05:26:11","0055i000001ydTWAAY","2024-05-16 05:26:11","0bt5i00000S6MnoAAF","0055i000001ydTWAAY","3","","2","2024-05-16 05:26:09","Dismiss","2024-05-16 05:26:11","","","",""
"0buJ3000000TPYXIA4","0055i000001ydTWAAY","0","PromptAction","2024-06-27 11:05:21","0055i000001ydTWAAY","2024-06-27 11:05:24","0055i000001ydTWAAY","2024-06-27 11:05:24","0btJ3000000bmuWIAQ","0055i000001ydTWAAY","1","","1","2024-06-27 11:05:21","Dismiss","2024-06-27 11:05:24","","","",""
