"Id","Name","ModuleNamespace","Description","BusinessProcessId","SobjectType","IsActive","CreatedById","CreatedDate","LastModifiedById","LastModifiedDate","SystemModstamp","IsDeleted"
"0125i000000ka8XAAQ","Direct Opportunity Record Types","","","0195i000000TW6uAAG","Opportunity","1","0055i000001ydTWAAY","2022-05-27 07:21:13","0055i000001ydTWAAY","2022-06-22 03:55:16","2022-06-22 03:55:16","0"
"0125i000000kaKQAAY","Channel Opportunity Record type","","","0195i000000TW6zAAG","Opportunity","1","0055i000001ydTWAAY","2022-05-27 11:34:54","0055i000001ydTWAAY","2022-06-22 03:55:16","2022-06-22 03:55:16","0"
"0125i000000kaO3AAI","Operator Record Type","","","","Account","1","0055i000001ydTWAAY","2022-05-28 03:44:39","0055i00000273PbAAI","2022-07-09 10:16:40","2022-07-09 10:16:40","0"
"0125i000000kaO8AAI","Franchiser Record Type","","","","Account","1","0055i000001ydTWAAY","2022-05-28 03:45:37","0055i00000273PbAAI","2022-07-09 10:16:40","2022-07-09 10:16:40","0"
"0125i0000012xZpAAI","Configuration Attribute","","Configuration Attribute associated to a product","","01I5i000001EDEv","1","0055i000001ydTWAAY","2022-05-09 16:07:09","0055i000001ydTWAAY","2022-05-09 16:07:09","2022-05-09 16:07:09","0"
"0125i0000012xZqAAI","Global Attribute","","Definition of an Attribute Item","","01I5i000001EDEv","1","0055i000001ydTWAAY","2022-05-09 16:07:09","0055i000001ydTWAAY","2022-05-09 16:07:09","2022-05-09 16:07:09","0"
"0125i0000012xZrAAI","Internal Zone: Question Record Type","","Record type used to associate Question with a specific zone","","Question","1","0055i00000273PbAAI","2022-05-09 16:07:09","0055i00000273PbAAI","2022-05-09 16:07:09","2022-05-09 16:07:09","0"
"0125i0000012xZsAAI","Internal Zone: Reply Record Type","","Record type used to associate Reply with a specific zone","","Reply","1","0055i00000273PbAAI","2022-05-09 16:07:09","0055i00000273PbAAI","2022-05-09 16:07:09","2022-05-09 16:07:09","0"
"0125i0000012xZtAAI","Progress","","Measure achievement based on how much is finished compared to a targeted value. Ideal for tracking hard numbers and percentages. For example: Convert 50 Leads or Achieve 100% Customer Satisfaction.","","Metric","1","0055i000001ydTWAAY","2022-05-09 16:07:09","0055i000001ydTWAAY","2022-05-09 16:07:09","2022-05-09 16:07:09","0"
"0125i0000012xZuAAI","Completion","","Measure achievement based on whether or not the metric is finished. Ideal for tracking milestones, or when you don't have metrics based on hard numbers. For example: Become Salesforce Certified.","","Metric","1","0055i000001ydTWAAY","2022-05-09 16:07:09","0055i000001ydTWAAY","2022-05-09 16:07:09","2022-05-09 16:07:09","0"
"0125i0000012xZvAAI","Internal Ideas: Idea Record Type","","Record Type used to associate ideas with a specific community","","Idea","1","0055i000001ydTWAAY","2022-05-09 16:07:09","0055i000001ydTWAAY","2022-05-09 16:07:09","2022-05-09 16:07:09","0"
