"Id","IsDeleted","Name","CreatedDate","CreatedById","LastModifiedDate","LastModifiedById","SystemModstamp","ReleaseUpdateId","Number","Status"
"1RS5i00000092DhGAI","0","Check","2022-10-16 21:04:12","0055i00000273PbAAI","2022-10-16 21:04:12","0055i00000273PbAAI","2022-10-16 21:04:12","EnableEnhancedDomainsReleaseUpdate","1","Complete"
"1RS5i00000092DiGAI","0","Enable","2022-10-16 21:04:12","0055i00000273PbAAI","2022-10-16 21:04:12","0055i00000273PbAAI","2022-10-16 21:04:12","EnableEnhancedDomainsReleaseUpdate","2","Complete"
"1RS5i00000092DjGAI","0","Deploy","2022-10-16 21:04:12","0055i00000273PbAAI","2022-10-16 21:04:12","0055i00000273PbAAI","2022-10-16 21:04:12","EnableEnhancedDomainsReleaseUpdate","3","Complete"
"1RS5i00000092DkGAI","0","UpdateFirst","2022-10-16 21:04:12","0055i00000273PbAAI","2022-10-16 21:04:12","0055i00000273PbAAI","2022-10-16 21:04:12","EnableEnhancedDomainsReleaseUpdate","4","New"
"1RS5i00000094V3GAI","0","UpdateSecond","2022-10-16 21:04:12","0055i00000273PbAAI","2022-10-16 21:04:12","0055i00000273PbAAI","2022-10-16 21:04:12","EnableEnhancedDomainsReleaseUpdate","5","New"
"1RS5i00000094V4GAI","0","Confirm","2022-10-16 21:04:12","0055i00000273PbAAI","2022-10-16 21:04:12","0055i00000273PbAAI","2022-10-16 21:04:12","EnableEnhancedDomainsReleaseUpdate","6","New"
