"Id","OwnerId","IsDeleted","Name","CreatedDate","CreatedById","LastModifiedDate","LastModifiedById","SystemModstamp","sbaa__DelegatedApprover__c","sbaa__DelegationEnd__c","sbaa__DelegationStart__c","sbaa__GroupId__c","sbaa__NextApprover__c","sbaa__Unanimous__c","sbaa__User__c"
"a1X5i000000kNLrEAM","0055i000001ydTWAAY","0","Finance User","2022-06-14 09:36:18","0055i000001ydTWAAY","2022-06-21 09:03:56","0055i000001ydTWAAY","2022-06-21 09:03:56","","","","","","0","0055i000003D5PjAAK"
"a1X5i000000kNLwEAM","0055i000001ydTWAAY","0","Legal User","2022-06-14 09:38:05","0055i000001ydTWAAY","2022-06-21 09:03:56","0055i000001ydTWAAY","2022-06-21 09:03:56","","","","","","0","0055i000003D5PoAAK"
"a1X5i000000kO3VEAU","0055i000001ydTWAAY","0","Finance Team","2022-06-17 15:17:33","0055i000001ydTWAAY","2022-06-17 15:17:33","0055i000001ydTWAAY","2022-06-17 15:17:33","","","","","","0",""
"a1X5i000000kO3WEAU","0055i000001ydTWAAY","0","Legal Team","2022-06-17 15:18:00","0055i000001ydTWAAY","2022-06-17 15:18:00","0055i000001ydTWAAY","2022-06-17 15:18:00","","","","","","0",""
"a1X5i000000kO3aEAE","0055i000001ydTWAAY","0","Manager","2022-06-17 15:18:52","0055i000001ydTWAAY","2022-06-21 09:04:21","0055i000001ydTWAAY","2022-06-21 09:04:21","","","","","","0","0055i000003DtZeAAK"
"a1X5i000000kO3fEAE","0055i000001ydTWAAY","0","VP Sales","2022-06-17 15:19:22","0055i000001ydTWAAY","2022-06-21 09:04:21","0055i000001ydTWAAY","2022-06-21 09:04:21","","","","","","0","0055i000003DtdwAAC"
