"Id","IsDeleted","Name","CreatedDate","CreatedById","LastModifiedDate","LastModifiedById","SystemModstamp","sbaa__ApprovalRule__c","sbaa__EnableSmartApproval__c","sbaa__FilterField__c","sbaa__FilterType__c","sbaa__FilterValue__c","sbaa__FilterVariable__c","sbaa__Index__c","sbaa__Operator__c","sbaa__TestedField__c","sbaa__TestedVariable__c"
"a1R5i000001BnMpEAK","0","AC-000002","2022-06-15 09:46:24","0055i000001ydTWAAY","2022-06-15 09:46:24","0055i000001ydTWAAY","2022-06-15 09:46:24","a1S5i000001unFBEAY","0","","Value","Net 30","","1","not equals","SBQQ__PaymentTerms__c",""
"a1R5i000001BnMqEAK","0","AC-000003","2022-06-15 09:47:36","0055i000001ydTWAAY","2022-06-15 09:47:36","0055i000001ydTWAAY","2022-06-15 09:47:36","a1S5i000001unFBEAY","0","","Value","Monthly","","2","not equals","SBQQ__BillingFrequency__c",""
"a1R5i000001BnMuEAK","0","AC-000004","2022-06-15 09:57:07","0055i000001ydTWAAY","2022-06-15 09:57:07","0055i000001ydTWAAY","2022-06-15 09:57:07","a1S5i000001unRbEAI","0","","Value","","","10","not equals","SBQQ__Notes__c",""
"a1R5i000001BsJBEA0","0","AC-000005","2022-06-20 04:06:28","0055i000001ydTWAAY","2022-06-20 04:06:28","0055i000001ydTWAAY","2022-06-20 04:06:28","a1S5i000001vHLpEAM","0","","Value","1","","1","greater or equals","CPQ_Max_Line_Approval__c",""
"a1R5i000001BsJCEA0","0","AC-000008","2022-06-20 04:10:05","0055i000001ydTWAAY","2022-06-21 09:09:43","0055i000001ydTWAAY","2022-06-21 09:09:43","a1S5i000001vHP3EAM","0","","Value","3","","30","greater or equals","CPQ_Max_Line_Approval__c",""
"a1R5i000001BsJGEA0","0","AC-000006","2022-06-20 04:07:44","0055i000001ydTWAAY","2022-06-20 04:07:44","0055i000001ydTWAAY","2022-06-20 04:07:44","a1S5i000001vHOZEA2","0","","Value","2","","10","greater or equals","CPQ_Max_Line_Approval__c",""
"a1R5i000001BsJQEA0","0","AC-000007","2022-06-20 04:09:15","0055i000001ydTWAAY","2022-06-21 09:08:48","0055i000001ydTWAAY","2022-06-21 09:08:48","a1S5i000001vHOtEAM","0","","Value","4","","10","greater or equals","CPQ_Max_Line_Approval__c",""
