"Id","OwnerId","IsDeleted","Name","CreatedDate","CreatedById","LastModifiedDate","LastModifiedById","SystemModstamp","sbaa__ApprovalChain__c","sbaa__ApprovalStep__c","sbaa__ApprovalTemplateId__c","sbaa__ApprovedBy__c","sbaa__ApproverField__c","sbaa__Approver__c","sbaa__Archived__c","sbaa__AssignedGroupId__c","sbaa__AssignedTo__c","sbaa__CommentsLong__c","sbaa__DelegatedApprover__c","sbaa__Opportunity__c","sbaa__RecallTemplateId__c","sbaa__RecordField__c","sbaa__RejectedBy__c","sbaa__RejectionTemplateId__c","sbaa__RequestTemplateId__c","sbaa__RequireExplicitApproval__c","sbaa__Rule__c","sbaa__Status__c","sbaa__Unanimous__c","Quote__c"
"a1W5i000000xcj7EAA","0055i000001ydTWAAY","0","A-00000","2022-06-21 11:36:29","0055i000001ydTWAAY","2022-06-21 11:36:29","0055i000001ydTWAAY","2022-06-21 11:36:29","","1","","","","","0","","","Plss Approve this record","","","","1","","","","0","a1S5i000001vHLpEAM","Assigned","0","a0q5i000000cAjFAAU"
"a1W5i000000xd0REAQ","0055i000001ydTWAAY","0","A-00001","2022-06-22 04:07:35","0055i000001ydTWAAY","2022-06-22 04:07:35","0055i000001ydTWAAY","2022-06-22 04:07:35","","3","","","","","0","","","Please approve this quote","","","","4","","","","0","a1S5i000001vHOtEAM","Assigned","0","a0q5i000000cf9EAAQ"
"a1W5i000000xd0WEAQ","0055i000001ydTWAAY","0","A-00002","2022-06-22 04:10:35","0055i000001ydTWAAY","2022-06-22 04:10:35","0055i000001ydTWAAY","2022-06-22 04:10:35","","2","","","","","0","","","Approve this Following quote","","","","3","","","","0","a1S5i000001vHOtEAM","Assigned","0","a0q5i000000cAjFAAU"
"a1W5i000000xd0bEAA","0055i000001ydTWAAY","0","A-00003","2022-06-22 04:18:24","0055i000001ydTWAAY","2022-06-22 04:18:24","0055i000001ydTWAAY","2022-06-22 04:18:24","","1","","","","","0","","","Please Approve this Quote","","","","2","","","","0","a1S5i000001unRbEAI","Assigned","0","a0q5i000000ceigAAA"
"a1W5i000000xdGZEAY","0055i000001ydTWAAY","0","A-00005","2022-06-22 11:14:57","0055i000001ydTWAAY","2022-06-28 05:27:28","0055i000001ydTWAAY","2022-06-28 05:27:28","a1Q5i000001Ew0kEAC","10","","","","a1X5i000000kNLrEAM","0","","0055i000003D5PjAAK","This Quote Has no Quote lines","","","","Quote__c","","","","0","a1S5i000001unFBEAY","Recalled","0","a0q5i000000cAjAAAU"
"a1W5i000000xdcXEAQ","0055i000001ydTWAAY","0","A-00010","2022-06-23 05:19:51","0055i000001ydTWAAY","2022-06-23 05:19:51","0055i000001ydTWAAY","2022-06-23 05:19:51","","1","","","","","0","","","","","","","1","","","","0","a1S5i000001vHP3EAM","Assigned","0","a0q5i000000cfjFAAQ"
"a1W5i000000xdwaEAA","0055i000001ydTWAAY","0","A-00036","2022-06-23 08:25:30","0055i000001ydTWAAY","2022-06-23 08:25:30","0055i000001ydTWAAY","2022-06-23 08:25:30","a1Q5i000001Ew0kEAC","10","","","","a1X5i000000kNLrEAM","0","","0055i000003D5PjAAK","","","","","Quote__c","","","","0","a1S5i000001unFBEAY","Requested","0","a0q5i000000ccPhAAI"
"a1W5i000000xdwkEAA","0055i000003CbitAAC","0","A-00038","2022-06-23 08:31:23","0055i000003CbitAAC","2022-06-23 08:31:23","0055i000003CbitAAC","2022-06-23 08:31:23","a1Q5i000001Ew0kEAC","10","","","","a1X5i000000kNLrEAM","0","","0055i000003D5PjAAK","","","","","Quote__c","","","","0","a1S5i000001unFBEAY","Requested","0","a0q5i000000cbThAAI"
"a1W5i000000xdwzEAA","0055i000003CbitAAC","0","A-00041","2022-06-23 08:37:14","0055i000003CbitAAC","2022-06-23 08:37:14","0055i000003CbitAAC","2022-06-23 08:37:14","a1Q5i000001Ew0kEAC","10","","","","a1X5i000000kNLrEAM","0","","0055i000003D5PjAAK","","","","","Quote__c","","","","0","a1S5i000001unFBEAY","Requested","0","a0q5i000000cAitAAE"
"a1W5i000000xdx4EAA","0055i000003CbitAAC","0","A-00042","2022-06-23 08:39:15","0055i000003CbitAAC","2022-06-23 08:39:15","0055i000003CbitAAC","2022-06-23 08:39:15","a1Q5i000001Ew0kEAC","10","","","","a1X5i000000kNLrEAM","0","","0055i000003D5PjAAK","","","","","Quote__c","","","","0","a1S5i000001unFBEAY","Requested","0","a0q5i000000cAisAAE"
"a1W5i000000xf1gEAA","0055i000001ydTWAAY","0","A-00043","2022-06-27 04:57:56","0055i000001ydTWAAY","2022-06-27 04:57:56","0055i000001ydTWAAY","2022-06-27 04:57:56","","1","","","","","0","","","","","","","1","","","","0","a1S5i000001vHP3EAM","Assigned","0","a0q5i000000ch0SAAQ"
"a1W5i000000xf2FEAQ","0055i000001ydTWAAY","0","A-00044","2022-06-27 07:01:23","0055i000001ydTWAAY","2022-06-27 07:01:23","0055i000001ydTWAAY","2022-06-27 07:01:23","","1","","","","","0","","","","","","","1","","","","0","a1S5i000001vHP3EAM","Assigned","0","a0q5i000000cAj4AAE"
"a1W5i000000xf2KEAQ","0055i000001ydTWAAY","0","A-00045","2022-06-27 07:03:04","0055i000001ydTWAAY","2022-06-27 07:03:04","0055i000001ydTWAAY","2022-06-27 07:03:04","","1","","","","","0","","","","","","","1","","","","0","a1S5i000001vHP3EAM","Assigned","0","a0q5i000000h3rYAAQ"
"a1W5i000000xffiEAA","0055i000001ydTWAAY","0","A-00046","2022-06-28 05:29:40","0055i000001ydTWAAY","2022-06-28 05:29:40","0055i000001ydTWAAY","2022-06-28 05:29:40","","1","","","","","0","","","No Quotelines are available","","","","1","","","","0","a1S5i000001vHP3EAM","Assigned","0","a0q5i000000cgqBAAQ"
