"Id","OwnerId","IsDeleted","Name","CreatedDate","CreatedById","LastModifiedDate","LastModifiedById","SystemModstamp","SBQQ__IsRead__c","SBQQ__JobDetails__c","SBQQ__JobId__c","SBQQ__JobStatus__c","SBQQ__RecordId__c","SBQQ__RedirectUrl__c","SBQQ__Stacktrace__c"
"a0r5i000008SjZ7AAK","0055i000001ydTWAAY","0","JOB00000000","2022-05-09 16:07:09","0055i000001ydTWAAY","2022-05-09 16:07:09","0055i000001ydTWAAY","2022-05-09 16:07:09","0","","","Completed","a0q1H00000DshdIQAR::QuoteCalculator","",""
"a0r5i000008SjZ8AAK","0055i000001ydTWAAY","0","JOB00000001","2022-05-09 16:07:09","0055i000001ydTWAAY","2022-05-09 16:07:09","0055i000001ydTWAAY","2022-05-09 16:07:09","0","","7075i00000V7MzS","","8013A000003ESS2QAO::OrderCalculator","",""
"a0r5i000008SjZ9AAK","0055i000001ydTWAAY","0","JOB00000002","2022-05-09 16:07:09","0055i000001ydTWAAY","2022-05-09 16:07:09","0055i000001ydTWAAY","2022-05-09 16:07:09","0","","7075i00000V7MzT","Completed","8013A000003ESS2QAO::CreateContract","",""
"a0r5i000008SjZAAA0","0055i000001ydTWAAY","0","JOB00000003","2022-05-09 16:07:09","0055i000001ydTWAAY","2022-05-09 16:07:09","0055i000001ydTWAAY","2022-05-09 16:07:09","0","","7075i00000V7MzU","","8013A000003ESS7QAO::OrderCalculator","",""
"a0r5i000008SjZBAA0","0055i000001ydTWAAY","0","JOB00000004","2022-05-09 16:07:09","0055i000001ydTWAAY","2022-05-09 16:07:09","0055i000001ydTWAAY","2022-05-09 16:07:09","0","","7075i00000V7MzV","Completed","8013A000003ESS7QAO::CreateContract","",""
"a0r5i000008SjZCAA0","0055i000001ydTWAAY","0","JOB00000006","2022-05-09 16:07:09","0055i000001ydTWAAY","2022-05-09 16:07:09","0055i000001ydTWAAY","2022-05-09 16:07:09","0","","7075i00000V7MzW","Completed","8013A000003ESSCQA4::CreateContract","",""
"a0r5i000008SjZDAA0","0055i000001ydTWAAY","0","JOB00000005","2022-05-09 16:07:09","0055i000001ydTWAAY","2022-05-09 16:07:09","0055i000001ydTWAAY","2022-05-09 16:07:09","0","","7075i00000V7MzX","","8013A000003ESSCQA4::OrderCalculator","",""
"a0r5i000008SjZEAA0","0055i000001ydTWAAY","0","JOB00000007","2022-05-09 16:07:09","0055i000001ydTWAAY","2022-05-09 16:07:09","0055i000001ydTWAAY","2022-05-09 16:07:09","0","","7075i00000V7MzY","","8013A000003ESSHQA4::OrderCalculator","",""
"a0r5i000008SjZFAA0","0055i000001ydTWAAY","0","JOB00000010","2022-05-09 16:07:09","0055i000001ydTWAAY","2022-05-09 16:07:09","0055i000001ydTWAAY","2022-05-09 16:07:09","0","","7075i00000V7MzZ","Completed","8013A000003ESSMQA4::CreateContract","",""
"a0r5i000008SjZGAA0","0055i000001ydTWAAY","0","JOB00000008","2022-05-09 16:07:09","0055i000001ydTWAAY","2022-05-09 16:07:09","0055i000001ydTWAAY","2022-05-09 16:07:09","0","","7075i00000V7Mza","Completed","8013A000003ESSHQA4::CreateContract","",""
"a0r5i000008SjZHAA0","0055i000001ydTWAAY","0","JOB00000009","2022-05-09 16:07:09","0055i000001ydTWAAY","2022-05-09 16:07:09","0055i000001ydTWAAY","2022-05-09 16:07:09","0","","7075i00000V7Mzb","","8013A000003ESSMQA4::OrderCalculator","",""
"a0r5i000008SjZIAA0","0055i000001ydTWAAY","0","JOB00000011","2022-05-09 16:07:09","0055i000001ydTWAAY","2022-05-09 16:07:09","0055i000001ydTWAAY","2022-05-09 16:07:09","0","","7075i00000V7Mzc","","8013A000003ESSRQA4::OrderCalculator","",""
"a0r5i000008SjZJAA0","0055i000001ydTWAAY","0","JOB00000012","2022-05-09 16:07:09","0055i000001ydTWAAY","2022-05-09 16:07:09","0055i000001ydTWAAY","2022-05-09 16:07:09","0","","7075i00000V7Mzd","Completed","8013A000003ESSRQA4::CreateContract","",""
"a0r5i000009gADBAA2","0055i000001ydTWAAY","0","JOB00000013","2022-05-25 07:33:15","0055i000001ydTWAAY","2022-07-01 06:05:18","0055i000001ydTWAAY","2022-07-01 06:05:18","0","","7075i00000aLdRd,7075i00000aLdRdAAK","Completed","a0q5i000000cKI3AAM::QuoteCalculator","",""
"a0r5i000009gPhEAAU","0055i000001ydTWAAY","0","JOB00000014","2022-05-26 04:01:12","0055i000001ydTWAAY","2022-06-30 06:38:01","0055i000001ydTWAAY","2022-06-30 06:38:01","0","","7075i00000aNucw","Completed","a0q5i000000cAj3AAE::QuoteCalculator","",""
"a0r5i000009gQPdAAM","0055i000001ydTWAAY","0","JOB00000015","2022-05-26 04:24:51","0055i000001ydTWAAY","2022-06-25 07:41:32","0055i000001ydTWAAY","2022-06-25 07:41:32","0","","","Completed","a0q5i000000cAjRAAU::QuoteCalculator","",""
"a0r5i000009gS1YAAU","0055i000001ydTWAAY","0","JOB00000016","2022-05-26 05:26:14","0055i000001ydTWAAY","2022-05-26 06:02:08","0055i000001ydTWAAY","2022-05-26 06:02:08","0","","","Completed","a0q5i000000cDCJAA2::QuoteCalculator","",""
"a0r5i000009gTAHAA2","0055i000001ydTWAAY","0","JOB00000017","2022-05-26 06:12:03","0055i000001ydTWAAY","2023-05-10 20:13:01","0055i000001ydTWAAY","2023-05-10 20:13:01","0","","7075i00003UgEuu","Completed","a0q5i000000cAitAAE::QuoteCalculator","",""
"a0r5i000009gTDaAAM","0055i000001ydTWAAY","0","JOB00000018","2022-05-26 06:13:56","0055i000001ydTWAAY","2023-09-06 11:37:38","0055i000001ydTWAAY","2023-09-06 11:37:38","0","","","Completed","a0q5i000000cAivAAE::QuoteCalculator","",""
"a0r5i000009gTNBAA2","0055i000001ydTWAAY","0","JOB00000019","2022-05-26 06:19:23","0055i000001ydTWAAY","2022-06-23 06:58:56","0055i000001ydTWAAY","2022-06-23 06:58:56","0","","","Completed","a0q5i000000cAiuAAE::QuoteCalculator","",""
"a0r5i000009gUiWAAU","0055i000001ydTWAAY","0","JOB00000020","2022-05-26 07:04:41","0055i000001ydTWAAY","2022-06-29 09:22:28","0055i000001ydTWAAY","2022-06-29 09:22:28","0","","7075i00000aODlD","Completed","a0q5i000000cAj5AAE::QuoteCalculator","",""
"a0r5i000009gWcVAAU","0055i000001ydTWAAY","0","JOB00000021","2022-05-26 08:10:58","0055i000001ydTWAAY","2022-06-28 10:30:24","0055i000001ydTWAAY","2022-06-28 10:30:24","0","","7075i00000aOM8Q","Completed","a0q5i000000cAj6AAE::QuoteCalculator","",""
"a0r5i000009gYUZAA2","0055i000001ydTWAAY","0","JOB00000022","2022-05-26 09:16:42","0055i000001ydTWAAY","2022-06-30 05:34:39","0055i000001ydTWAAY","2022-06-30 05:34:39","0","","","Completed","a0q5i000000cAjBAAU::QuoteCalculator","",""
"a0r5i000009gZPhAAM","0055i000001ydTWAAY","0","JOB00000023","2022-05-26 09:53:38","0055i000001ydTWAAY","2022-06-02 09:04:48","0055i000001ydTWAAY","2022-06-02 09:04:48","0","","7075i00000aOVbR,7075i00000aOVbRAAW","Completed","a0q5i000000cKrBAAU::QuoteCalculator","",""
"a0r5i000009gZXBAA2","0055i000001ydTWAAY","0","JOB00000024","2022-05-26 09:55:29","0055i000001ydTWAAY","2022-06-29 09:00:42","0055i000001ydTWAAY","2022-06-29 09:00:42","0","","7075i00000aOVXA,7075i00000aOVXAAA4","Completed","a0q5i000000cKrGAAU::QuoteCalculator","",""
"a0r5i000009h7UUAAY","0055i000001ydTWAAY","0","JOB00000025","2022-05-28 04:21:18","0055i000001ydTWAAY","2022-06-13 09:35:59","0055i000001ydTWAAY","2022-06-13 09:35:59","0","","7075i00000gpeL7","","a0q5i000000cAjAAAU::QuoteDocumentService","",""
"a0r5i000009habuAAA","0055i000001ydTWAAY","0","JOB00000026","2022-05-30 06:58:34","0055i000001ydTWAAY","2022-06-21 06:20:39","0055i000001ydTWAAY","2022-06-21 06:20:39","0","","7075i00000k9wTw","","a0q5i000000cAjSAAU::QuoteCalculator","",""
"a0r5i000009halVAAQ","0055i000001ydTWAAY","0","JOB00000027","2022-05-30 07:18:08","0055i000001ydTWAAY","2022-05-30 07:20:10","0055i000001ydTWAAY","2022-05-30 07:20:10","0","","7075i00000cB4ci","","a0q5i000000cNBIAA2::QuoteCalculator","",""
"a0r5i000009hcHnAAI","0055i000001ydTWAAY","0","JOB00000029","2022-05-30 10:27:22","0055i000001ydTWAAY","2022-05-30 10:27:22","0055i000001ydTWAAY","2022-05-30 10:27:22","0","","7075i00000cBNge","","8015i000000lGwZAAU::OrderCalculator","",""
"a0r5i000009hcI1AAI","0055i000001ydTWAAY","0","JOB00000028","2022-05-30 10:23:26","0055i000001ydTWAAY","2022-05-30 11:35:35","0055i000001ydTWAAY","2022-05-30 11:35:35","0","","7075i00000cBWZ3","Completed","a0q5i000000cNGTAA2::QuoteCalculator","",""
"a0r5i000009hcJiAAI","0055i000001ydTWAAY","0","JOB00000030","2022-05-30 10:29:26","0055i000001ydTWAAY","2022-05-30 11:17:27","0055i000001ydTWAAY","2022-05-30 11:17:27","0","You do not have read permission for field Opportunity ID on object Order. Please contact your administrator.","7075i00000cBQs3","Failed","8015i000000lGwZAAU::CreateContract","",""
"a0r5i000009jdQpAAI","0055i000001ydTWAAY","0","JOB00000031","2022-06-06 10:28:59","0055i000001ydTWAAY","2022-06-28 06:08:02","0055i000001ydTWAAY","2022-06-28 06:08:02","0","","","Completed","a0q5i000000cAjGAAU::QuoteCalculator","",""
"a0r5i000009jkorAAA","0055i000001ydTWAAY","0","JOB00000032","2022-06-07 06:18:08","0055i000001ydTWAAY","2022-06-07 06:19:51","0055i000001ydTWAAY","2022-06-07 06:19:51","0","","","Completed","a0q5i000000cAj0AAE::QuoteCalculator","",""
"a0r5i000009jlPsAAI","0055i000001ydTWAAY","0","JOB00000033","2022-06-07 06:45:13","0055i000001ydTWAAY","2022-06-30 04:28:45","0055i000001ydTWAAY","2022-06-30 04:28:45","0","","","Completed","a0q5i000000cWAWAA2::QuoteCalculator","",""
"a0r5i000009jz9nAAA","0055i000001ydTWAAY","0","JOB00000034","2022-06-08 04:23:46","0055i000001ydTWAAY","2022-06-28 11:16:01","0055i000001ydTWAAY","2022-06-28 11:16:01","0","","","Completed","a0q5i000000cW2BAAU::QuoteCalculator","",""
"a0r5i000009k3ARAAY","0055i000001ydTWAAY","0","JOB00000035","2022-06-08 06:55:15","0055i000001ydTWAAY","2022-06-08 07:42:53","0055i000001ydTWAAY","2022-06-08 07:42:53","0","","","Completed","a0q5i000000cAj1AAE::QuoteCalculator","",""
"a0r5i00000Ae2xKAAR","0055i000001ydTWAAY","0","JOB00000036","2022-06-13 06:03:25","0055i000001ydTWAAY","2022-06-14 06:30:10","0055i000001ydTWAAY","2022-06-14 06:30:10","0","","7075i00000hLZMH","","a0q5i000000cAitAAE::QuoteDocumentService","",""
"a0r5i00000Ae4JOAAZ","0055i000001ydTWAAY","0","JOB00000037","2022-06-13 08:46:15","0055i000001ydTWAAY","2022-06-13 08:46:15","0055i000001ydTWAAY","2022-06-13 08:46:15","0","","7075i00000gpYWj","","a0q5i000000cKrGAAU::QuoteDocumentService","",""
"a0r5i00000AeA1wAAF","0055i000001ydTWAAY","0","JOB00000038","2022-06-14 03:37:26","0055i000001ydTWAAY","2022-06-14 04:05:21","0055i000001ydTWAAY","2022-06-14 04:05:21","0","","7075i00000hLLJG","","a0q5i000000cW2BAAU::QuoteDocumentService","",""
"a0r5i00000AfomXAAR","0055i000001ydTWAAY","0","JOB00000039","2022-06-20 05:03:12","0055i000001ydTWAAY","2022-06-20 05:03:12","0055i000001ydTWAAY","2022-06-20 05:03:12","0","","7075i00000jaIkR","","a0q5i000000cdRlAAI::QuoteCalculator","",""
"a0r5i00000AfpITAAZ","0055i000001ydTWAAY","0","JOB00000040","2022-06-20 06:23:08","0055i000001ydTWAAY","2022-06-20 06:23:08","0055i000001ydTWAAY","2022-06-20 06:23:08","0","","7075i00000jaREB","","a0q5i000000cdSFAAY::QuoteCalculator","",""
"a0r5i00000Afq4SAAR","0055i000001ydTWAAY","0","JOB00000041","2022-06-20 07:39:51","0055i000001ydTWAAY","2022-06-21 10:12:31","0055i000001ydTWAAY","2022-06-21 10:12:31","0","","7075i00000kAGo8","","a0q5i000000cdjKAAQ::QuoteCalculator","",""
"a0r5i00000Afr0bAAB","0055i000001ydTWAAY","0","JOB00000042","2022-06-20 09:36:35","0055i000001ydTWAAY","2022-06-20 09:36:35","0055i000001ydTWAAY","2022-06-20 09:36:35","0","","7075i00000jajPj","","a0q5i000000cdwMAAQ::QuoteCalculator","",""
"a0r5i00000Afr1FAAR","0055i000001ydTWAAY","0","JOB00000043","2022-06-20 09:39:27","0055i000001ydTWAAY","2022-06-20 09:39:27","0055i000001ydTWAAY","2022-06-20 09:39:27","0","","7075i00000jaj9B","","a0q5i000000cdwRAAQ::QuoteCalculator","",""
"a0r5i00000Afr1jAAB","0055i000001ydTWAAY","0","JOB00000044","2022-06-20 09:40:39","0055i000001ydTWAAY","2022-06-20 09:40:39","0055i000001ydTWAAY","2022-06-20 09:40:39","0","","7075i00000jajRx","","a0q5i000000cdwWAAQ::QuoteCalculator","",""
"a0r5i00000Afr7HAAR","0055i000001ydTWAAY","0","JOB00000048","2022-06-20 09:50:24","0055i000001ydTWAAY","2022-06-20 09:50:24","0055i000001ydTWAAY","2022-06-20 09:50:24","0","","7075i00000jajBC","","a0q5i000000ce0tAAA::QuoteCalculator","",""
"a0r5i00000Afr7MAAR","0055i000001ydTWAAY","0","JOB00000045","2022-06-20 09:45:51","0055i000001ydTWAAY","2022-06-20 09:45:51","0055i000001ydTWAAY","2022-06-20 09:45:51","0","","7075i00000jahRF","","a0q5i000000cds5AAA::QuoteCalculator","",""
"a0r5i00000Afr7kAAB","0055i000001ydTWAAY","0","JOB00000046","2022-06-20 09:46:40","0055i000001ydTWAAY","2022-06-20 09:46:40","0055i000001ydTWAAY","2022-06-20 09:46:40","0","","7075i00000jaioA","","a0q5i000000ce0jAAA::QuoteCalculator","",""
"a0r5i00000Afr7lAAB","0055i000001ydTWAAY","0","JOB00000051","2022-06-20 09:56:18","0055i000001ydTWAAY","2022-06-20 10:30:47","0055i000001ydTWAAY","2022-06-20 10:30:47","0","","7075i00000janpf","","a0q5i000000ce0kAAA::QuoteCalculator","",""
"a0r5i00000Afr7zAAB","0055i000001ydTWAAY","0","JOB00000047","2022-06-20 09:47:32","0055i000001ydTWAAY","2022-06-20 09:47:32","0055i000001ydTWAAY","2022-06-20 09:47:32","0","","7075i00000jags1","","a0q5i000000ce0oAAA::QuoteCalculator","",""
"a0r5i00000Afr9lAAB","0055i000001ydTWAAY","0","JOB00000049","2022-06-20 09:50:28","0055i000001ydTWAAY","2022-06-22 06:53:23","0055i000001ydTWAAY","2022-06-22 06:53:23","0","","7075i00000kBplG","","a0q5i000000ce0yAAA::QuoteCalculator","",""
"a0r5i00000AfrAtAAJ","0055i000001ydTWAAY","0","JOB00000050","2022-06-20 09:53:56","0055i000001ydTWAAY","2022-06-20 10:21:04","0055i000001ydTWAAY","2022-06-20 10:21:04","0","","7075i00000jan0a","","a0q5i000000ce13AAA::QuoteCalculator","",""
"a0r5i00000AfrOFAAZ","0055i000001ydTWAAY","0","JOB00000052","2022-06-20 10:33:04","0055i000001ydTWAAY","2022-06-20 10:33:16","0055i000001ydTWAAY","2022-06-20 10:33:16","0","","7075i00000jaoRI","","a0q5i000000ce5GAAQ::QuoteCalculator","",""
"a0r5i00000AfwmuAAB","0055i000001ydTWAAY","0","JOB00000054","2022-06-21 03:55:38","0055i000001ydTWAAY","2022-06-21 03:55:38","0055i000001ydTWAAY","2022-06-21 03:55:38","0","","7075i00000k9kjE","","a0q5i000000ceSoAAI::QuoteCalculator","",""
"a0r5i00000AfwwGAAR","0055i000001ydTWAAY","0","JOB00000055","2022-06-21 04:08:58","0055i000001ydTWAAY","2022-06-21 04:08:58","0055i000001ydTWAAY","2022-06-21 04:08:58","0","","7075i00000k9kp6","","a0q5i000000ceStAAI::QuoteCalculator","",""
"a0r5i00000AfwybAAB","0055i000001ydTWAAY","0","JOB00000056","2022-06-21 04:12:27","0055i000001ydTWAAY","2022-06-21 04:12:27","0055i000001ydTWAAY","2022-06-21 04:12:27","0","","7075i00000k9lzn","","a0q5i000000ceSyAAI::QuoteCalculator","",""
"a0r5i00000AfwycAAB","0055i000001ydTWAAY","0","JOB00000058","2022-06-21 04:21:54","0055i000001ydTWAAY","2022-06-21 04:21:54","0055i000001ydTWAAY","2022-06-21 04:21:54","0","","7075i00000k9lzq","","a0q5i000000ceSzAAI::QuoteCalculator","",""
"a0r5i00000Afx0mAAB","0055i000001ydTWAAY","0","JOB00000057","2022-06-21 04:15:58","0055i000001ydTWAAY","2022-06-21 04:15:58","0055i000001ydTWAAY","2022-06-21 04:15:58","0","","7075i00000k9mVF","","a0q5i000000ceT3AAI::QuoteCalculator","",""
"a0r5i00000Afx7iAAB","0055i000001ydTWAAY","0","JOB00000059","2022-06-21 04:25:20","0055i000001ydTWAAY","2022-06-21 04:25:20","0055i000001ydTWAAY","2022-06-21 04:25:20","0","","7075i00000k9nJy","","a0q5i000000ceT8AAI::QuoteCalculator","",""
"a0r5i00000AfxLkAAJ","0055i000001ydTWAAY","0","JOB00000060","2022-06-21 04:45:34","0055i000001ydTWAAY","2022-06-21 04:45:34","0055i000001ydTWAAY","2022-06-21 04:45:34","0","","7075i00000k9oFg","","a0q5i000000ceTIAAY::QuoteCalculator","",""
"a0r5i00000Afzi4AAB","0055i000001ydTWAAY","0","JOB00000061","2022-06-21 07:41:46","0055i000001ydTWAAY","2022-06-21 07:41:46","0055i000001ydTWAAY","2022-06-21 07:41:46","0","","7075i00000kA4Hk","","a0q5i000000cehXAAQ::QuoteCalculator","",""
"a0r5i00000Ag0FrAAJ","0055i000001ydTWAAY","0","JOB00000062","2022-06-21 08:25:46","0055i000001ydTWAAY","2022-06-21 08:25:46","0055i000001ydTWAAY","2022-06-21 08:25:46","0","","7075i00000kA8mr","","a0q5i000000cehnAAA::QuoteCalculator","",""
"a0r5i00000Ag1VhAAJ","0055i000001ydTWAAY","0","JOB00000063","2022-06-21 10:19:58","0055i000001ydTWAAY","2022-06-21 10:19:58","0055i000001ydTWAAY","2022-06-21 10:19:58","0","","7075i00000kAJ9y","","a0q5i000000ceiMAAQ::QuoteCalculator","",""
"a0r5i00000Ag1nqAAB","0055i000001ydTWAAY","0","JOB00000064","2022-06-21 11:29:46","0055i000001ydTWAAY","2022-06-21 11:29:46","0055i000001ydTWAAY","2022-06-21 11:29:46","0","","7075i00000kAOW8","","a0q5i000000ceiWAAQ::QuoteCalculator","",""
"a0r5i00000Ag1oPAAR","0055i000001ydTWAAY","0","JOB00000065","2022-06-21 11:35:11","0055i000001ydTWAAY","2022-06-22 05:08:19","0055i000001ydTWAAY","2022-06-22 05:08:19","0","","7075i00000kBmil","","a0q5i000000ceigAAA::QuoteCalculator","",""
"a0r5i00000AgBuRAAV","0055i000001ydTWAAY","0","JOB00000066","2022-06-22 03:54:20","0055i000001ydTWAAY","2022-06-22 03:54:20","0055i000001ydTWAAY","2022-06-22 03:54:20","0","","7075i00000kBhGG","","a0q5i000000cf99AAA::QuoteCalculator","",""
"a0r5i00000AgC7SAAV","0055i000001ydTWAAY","0","JOB00000068","2022-06-22 04:13:05","0055i000001ydTWAAY","2022-06-22 04:13:05","0055i000001ydTWAAY","2022-06-22 04:13:05","0","","7075i00000kBj0V","","a0q5i000000cf9JAAQ::QuoteCalculator","",""
"a0r5i00000AgCIyAAN","0055i000001ydTWAAY","0","JOB00000067","2022-06-22 04:05:39","0055i000001ydTWAAY","2022-06-22 05:29:10","0055i000001ydTWAAY","2022-06-22 05:29:10","0","","7075i00000kBo0P","","a0q5i000000cf9EAAQ::QuoteCalculator","",""
"a0r5i00000AgCb2AAF","0055i000001ydTWAAY","0","JOB00000069","2022-06-22 04:15:28","0055i000001ydTWAAY","2022-06-22 04:15:28","0055i000001ydTWAAY","2022-06-22 04:15:28","0","","7075i00000kBj79","","a0q5i000000cf9OAAQ::QuoteCalculator","",""
"a0r5i00000AgCfVAAV","0055i000001ydTWAAY","0","JOB00000070","2022-06-22 04:20:25","0055i000001ydTWAAY","2022-06-22 04:20:25","0055i000001ydTWAAY","2022-06-22 04:20:25","0","","7075i00000kBihW","","a0q5i000000cf9TAAQ::QuoteCalculator","",""
"a0r5i00000AgCvvAAF","0055i000001ydTWAAY","0","JOB00000071","2022-06-22 04:27:31","0055i000001ydTWAAY","2022-06-22 04:27:31","0055i000001ydTWAAY","2022-06-22 04:27:31","0","","7075i00000kBj4x","","a0q5i000000cf9YAAQ::QuoteCalculator","",""
"a0r5i00000AgCzxAAF","0055i000001ydTWAAY","0","JOB00000072","2022-06-22 04:29:57","0055i000001ydTWAAY","2022-06-22 04:29:57","0055i000001ydTWAAY","2022-06-22 04:29:57","0","","7075i00000kBkQW","","a0q5i000000cf9dAAA::QuoteCalculator","",""
"a0r5i00000AgE1BAAV","0055i000001ydTWAAY","0","JOB00000073","2022-06-22 05:09:12","0055i000001ydTWAAY","2022-06-22 05:09:12","0055i000001ydTWAAY","2022-06-22 05:09:12","0","","7075i00000kBlSO","","a0q5i000000cf9nAAA::QuoteCalculator","",""
"a0r5i00000AgEVkAAN","0055i000001ydTWAAY","0","JOB00000074","2022-06-22 05:28:04","0055i000001ydTWAAY","2022-06-22 07:23:17","0055i000001ydTWAAY","2022-06-22 07:23:17","0","","7075i00000kC03q","","a0q5i000000cf9sAAA::QuoteCalculator","",""
"a0r5i00000AgMQcAAN","0055i000001ydTWAAY","0","JOB00000075","2022-06-22 10:30:58","0055i000001ydTWAAY","2022-06-22 10:36:44","0055i000001ydTWAAY","2022-06-22 10:36:44","0","","7075i00000kCGjK,7075i00000kCGjKAAW","Completed","a0q5i000000cfSAAAY::QuoteCalculator","",""
"a0r5i00000AgXsAAAV","0055i000001ydTWAAY","0","JOB00000076","2022-06-23 04:09:21","0055i000001ydTWAAY","2022-06-23 04:35:40","0055i000001ydTWAAY","2022-06-23 04:35:40","0","","7075i00000kDkHj","","a0q5i000000cfj5AAA::QuoteCalculator","",""
"a0r5i00000AgY3wAAF","0055i000001ydTWAAY","0","JOB00000077","2022-06-23 04:16:40","0055i000001ydTWAAY","2022-06-23 04:16:40","0055i000001ydTWAAY","2022-06-23 04:16:40","0","","7075i00000kDjXG","","8005i000000HPOhAAO::QuoteCalculator","",""
"a0r5i00000AgY3xAAF","0055i000001ydTWAAY","0","JOB00000078","2022-06-23 04:16:40","0055i000001ydTWAAY","2022-06-23 04:16:40","0055i000001ydTWAAY","2022-06-23 04:16:40","0","","7075i00000kDjXG","","0065i0000060HeZAAU::QuoteCalculator","",""
"a0r5i00000AgZmYAAV","0055i000001ydTWAAY","0","JOB00000079","2022-06-23 05:22:46","0055i000001ydTWAAY","2022-06-23 05:22:46","0055i000001ydTWAAY","2022-06-23 05:22:46","0","","","Completed","a0q5i000000cfjFAAQ::QuoteCalculator","",""
"a0r5i00000Aga19AAB","0055i000001ydTWAAY","0","JOB00000080","2022-06-23 05:31:18","0055i000001ydTWAAY","2022-06-23 05:32:22","0055i000001ydTWAAY","2022-06-23 05:32:22","0","","7075i00000l2Aww,7075i00000l2AwwAAE","Completed","a0q5i000000cfnXAAQ::QuoteCalculator","",""
"a0r5i00000Aga4pAAB","0055i000001ydTWAAY","0","JOB00000081","2022-06-23 05:41:48","0055i000001ydTWAAY","2022-06-23 05:42:36","0055i000001ydTWAAY","2022-06-23 05:42:36","0","","7075i00000kDn4z,7075i00000kDn4zAAC","Completed","a0q5i000000cfrkAAA::QuoteCalculator","",""
"a0r5i00000AgcUAAAZ","0055i000001ydTWAAY","0","JOB00000082","2022-06-23 06:56:07","0055i000001ydTWAAY","2022-06-29 04:17:01","0055i000001ydTWAAY","2022-06-29 04:17:01","0","","","Completed","a0q5i000000cAjAAAU::QuoteCalculator","",""
"a0r5i00000AgcaEAAR","0055i000001ydTWAAY","0","JOB00000083","2022-06-23 07:04:04","0055i000001ydTWAAY","2022-06-23 07:27:52","0055i000001ydTWAAY","2022-06-23 07:27:52","0","","","Completed","a0q5i000000ccPhAAI::QuoteCalculator","",""
"a0r5i00000AgdXzAAJ","0055i000001ydTWAAY","0","JOB00000084","2022-06-23 07:22:47","0055i000001ydTWAAY","2022-06-23 07:22:47","0055i000001ydTWAAY","2022-06-23 07:22:47","0","","7075i00000l2JQI","","8005i000000HPOiAAO::QuoteCalculator","",""
"a0r5i00000AgdY0AAJ","0055i000001ydTWAAY","0","JOB00000085","2022-06-23 07:22:47","0055i000001ydTWAAY","2022-06-23 07:22:47","0055i000001ydTWAAY","2022-06-23 07:22:47","0","","7075i00000l2JQI","","0065i0000060IIQAA2::QuoteCalculator","",""
"a0r5i00000AgfWZAAZ","0055i000001ydTWAAY","0","JOB00000087","2022-06-23 09:02:02","0055i000001ydTWAAY","2022-06-23 09:02:04","0055i000001ydTWAAY","2022-06-23 09:02:04","0","","7075i00000l2Rl9","","a0q5i000000cgHPAAY::QuoteCalculator","",""
"a0r5i00000AggLqAAJ","0055i000001ydTWAAY","0","JOB00000086","2022-06-23 09:00:14","0055i000001ydTWAAY","2022-06-23 09:00:18","0055i000001ydTWAAY","2022-06-23 09:00:18","0","","7075i00000l2RPf","","a0q5i000000cgHKAAY::QuoteCalculator","",""
"a0r5i00000BZWU0AAP","0055i000001ydTWAAY","0","JOB00000088","2022-06-24 07:01:35","0055i000001ydTWAAY","2022-06-28 10:35:09","0055i000001ydTWAAY","2022-06-28 10:35:09","0","","7075i00000lxXTv","Completed","a0q5i000000cgqBAAQ::QuoteCalculator","",""
"a0r5i00000BZX3GAAX","0055i000001ydTWAAY","0","JOB00000089","2022-06-24 07:19:15","0055i000001ydTWAAY","2022-06-24 07:40:54","0055i000001ydTWAAY","2022-06-24 07:40:54","0","","7075i00000l3ovg","","8005i000000HPOlAAO::QuoteCalculator","",""
"a0r5i00000BZX3HAAX","0055i000001ydTWAAY","0","JOB00000090","2022-06-24 07:19:15","0055i000001ydTWAAY","2022-06-24 07:40:28","0055i000001ydTWAAY","2022-06-24 07:40:28","0","","7075i00000l3ovf","","0065i0000060LIKAA2::QuoteCalculator","",""
"a0r5i00000BZX3IAAX","0055i000001ydTWAAY","0","JOB00000091","2022-06-24 07:21:38","0055i000001ydTWAAY","2022-06-24 07:21:38","0055i000001ydTWAAY","2022-06-24 07:21:38","0","","7075i00000l3oBo","","a0q5i000000cgqOAAQ::QuoteCalculator","",""
"a0r5i00000BZXWiAAP","0055i000001ydTWAAY","0","JOB00000092","2022-06-24 07:40:54","0055i000001ydTWAAY","2022-06-24 07:40:54","0055i000001ydTWAAY","2022-06-24 07:40:54","0","","7075i00000l3ovg","","0065i0000060LxyAAE::QuoteCalculator","",""
"a0r5i00000BZaQeAAL","0055i000001ydTWAAY","0","JOB00000093","2022-06-24 09:23:21","0055i000001ydTWAAY","2022-06-27 07:03:56","0055i000001ydTWAAY","2022-06-27 07:03:56","0","","","Completed","a0q5i000000h3rYAAQ::QuoteCalculator","",""
"a0r5i00000BZpihAAD","0055i000001ydTWAAY","0","JOB00000094","2022-06-25 06:59:22","0055i000001ydTWAAY","2022-06-25 06:59:22","0055i000001ydTWAAY","2022-06-25 06:59:22","0","","7075i00000l54Vg","","8005i000000HPOgAAO::QuoteCalculator","",""
"a0r5i00000BZpiiAAD","0055i000001ydTWAAY","0","JOB00000095","2022-06-25 06:59:22","0055i000001ydTWAAY","2022-06-25 06:59:22","0055i000001ydTWAAY","2022-06-25 06:59:22","0","","7075i00000l54Vg","","0065i0000060QmKAAU::QuoteCalculator","",""
"a0r5i00000BZpijAAD","0055i000001ydTWAAY","0","JOB00000096","2022-06-25 06:59:22","0055i000001ydTWAAY","2022-06-25 06:59:22","0055i000001ydTWAAY","2022-06-25 06:59:22","0","","7075i00000l54Vg","","a0q5i000000ch0iAAA::QuoteCalculator","",""
"a0r5i00000BZpoGAAT","0055i000001ydTWAAY","0","JOB00000097","2022-06-25 07:04:57","0055i000001ydTWAAY","2022-06-25 07:04:57","0055i000001ydTWAAY","2022-06-25 07:04:57","0","","7075i00000l54w2","","8005i000000x4p8AAA::QuoteCalculator","",""
"a0r5i00000BZpoHAAT","0055i000001ydTWAAY","0","JOB00000098","2022-06-25 07:04:57","0055i000001ydTWAAY","2022-06-25 07:04:57","0055i000001ydTWAAY","2022-06-25 07:04:57","0","","7075i00000l54w2","","0065i0000060QqHAAU::QuoteCalculator","",""
"a0r5i00000BZpoIAAT","0055i000001ydTWAAY","0","JOB00000099","2022-06-25 07:04:57","0055i000001ydTWAAY","2022-06-25 07:04:57","0055i000001ydTWAAY","2022-06-25 07:04:57","0","","7075i00000l54w2","","a0q5i000000ch0oAAA::QuoteCalculator","",""
"a0r5i00000BaDzaAAF","0055i000001ydTWAAY","0","JOB00000100","2022-06-27 04:59:06","0055i000001ydTWAAY","2022-06-30 04:18:24","0055i000001ydTWAAY","2022-06-30 04:18:24","0","","","Completed","a0q5i000000ch0SAAQ::QuoteCalculator","",""
"a0r5i00000BaEOCAA3","0055i000001ydTWAAY","0","JOB00000101","2022-06-27 05:48:04","0055i000001ydTWAAY","2022-06-27 05:48:04","0055i000001ydTWAAY","2022-06-27 05:48:04","0","","7075i00000lvtRC","","a0q5i000000cAj4AAE::QuoteCalculator","",""
"a0r5i00000BaEZ5AAN","0055i000001ydTWAAY","0","JOB00000102","2022-06-27 06:09:53","0055i000001ydTWAAY","2022-06-27 06:09:53","0055i000001ydTWAAY","2022-06-27 06:09:53","0","","7075i00000lvup4","","8005i000000x5A9AAI::QuoteCalculator","",""
"a0r5i00000BaEZ6AAN","0055i000001ydTWAAY","0","JOB00000103","2022-06-27 06:09:53","0055i000001ydTWAAY","2022-06-27 06:09:53","0055i000001ydTWAAY","2022-06-27 06:09:53","0","","7075i00000lvup4","","0065i0000060UTLAA2::QuoteCalculator","",""
"a0r5i00000BaFNoAAN","0055i000001ydTWAAY","0","JOB00000104","2022-06-27 07:20:44","0055i000001ydTWAAY","2022-06-27 07:23:08","0055i000001ydTWAAY","2022-06-27 07:23:08","0","","7075i00000lw1Yo","","a0q5i000000cAjLAAU::QuoteCalculator","",""
"a0r5i00000BaPPKAA3","0055i000001ydTWAAY","0","JOB00000105","2022-06-28 05:18:47","0055i000001ydTWAAY","2022-06-28 05:22:02","0055i000001ydTWAAY","2022-06-28 05:22:03","0","","7075i00000lxKpn","","8005i000000HPOkAAO::QuoteCalculator","",""
"a0r5i00000BaPPLAA3","0055i000001ydTWAAY","0","JOB00000106","2022-06-28 05:18:47","0055i000001ydTWAAY","2022-06-28 05:18:47","0055i000001ydTWAAY","2022-06-28 05:18:47","0","","7075i00000lxKPW","","0065i0000060X2aAAE::QuoteCalculator","",""
"a0r5i00000BaPVgAAN","0055i000001ydTWAAY","0","JOB00000107","2022-06-28 05:22:03","0055i000001ydTWAAY","2022-06-28 05:22:03","0055i000001ydTWAAY","2022-06-28 05:22:03","0","","7075i00000lxKpn","","0065i0000060X3EAAU::QuoteCalculator","",""
"a0r5i00000BaRD5AAN","0055i000001ydTWAAY","0","JOB00000108","2022-06-28 07:01:37","0055i000001ydTWAAY","2022-06-28 09:46:31","0055i000001ydTWAAY","2022-06-28 09:46:31","0","","","Completed","a0q5i000000cAj7AAE::QuoteCalculator","",""
"a0r5i00000BaUT8AAN","0055i000001ydTWAAY","0","JOB00000109","2022-06-28 10:16:10","0055i000001ydTWAAY","2022-06-29 06:54:15","0055i000001ydTWAAY","2022-06-29 06:54:15","0","","","Completed","a0q5i000000cazYAAQ::QuoteCalculator","",""
"a0r5i00000Bajl8AAB","0055i000001ydTWAAY","0","JOB00000110","2022-06-29 06:56:42","0055i000001ydTWAAY","2022-06-29 06:57:10","0055i000001ydTWAAY","2022-06-29 06:57:10","0","","","Completed","a0q5i000000cazdAAA::QuoteCalculator","",""
"a0r5i00000Bam8TAAR","0055i000001ydTWAAY","0","JOB00000111","2022-06-29 08:43:49","0055i000001ydTWAAY","2022-06-30 09:39:54","0055i000001ydTWAAY","2022-06-30 09:39:54","0","","","Completed","a0q5i000000ccKgAAI::QuoteCalculator","",""
"a0r5i00000Bb390AAB","0055i000001ydTWAAY","0","JOB00000112","2022-06-30 05:11:31","0055i000001ydTWAAY","2022-06-30 07:29:01","0055i000001ydTWAAY","2022-06-30 07:29:01","0","","","Completed","a0q5i000000cAjXAAU::QuoteCalculator","",""
"a0r5i00000BbApFAAV","0055i000001ydTWAAY","0","JOB00000113","2022-06-30 09:34:40","0055i000001ydTWAAY","2022-06-30 10:20:07","0055i000001ydTWAAY","2022-06-30 10:20:07","0","","7075i00000nE80M","Completed","a0q5i000000cmXCAAY::QuoteCalculator","",""
"a0r5i00000BbBbLAAV","0055i000001ydTWAAY","0","JOB00000114","2022-06-30 10:01:17","0055i000001ydTWAAY","2022-06-30 10:01:17","0055i000001ydTWAAY","2022-06-30 10:01:17","0","","7075i00000nE9s5","","a0q5i000000cmXWAAY::QuoteCalculator","",""
"a0r5i00000BbCXVAA3","0055i000001ydTWAAY","0","JOB00000115","2022-06-30 10:47:32","0055i000001ydTWAAY","2022-06-30 10:47:32","0055i000001ydTWAAY","2022-06-30 10:47:32","0","","7075i00000nEChS","","a0q5i000000ccVqAAI::QuoteCalculator","",""
"a0r5i00000BbNlZAAV","0055i000001ydTWAAY","0","JOB00000116","2022-07-01 03:57:42","0055i000001ydTWAAY","2022-07-01 03:59:48","0055i000001ydTWAAY","2022-07-01 03:59:48","0","","7075i00000nFDNR,7075i00000nFDNRAA4","Completed","a0q5i000000cqKxAAI::QuoteCalculator","",""
"a0r5i00000BbOkOAAV","0055i000001ydTWAAY","0","JOB00000117","2022-07-01 04:09:50","0055i000001ydTWAAY","2022-07-01 04:09:50","0055i000001ydTWAAY","2022-07-01 04:09:50","0","","7075i00000nFEp4","","a0q5i000000cqL2AAI::QuoteCalculator","",""
"a0r5i00000BbOu7AAF","0055i000001ydTWAAY","0","JOB00000118","2022-07-01 04:10:12","0055i000001ydTWAAY","2022-07-01 04:10:12","0055i000001ydTWAAY","2022-07-01 04:10:12","0","","7075i00000nFEsD","","a0q5i000000cqL7AAI::QuoteCalculator","",""
"a0r5i00000BbPNsAAN","0055i000001ydTWAAY","0","JOB00000119","2022-07-01 04:25:20","0055i000001ydTWAAY","2022-07-01 04:25:20","0055i000001ydTWAAY","2022-07-01 04:25:20","0","","7075i00000nFFuP","","a0q5i000000cqLWAAY::QuoteCalculator","",""
"a0r5i00000BbPNtAAN","0055i000001ydTWAAY","0","JOB00000120","2022-07-01 04:38:38","0055i000001ydTWAAY","2022-07-01 04:38:38","0055i000001ydTWAAY","2022-07-01 04:38:38","0","","7075i00000nFGsj","","a0q5i000000cqLXAAY::QuoteCalculator","",""
"a0r5i00000BbPNuAAN","0055i000001ydTWAAY","0","JOB00000121","2022-07-01 04:39:44","0055i000001ydTWAAY","2022-07-01 04:39:44","0055i000001ydTWAAY","2022-07-01 04:39:44","0","","7075i00000nFGsk","","a0q5i000000cqLYAAY::QuoteCalculator","",""
"a0r5i00000BbPdpAAF","0055i000001ydTWAAY","0","JOB00000123","2022-07-01 04:53:01","0055i000001ydTWAAY","2022-07-01 04:53:01","0055i000001ydTWAAY","2022-07-01 04:53:01","0","","7075i00000nFE8v","","a0q5i000000cqLvAAI::QuoteCalculator","",""
"a0r5i00000BbQ9BAAV","0055i000001ydTWAAY","0","JOB00000126","2022-07-01 05:25:37","0055i000001ydTWAAY","2022-07-01 06:59:51","0055i000001ydTWAAY","2022-07-01 06:59:51","0","","7075i00000nFOey","Completed","a0q5i000000cqMFAAY::QuoteCalculator","",""
"a0r5i00000BbQA1AAN","0055i000001ydTWAAY","0","JOB00000122","2022-07-01 04:49:52","0055i000001ydTWAAY","2022-07-01 06:06:30","0055i000001ydTWAAY","2022-07-01 06:06:30","0","","7075i00000nFHZf","Completed","a0q5i000000cqLqAAI::QuoteCalculator","",""
"a0r5i00000BbQWRAA3","0055i000001ydTWAAY","0","JOB00000124","2022-07-01 05:00:11","0055i000001ydTWAAY","2022-07-01 05:00:11","0055i000001ydTWAAY","2022-07-01 05:00:11","0","","7075i00000nF757","","a0q5i000000cqM5AAI::QuoteCalculator","",""
"a0r5i00000BbQhyAAF","0055i000001ydTWAAY","0","JOB00000125","2022-07-01 05:08:10","0055i000001ydTWAAY","2022-07-01 05:15:08","0055i000001ydTWAAY","2022-07-01 05:15:08","0","","7075i00000nFIjR","Completed","a0q5i000000cqMAAAY::QuoteCalculator","",""
"a0r5i00000BbSM9AAN","0055i000001ydTWAAY","0","JOB00000127","2022-07-01 06:08:37","0055i000001ydTWAAY","2022-07-01 06:08:37","0055i000001ydTWAAY","2022-07-01 06:08:37","0","","7075i00000nFMq0","","a0q5i000000cqMoAAI::QuoteCalculator","",""
"a0r5i00000BbSMJAA3","0055i000001ydTWAAY","0","JOB00000128","2022-07-01 06:08:40","0055i000001ydTWAAY","2022-07-01 06:08:40","0055i000001ydTWAAY","2022-07-01 06:08:40","0","","7075i00000nFMqA,7075i00000nFMqAAAW","","a0q5i000000cqMtAAI::QuoteCalculator","",""
"a0r5i00000BbScqAAF","0055i000001ydTWAAY","0","JOB00000129","2022-07-01 06:17:45","0055i000001ydTWAAY","2022-07-01 06:17:46","0055i000001ydTWAAY","2022-07-01 06:17:46","0","","7075i00000nFNTm","","a0q5i000000cqNIAAY::QuoteCalculator","",""
"a0r5i00000BbSdQAAV","0055i000001ydTWAAY","0","JOB00000130","2022-07-01 06:18:45","0055i000001ydTWAAY","2022-07-01 06:18:46","0055i000001ydTWAAY","2022-07-01 06:18:46","0","","7075i00000nFNKr","","a0q5i000000cqNNAAY::QuoteCalculator","",""
"a0r5i00000BbSuBAAV","0055i000001ydTWAAY","0","JOB00000131","2022-07-01 06:27:43","0055i000001ydTWAAY","2022-07-01 08:52:33","0055i000001ydTWAAY","2022-07-01 08:52:33","0","","7075i00000nFOqm","Completed","a0q5i000000cqNSAAY::QuoteCalculator","",""
"a0r5i00000BbT3dAAF","0055i000003CbitAAC","0","JOB00000132","2022-07-01 06:44:16","0055i000003CbitAAC","2022-07-01 06:44:16","0055i000003CbitAAC","2022-07-01 06:44:16","0","","7075i00000nFPPS","","a0q5i000000cqNhAAI::QuoteCalculator","",""
"a0r5i00000KNWOsAAP","0055i000001ydTWAAY","0","JOB00000133","2022-11-10 07:22:01","0055i000001ydTWAAY","2022-11-16 06:21:08","0055i000001ydTWAAY","2022-11-16 06:21:08","0","","7075i00002DmksT","","a0q5i000000cAj2AAE::QuoteCalculator","",""
"a0r5i00000KNgcYAAT","0055i000001ydTWAAY","0","JOB00000134","2022-11-11 06:48:50","0055i000001ydTWAAY","2022-11-11 06:48:50","0055i000001ydTWAAY","2022-11-11 06:48:50","0","","7075i00002BT4OI","","a0q5i000000e26zAAA::QuoteCalculator","",""
"a0r5i00000KO5qQAAT","0055i000001ydTWAAY","0","JOB00000135","2022-11-14 06:28:03","0055i000001ydTWAAY","2022-11-14 06:28:37","0055i000001ydTWAAY","2022-11-14 06:28:37","1","","7075i00002DkcEv","","a0q5i000000e3aAAAQ::QuoteCalculator","",""
"a0r5i00000KO64NAAT","0055i000001ydTWAAY","0","JOB00000136","2022-11-14 07:40:07","0055i000001ydTWAAY","2022-11-14 07:40:07","0055i000001ydTWAAY","2022-11-14 07:40:07","0","","7075i00002DkfIr","","a0q5i000000e3dEAAQ::QuoteCalculator","",""
"a0r5i00000KO6VEAA1","0055i000001ydTWAAY","0","JOB00000137","2022-11-14 10:24:55","0055i000001ydTWAAY","2022-11-14 10:24:55","0055i000001ydTWAAY","2022-11-14 10:24:55","0","","7075i00002DknTl","","a0q5i000000e3ldAAA::QuoteCalculator","",""
"a0r5i00000KO6VJAA1","0055i000001ydTWAAY","0","JOB00000138","2022-11-14 10:25:29","0055i000001ydTWAAY","2022-11-28 06:36:23","0055i000001ydTWAAY","2022-11-28 06:36:23","0","","7075i00002MFOdx","","a0q5i000000e3liAAA::QuoteCalculator","",""
"a0r5i00000KOJzDAAX","0055i000001ydTWAAY","0","JOB00000139","2022-11-16 06:20:08","0055i000001ydTWAAY","2022-11-16 06:20:08","0055i000001ydTWAAY","2022-11-16 06:20:08","0","","7075i00002DmkRG","","a0q5i000000e4SRAAY::QuoteCalculator","",""
"a0r5i00000KQ30hAAD","0055i000001ydTWAAY","0","JOB00000140","2022-11-29 05:23:05","0055i000001ydTWAAY","2022-11-29 05:34:00","0055i000001ydTWAAY","2022-11-29 05:34:00","0","","7075i00002MG1GQ","","a0q5i000000e6rqAAA::QuoteCalculator","",""
"a0r5i00000KQ38lAAD","0055i000001ydTWAAY","0","JOB00000141","2022-11-29 05:41:14","0055i000001ydTWAAY","2022-11-29 05:41:14","0055i000001ydTWAAY","2022-11-29 05:41:14","0","","7075i00002MG1G7","","a0q5i000000e6rvAAA::QuoteCalculator","",""
"a0r5i00000KQ3b9AAD","0055i000001ydTWAAY","0","JOB00000142","2022-11-29 06:53:45","0055i000001ydTWAAY","2022-11-29 06:53:45","0055i000001ydTWAAY","2022-11-29 06:53:45","0","","7075i00002MG3XY","","a0q5i000000e6s5AAA::QuoteCalculator","",""
"a0r5i00000KQ3cMAAT","0055i000001ydTWAAY","0","JOB00000143","2022-11-29 06:56:07","0055i000001ydTWAAY","2022-11-29 06:59:50","0055i000001ydTWAAY","2022-11-29 06:59:50","0","","7075i00002MG3iH","","a0q5i000000e6sAAAQ::QuoteCalculator","",""
"a0r5i00000KQ3oiAAD","0055i000001ydTWAAY","0","JOB00000144","2022-11-29 07:27:10","0055i000001ydTWAAY","2022-12-01 06:56:44","0055i000001ydTWAAY","2022-12-01 06:56:44","0","","7075i00002MHPSc","","a0q5i000000e6sFAAQ::QuoteCalculator","",""
"a0r5i00000KQZbMAAX","0055i000001ydTWAAY","0","JOB00000145","2022-12-02 07:04:31","0055i000001ydTWAAY","2022-12-02 07:04:31","0055i000001ydTWAAY","2022-12-02 07:04:31","0","","7075i00002MI3lG","","a0q5i000000e8JdAAI::QuoteCalculator","",""
"a0r5i00000SvHe0AAF","0055i000001ydTWAAY","0","JOB00000146","2023-05-10 18:57:17","0055i000001ydTWAAY","2023-05-10 18:57:17","0055i000001ydTWAAY","2023-05-10 18:57:17","0","","7075i00003UgD33","","a0q5i000002ksPYAAY::QuoteCalculator","",""
"a0r5i00000SvHg6AAF","0055i000001ydTWAAY","0","JOB00000147","2023-05-10 20:23:49","0055i000001ydTWAAY","2023-05-11 05:52:31","0055i000001ydTWAAY","2023-05-11 05:52:31","0","","7075i00003UgcRD","","a0q5i000002ksPdAAI::QuoteCalculator","",""
"a0r5i00000SvLv7AAF","0055i000001ydTWAAY","0","JOB00000148","2023-05-11 06:07:57","0055i000001ydTWAAY","2023-05-11 06:07:57","0055i000001ydTWAAY","2023-05-11 06:07:57","0","","7075i00003UgdDv","","a0q5i000002ksZuAAI::QuoteCalculator","",""
"a0r5i00000SvNnLAAV","0055i000001ydTWAAY","0","JOB00000150","2023-05-11 09:33:39","0055i000001ydTWAAY","2023-05-11 10:18:10","0055i000001ydTWAAY","2023-05-11 10:18:10","0","","7075i00003Ugr8n","","a0q5i000002ksnuAAA::QuoteCalculator","",""
"a0r5i00000SvO4BAAV","0055i000001ydTWAAY","0","JOB00000149","2023-05-11 09:22:21","0055i000001ydTWAAY","2023-05-11 09:22:21","0055i000001ydTWAAY","2023-05-11 09:22:21","0","","7075i00003UgkRc","","a0q5i000002ksjhAAA::QuoteCalculator","",""
"a0r5i00000SvXNoAAN","0055i000001ydTWAAY","0","JOB00000151","2023-05-12 09:40:09","0055i000001ydTWAAY","2023-05-12 09:40:09","0055i000001ydTWAAY","2023-05-12 09:40:09","0","","7075i00003WOnsD","","a0q5i000000h3rOAAQ::QuoteCalculator","",""
