"Id","OwnerId","IsDeleted","Name","CreatedDate","CreatedById","LastModifiedDate","LastModifiedById","SystemModstamp","SBQQ__AllPackageProductsShown__c","SBQQ__BillToTitle__c","SBQQ__BorderColor__c","SBQQ__BottomMargin__c","SBQQ__BundledProductsShown__c","SBQQ__CompanyCity__c","SBQQ__CompanyCountry__c","SBQQ__CompanyEmail__c","SBQQ__CompanyFax__c","SBQQ__CompanyName__c","SBQQ__CompanyPhone__c","SBQQ__CompanyPostalCode__c","SBQQ__CompanySlogan__c","SBQQ__CompanyState__c","SBQQ__CompanyStreet__c","SBQQ__ComponentProductsHidden__c","SBQQ__CustomerDiscountField__c","SBQQ__CustomerDiscountLabel__c","SBQQ__CustomerDiscountShown__c","SBQQ__Default__c","SBQQ__DeploymentStatus__c","SBQQ__DiscountScheduleShown__c","SBQQ__ExcludeHeaderFooter__c","SBQQ__ExcludedPages__c","SBQQ__FontFamily__c","SBQQ__FontSize__c","SBQQ__FooterContent__c","SBQQ__FooterHeight__c","SBQQ__GeneratorName__c","SBQQ__GrandTotalPrefix__c","SBQQ__GroupField__c","SBQQ__GroupFontFamily__c","SBQQ__GroupFontSize__c","SBQQ__GroupFontStyle__c","SBQQ__GroupGap__c","SBQQ__GroupShadingColor__c","SBQQ__GroupTextAlignment__c","SBQQ__GroupTextColor__c","SBQQ__HeaderContent__c","SBQQ__HeaderHeight__c","SBQQ__HideGroupSubtotals__c","SBQQ__IntroductionTitle__c","SBQQ__LeftMargin__c","SBQQ__LineNumbering__c","SBQQ__LineSortField__c","SBQQ__LogoDocumentId__c","SBQQ__NotesTitle__c","SBQQ__PageHeight__c","SBQQ__PageNumberAlignment__c","SBQQ__PageNumberPosition__c","SBQQ__PageNumberText__c","SBQQ__PageOrientation__c","SBQQ__PageWidth__c","SBQQ__PartnerDiscountLabel__c","SBQQ__PartnerDiscountShown__c","SBQQ__RenewedProductsShown__c","SBQQ__RightMargin__c","SBQQ__RollUpField__c","SBQQ__ShadingColor__c","SBQQ__ShipToTitle__c","SBQQ__SubGroupField__c","SBQQ__SubtotalField__c","SBQQ__SubtotalLabel__c","SBQQ__TermBodyIndent__c","SBQQ__TermsConditionsTitle__c","SBQQ__TermsConditions__c","SBQQ__TermsNumbered__c","SBQQ__TextColor__c","SBQQ__TopMargin__c","SBQQ__TotalField__c","SBQQ__TotalLabel__c","SBQQ__TotalsHidden__c","SBQQ__WatermarkId__c"
"a0o5i000000hRWWAA2","0055i000001ydTWAAY","0","Training Sample","2022-05-09 16:07:09","0055i000001ydTWAAY","2022-05-09 16:07:09","0055i000001ydTWAAY","2022-05-09 16:07:09","0","Bill To","000000","0.5","0","San Francisco","United States","info@awcomputing.com","(650) 987-6544","AW Computing","(650) 987-6543","94105","","CA","1 Market St","0","","DISCOUNT","0","0","In Development","","","","Helvetica","9","","15","","","","Helvetica","9","Normal","15","FFFFFF","Left","000000","","","0","","0.5","Start at quote","","","","11","","Footer","Page {0} of {1}","Portrait","8.5","PARTNER DISCOUNT","0","1","0.5","","FFFFFF","Ship To","","","","15","Terms & Conditions","","0","","0.5","","","0",""
"a0o5i000000i11EAAQ","0055i000001ydTWAAY","0","Quote Template (Sravan)","2022-06-13 06:11:00","0055i000001ydTWAAY","2022-06-14 05:05:45","0055i000001ydTWAAY","2022-06-14 05:05:45","0","Bill To","000000","1","0","","IN","","","Commercecx","","","","","","0","","DISCOUNT","0","0","In Development","","","","Helvetica","9","","15","","","","Helvetica","9","Normal","15","FFFFFF","Left","000000","","","0","","0.5","Start at quote","","0155i000000giZW","","11","","Footer","Page {0} of {1}","Portrait","8.5","PARTNER DISCOUNT","0","1","0.5","","FFFFFF","Ship To","","","","15","Terms & Conditions","","0","","1","","","0",""
"a0o5i000000i11OAAQ","0055i000001ydTWAAY","0","Sandeep Quote Template","2022-06-13 06:12:59","0055i000001ydTWAAY","2022-06-14 05:06:36","0055i000001ydTWAAY","2022-06-14 05:06:36","0","Bill To","000000","3","0","","IN","","","Commercecx","","","","","","0","","DISCOUNT","0","0","In Development","","","All Pages","Montserrat","9","","15","","","","Helvetica","9","Normal","15","FFFFFF","Left","000000","","","0","","0.5","Start at quote","","0155i000000giZW","","11","Right","Footer","","Portrait","8.5","PARTNER DISCOUNT","0","1","0.5","","FFFFFF","Ship To","","","","15","Terms & Conditions","Term 1 Term 2","0","","1","","","0",""
"a0o5i000000i12MAAQ","0055i000001ydTWAAY","0","Shruthi (Quote Template)","2022-06-13 06:29:53","0055i000001ydTWAAY","2022-06-13 06:29:53","0055i000001ydTWAAY","2022-06-13 06:29:53","0","Bill To","000000","1","0","","IN","","","Commercecx","","","","","","0","","DISCOUNT","0","0","In Development","","","","Helvetica","9","","15","","","","Courier","9","Normal","15","FFFFFF","Left","000000","","","0","","0.5","Start at quote","","","","11","","Footer","Page {0} of {1}","Portrait","8.5","PARTNER DISCOUNT","0","1","0.5","","FFFFFF","Ship To","","","","16","Terms & Conditions","","0","","1","","","0",""
"a0o5i000000i12gAAA","0055i000001ydTWAAY","0","Quote Template -Samyuktha","2022-06-13 06:35:06","0055i000001ydTWAAY","2022-06-14 04:10:11","0055i000001ydTWAAY","2022-06-14 04:10:11","0","Bill To","000000","1","0","","IN","","","Commercecx","","","","","","0","","DISCOUNT","0","0","In Development","","","","Helvetica","9","","15","","","","Helvetica","9","Normal","15","FFFFFF","Left","000000","","","0","","0.5","Start at quote","","0155i000000giZW","","11","","Footer","Page {0} of {1}","Portrait","8.5","PARTNER DISCOUNT","0","1","0.5","","FFFFFF","Ship To","","","","15","Terms & Conditions","","0","","1","","","0",""
"a0o5i000000i13VAAQ","0055i000001ydTWAAY","0","Quote Template-(Sowmya)","2022-06-13 06:43:44","0055i000001ydTWAAY","2022-06-13 06:43:44","0055i000001ydTWAAY","2022-06-13 06:43:44","0","Bill To","000000","1","0","","IND","","","CommerceCX","","","","","","0","","DISCOUNT","0","0","In Development","","","","Helvetica","9","","15","","","","Helvetica","9","Normal","15","FFFFFF","Left","000000","","","0","","0.5","Start at quote","","","","11","","Footer","Page {0} of {1}","Portrait","8.5","PARTNER DISCOUNT","0","1","0.5","","FFFFFF","Ship To","","","","15","Terms & Conditions","","0","","1","","","0",""
"a0o5i000000i144AAA","0055i000001ydTWAAY","0","Quote Template_Swarupa","2022-06-13 06:53:31","0055i000001ydTWAAY","2022-06-13 06:53:31","0055i000001ydTWAAY","2022-06-13 06:53:31","0","Bill To","000000","1","0","","IN","","","Commercecx","","","","","","0","","DISCOUNT","0","0","In Development","","","","Helvetica","9","","15","","","","Helvetica","9","Normal","15","FFFFFF","Left","000000","","","0","","0.5","Start at quote","","","","11","","Footer","Page {0} of {1}","Portrait","8.5","PARTNER DISCOUNT","0","1","0.5","","FFFFFF","Ship To","","","","15","Terms & Conditions","","0","","1","","","0",""
"a0o5i000000i19yAAA","0055i000001ydTWAAY","0","My New Quote Template","2022-06-13 07:14:42","0055i000001ydTWAAY","2022-06-14 05:30:26","0055i000001ydTWAAY","2022-06-14 05:30:26","0","Bill To","000000","1","0","","IN","","","Commercecx","","","","","","0","","DISCOUNT","0","0","In Development","","","","Helvetica","9","","15","","","","Helvetica","9","Normal","15","FFFFFF","Left","000000","","","0","","0.5","Start at quote","","0155i000000giZW","","11","","Footer","Page {0} of {1}","Portrait","8.5","PARTNER DISCOUNT","0","1","0.5","","FFFFFF","Ship To","","","","15","Terms & Conditions","","0","","1","","","0",""
