"Id","OwnerId","IsDeleted","Name","CreatedDate","CreatedById","LastModifiedDate","LastModifiedById","SystemModstamp","SBQQ__Action__c","SBQQ__DisplayOrder__c","SBQQ__FilterSourceField__c","SBQQ__FilterSourceObject__c","SBQQ__FilterValue__c","SBQQ__HiddenSourceField__c","SBQQ__HiddenSourceObject__c","SBQQ__Hidden__c","SBQQ__Operator__c","SBQQ__TargetField__c","SBQQ__TargetObject__c"
"a0v5i0000066HwaAAE","0055i000001ydTWAAY","0","Training / Assistance Per Hour","2022-05-25 09:23:40","0055i000001ydTWAAY","2022-05-25 10:23:06","0055i000001ydTWAAY","2022-05-25 10:23:06","a095i000003TnsGAAS","1","","","R365-ADDTRAINING","","","0","equals","Product Code","Product"
"a0v5i0000066HwbAAE","0055i000001ydTWAAY","0","Static Database","2022-05-25 09:30:43","0055i000001ydTWAAY","2022-05-25 09:30:43","0055i000001ydTWAAY","2022-05-25 09:30:43","a095i000003TnxuAAC","5","","","R365-STATICDATABASE","","","0","equals","Product Code","Product"
"a0v5i0000066HwuAAE","0055i000001ydTWAAY","0","Onsite Training Visits","2022-05-25 09:24:29","0055i000001ydTWAAY","2022-05-25 09:24:29","0055i000001ydTWAAY","2022-05-25 09:24:29","a095i000003TnxQAAS","2","","","R365-ONSITETRAINING","","","0","equals","Product Code","Product"
"a0v5i0000066HxEAAU","0055i000001ydTWAAY","0","POS Swap","2022-05-25 09:25:50","0055i000001ydTWAAY","2022-05-25 09:26:34","0055i000001ydTWAAY","2022-05-25 09:26:34","a095i000003TnxVAAS","3","","","R365-POSSWAP","","","0","equals","Product Code","Product"
"a0v5i0000066HxFAAU","0055i000001ydTWAAY","0","Fixed Assets Setup","2022-05-25 09:27:49","0055i000001ydTWAAY","2022-05-25 09:27:49","0055i000001ydTWAAY","2022-05-25 09:27:49","a095i000003TnxpAAC","4","","","R365-FIXASSETSETUP","","","0","equals","Product Code","Product"
"a0v5i0000066HztAAE","0055i000001ydTWAAY","0","Setup & Implementation - Harvest","2022-05-25 09:32:06","0055i000001ydTWAAY","2022-05-25 09:32:06","0055i000001ydTWAAY","2022-05-25 09:32:06","a095i000003TnxzAAC","6","","","R365-HARVESTSETUP","","","0","equals","Product Code","Product"
"a0v5i0000066LIWAA2","0055i000001ydTWAAY","0","Amendment","2022-05-26 03:58:51","0055i000001ydTWAAY","2022-07-01 07:01:09","0055i000001ydTWAAY","2022-07-01 07:01:14","a095i000003TnsFAAS","40","AmendType__c","Quote","Amendment","","","0","equals","","Product"
"a0v5i0000067Uv6AAE","0055i000001ydTWAAY","0","Add Trail Product","2022-06-07 07:06:13","0055i000001ydTWAAY","2022-06-07 07:06:13","0055i000001ydTWAAY","2022-06-07 07:06:13","a095i000003URH8AAO","1","","","True","","","0","equals","Trail_Product__c","Product"
