"Id","IsDeleted","Name","CreatedDate","CreatedById","LastModifiedDate","LastModifiedById","SystemModstamp","SBQQ__Rule__c","SBQQ__Field__c","SBQQ__FilterFormula__c","SBQQ__FilterType__c","SBQQ__FilterVariable__c","SBQQ__Index__c","SBQQ__Object__c","SBQQ__Operator__c","SBQQ__TestedFormula__c","SBQQ__TestedVariable__c","SBQQ__Value__c"
"a0X5i000000t5LrEAI","0","7","2022-05-17 09:29:30","0055i000001ydTWAAY","2022-05-17 09:29:30","0055i000001ydTWAAY","2022-05-17 09:29:30","a0Y5i000000stFIEAY","","","Value","","1","Quote","equals","SBQQ__Account__r.Industry","","Education"
"a0X5i000000t5LsEAI","0","9","2022-05-17 09:39:38","0055i000001ydTWAAY","2022-05-17 09:39:38","0055i000001ydTWAAY","2022-05-17 09:39:38","a0Y5i000000stFXEAY","Product Code","","Value","","","Quote Line","equals","","","R365-ENTACCPOS"
"a0X5i000000t5M0EAI","0","8","2022-05-17 09:32:00","0055i000001ydTWAAY","2022-05-17 09:32:00","0055i000001ydTWAAY","2022-05-17 09:32:00","a0Y5i000000stFXEAY","","","Value","","1","Quote","equals","SBQQ__Account__r.Industry","","Agriculture"
"a0X5i000000t5MFEAY","0","10","2022-05-17 09:46:52","0055i000001ydTWAAY","2022-05-17 09:46:52","0055i000001ydTWAAY","2022-05-17 09:46:52","a0Y5i000000stFIEAY","Product Code","","Value","","2","Quote Line","equals","","","R365-ENTACCPOS"
"a0X5i000000t5MKEAY","0","11","2022-05-17 09:52:11","0055i000001ydTWAAY","2022-05-17 09:52:11","0055i000001ydTWAAY","2022-05-17 09:52:11","a0Y5i000000stGBEAY","","","Value","","1","Quote","equals","SBQQ__Account__r.Name","","Cleverham Holdings"
"a0X5i000000t5MLEAY","0","14","2022-05-17 09:59:54","0055i000001ydTWAAY","2022-05-17 09:59:54","0055i000001ydTWAAY","2022-05-17 09:59:54","a0Y5i000000stGaEAI","Product Code","","Value","","2","Quote Line","equals","","","R365-STOPS"
"a0X5i000000t5MPEAY","0","12","2022-05-17 09:52:46","0055i000001ydTWAAY","2022-05-17 09:52:46","0055i000001ydTWAAY","2022-05-17 09:52:46","a0Y5i000000stGBEAY","Product Code","","Value","","","Quote Line","equals","","","R365-ENTACCPOS"
"a0X5i000000t5MUEAY","0","13","2022-05-17 09:59:25","0055i000001ydTWAAY","2022-05-17 09:59:25","0055i000001ydTWAAY","2022-05-17 09:59:25","a0Y5i000000stGaEAI","","","Value","","1","Quote","equals","SBQQ__Account__r.Name","","Dickenson plc"
"a0X5i000000tB0TEAU","0","16","2022-05-24 06:18:49","0055i000001ydTWAAY","2022-05-24 06:18:49","0055i000001ydTWAAY","2022-05-24 06:18:49","a0Y5i000000sypCEAQ","","","Value","","","Quote","equals","SBQQ__Account__r.Segment_Type__c","","Enterprise"
"a0X5i000000tBIaEAM","0","19","2022-05-24 09:26:31","0055i000001ydTWAAY","2022-05-24 09:26:31","0055i000001ydTWAAY","2022-05-24 09:26:31","a0Y5i000000sz0vEAA","Product Code","","Value","","","Quote Line","equals","","","R365-DAILYPOSPOLL-LEGACY"
"a0X5i000000tBxuEAE","0","20","2022-05-25 05:31:55","0055i000001ydTWAAY","2022-05-25 05:31:55","0055i000001ydTWAAY","2022-05-25 05:31:55","a0Y5i000000sypCEAQ","Product Code","","Value","","","Quote Line","equals","","","R365-APCAPTURE100"
"a0X5i000000tBxvEAE","0","22","2022-05-25 05:33:50","0055i000001ydTWAAY","2022-05-27 06:49:04","0055i000001ydTWAAY","2022-05-27 06:49:04","a0Y5i000000sypCEAQ","","","Value","","","Summary Variable","less than","","a115i00000172QKAAY","30"
"a0X5i000000tBxzEAE","0","21","2022-05-25 05:33:31","0055i000001ydTWAAY","2022-05-25 05:33:31","0055i000001ydTWAAY","2022-05-25 05:33:31","a0Y5i000000sypCEAQ","","","Value","","","Summary Variable","greater or equals","","a115i00000172QKAAY","10"
"a0X5i000000tC6eEAE","0","23","2022-05-25 07:23:54","0055i000001ydTWAAY","2022-05-25 07:23:54","0055i000001ydTWAAY","2022-05-25 07:23:54","a0Y5i000000szmWEAQ","Product Code","","Value","","","Quote Line","equals","","","R365-APCAPTURE100"
"a0X5i000000tC6jEAE","0","24","2022-05-25 07:27:41","0055i000001ydTWAAY","2022-05-25 07:36:58","0055i000001ydTWAAY","2022-05-25 07:36:58","a0Y5i000000szmWEAQ","","","Value","","","Summary Variable","greater or equals","","a115i00000172QKAAY","30"
"a0X5i000000tC6kEAE","0","25","2022-05-25 07:27:57","0055i000001ydTWAAY","2022-05-27 06:49:22","0055i000001ydTWAAY","2022-05-27 06:49:22","a0Y5i000000szmWEAQ","","","Value","","","Summary Variable","less than","","a115i00000172QKAAY","50"
"a0X5i000000tC7DEAU","0","26","2022-05-25 07:39:35","0055i000001ydTWAAY","2022-05-25 07:39:35","0055i000001ydTWAAY","2022-05-25 07:39:35","a0Y5i000000szmXEAQ","Product Code","","Value","","","Quote Line","equals","","","R365-APCAPTURE100"
"a0X5i000000tC7EEAU","0","27","2022-05-25 07:39:50","0055i000001ydTWAAY","2022-05-25 07:39:50","0055i000001ydTWAAY","2022-05-25 07:39:50","a0Y5i000000szmXEAQ","","","Value","","","Summary Variable","greater or equals","","a115i00000172QKAAY","50"
"a0X5i000000tC7IEAU","0","28","2022-05-25 07:40:28","0055i000001ydTWAAY","2022-05-27 06:49:40","0055i000001ydTWAAY","2022-05-27 06:49:40","a0Y5i000000szmXEAQ","","","Value","","","Summary Variable","less than","","a115i00000172QKAAY","70"
"a0X5i000000tC7JEAU","0","29","2022-05-25 07:42:13","0055i000001ydTWAAY","2022-05-25 07:42:13","0055i000001ydTWAAY","2022-05-25 07:42:13","a0Y5i000000sznFEAQ","Product Code","","Value","","","Quote Line","equals","","","R365-APCAPTURE100"
"a0X5i000000tC7NEAU","0","30","2022-05-25 07:42:30","0055i000001ydTWAAY","2022-05-25 07:42:30","0055i000001ydTWAAY","2022-05-25 07:42:30","a0Y5i000000sznFEAQ","","","Value","","","Summary Variable","greater or equals","","a115i00000172QKAAY","70"
"a0X5i000000tCBEEA2","0","31","2022-05-25 08:43:54","0055i000001ydTWAAY","2022-05-25 08:46:14","0055i000001ydTWAAY","2022-05-25 08:46:14","a0Y5i000000szmWEAQ","","","Value","","","Quote","equals","SBQQ__Account__r.Segment_Type__c","","Enterprise"
"a0X5i000000tCBJEA2","0","32","2022-05-25 08:44:59","0055i000001ydTWAAY","2022-05-25 08:44:59","0055i000001ydTWAAY","2022-05-25 08:44:59","a0Y5i000000szmXEAQ","","","Value","","","Quote","equals","SBQQ__Account__r.Segment_Type__c","","Enterprise"
"a0X5i000000tCBYEA2","0","35","2022-05-25 08:45:45","0055i000001ydTWAAY","2022-05-25 08:45:45","0055i000001ydTWAAY","2022-05-25 08:45:45","a0Y5i000000sznFEAQ","","","Value","","","Quote","equals","SBQQ__Account__r.Segment_Type__c","","Enterprise"
"a0X5i000000tCC7EAM","0","38","2022-05-25 09:11:12","0055i000001ydTWAAY","2022-05-25 09:23:05","0055i000001ydTWAAY","2022-05-25 09:23:05","a0Y5i000000szt0EAA","","","Value","","","Quote","equals","SBQQ__Opportunity2__r.Type","","Conquest"
"a0X5i000000tCCCEA2","0","39","2022-05-25 09:11:55","0055i000001ydTWAAY","2022-05-25 09:21:37","0055i000001ydTWAAY","2022-05-25 09:21:37","a0Y5i000000szt0EAA","Product Code","","Value","","","Quote Line","equals","","","R365-APPAYIMPLEMENTATION"
"a0X5i000000tCGeEAM","0","40","2022-05-25 09:29:09","0055i000001ydTWAAY","2022-05-25 09:33:57","0055i000001ydTWAAY","2022-05-25 09:33:57","a0Y5i000000szsgEAA","","","Value","","","Quote","equals","SBQQ__Opportunity2__r.Type","","Conquest"
"a0X5i000000tCHNEA2","0","44","2022-05-25 10:16:33","0055i000001ydTWAAY","2022-05-25 10:16:33","0055i000001ydTWAAY","2022-05-25 10:16:33","a0Y5i000000szsgEAA","Product Code","","Value","","","Quote Line","equals","","","R365-FIXASSETSETUP"
"a0X5i000000tCLfEAM","0","45","2022-05-25 10:35:18","0055i000001ydTWAAY","2022-12-01 13:32:53","0055i000001ydTWAAY","2022-12-01 13:32:53","a0Y5i000000szt0EAA","","","Value","","","Quote Line","greater or equals","","a115i00000174dJAAQ","1"
"a0X5i000000tCPOEA2","0","46","2022-05-25 11:42:19","0055i000001ydTWAAY","2022-05-25 11:42:19","0055i000001ydTWAAY","2022-05-25 11:42:19","a0Y5i000000szsgEAA","","","Value","","","Quote Line","greater or equals","","a115i00000174dJAAQ","1"
"a0X5i000000tCnbEAE","0","48","2022-05-26 04:43:48","0055i000001ydTWAAY","2022-05-26 05:05:34","0055i000001ydTWAAY","2022-05-26 05:05:34","a0Y5i000000t0QsEAI","Product Code","","Value","","","Quote Line","contains","","","R365-APCAPTURE"
"a0X5i000000tDRwEAM","0","50","2022-05-27 06:12:54","0055i000001ydTWAAY","2022-05-27 06:12:54","0055i000001ydTWAAY","2022-05-27 06:12:54","a0Y5i000000t1HbEAI","","","Value","","","Quote Line","less than","","a115i00000172QKAAY","10"
"a0X5i000000tDS1EAM","0","51","2022-05-27 06:13:16","0055i000001ydTWAAY","2022-05-27 06:13:16","0055i000001ydTWAAY","2022-05-27 06:13:16","a0Y5i000000t1HbEAI","","","Value","","","Quote Line","greater or equals","","a115i00000172QKAAY","1"
"a0X5i000000tLzqEAE","0","53","2022-06-07 07:27:06","0055i000001ydTWAAY","2022-06-08 10:23:41","0055i000001ydTWAAY","2022-06-08 10:23:41","a0Y5i000000t8L4EAI","","","Value","","1","Quote Line","equals","SBQQ__Product__r.Trail_Product__c","","True"
"a0X5i000000tNAWEA2","0","57","2022-06-08 10:08:33","0055i000001ydTWAAY","2022-06-08 10:13:41","0055i000001ydTWAAY","2022-06-08 10:13:41","a0Y5i000000t8L4EAI","Trail_Period_in_Days__c","","Value","","","Quote Line","equals","","","30"
"a0X5i000000tVoXEAU","0","59","2022-06-17 11:35:34","0055i000001ydTWAAY","2022-06-17 11:35:34","0055i000001ydTWAAY","2022-06-17 11:35:34","a0Y5i000000tM1GEAU","Product Code","","Value","","0","Quote Line","equals","","",""
"a0X5i000000tcDUEAY","0","63","2022-06-25 06:51:47","0055i000001ydTWAAY","2022-06-25 06:51:47","0055i000001ydTWAAY","2022-06-25 06:51:47","a0Y5i000000tQwEEAU","Product Code","","Value","","","Quote Line","equals","","","SCH-M"
"a0X5i000000tcDZEAY","0","64","2022-06-25 06:52:13","0055i000001ydTWAAY","2022-06-25 06:52:13","0055i000001ydTWAAY","2022-06-25 06:52:13","a0Y5i000000tQwEEAU","Product Code","","Value","","","Quote Line","equals","","","IM-1"
"a0X5i000000tdMgEAI","0","65","2022-06-28 09:09:46","0055i000001ydTWAAY","2022-06-28 09:10:32","0055i000001ydTWAAY","2022-06-28 09:10:32","a0Y5i000000tS9iEAE","Product Code","","Value","","1","Quote Line","equals","","","R365-INVENTORYENTRY-LEGACY"
"a0X5i000000tdMlEAI","0","66","2022-06-28 09:11:40","0055i000001ydTWAAY","2022-06-28 09:36:56","0055i000001ydTWAAY","2022-06-28 09:36:56","a0Y5i000000tS9iEAE","Product Code","","Value","","2","Quote Line","equals","","","R365-PROFESSIONAL"
"a0X5i000000tdMqEAI","0","67","2022-06-28 09:12:06","0055i000001ydTWAAY","2022-06-28 09:37:05","0055i000001ydTWAAY","2022-06-28 09:37:05","a0Y5i000000tS9iEAE","Product Code","","Value","","3","Quote Line","equals","","","R365-ESSENTIAL"
"a0X5i000000tdNAEAY","0","68","2022-06-28 09:27:25","0055i000001ydTWAAY","2022-06-28 10:37:53","0055i000001ydTWAAY","2022-06-28 10:37:53","a0Y5i000000tS9iEAE","","","Value","","4","Quote Line","equals","","a115i0000018PqqAAE","1"
"a0X5i000000tecXEAQ","0","72","2022-06-30 07:03:50","0055i000001ydTWAAY","2022-06-30 07:34:44","0055i000001ydTWAAY","2022-06-30 07:34:44","a0Y5i000000tTV2EAM","Configuration_Type__c","","Value","","1","Quote Line","not equals","","","NULL"
"a0X5i000000teccEAA","0","73","2022-06-30 07:04:16","0055i000001ydTWAAY","2022-06-30 07:34:52","0055i000001ydTWAAY","2022-06-30 07:34:52","a0Y5i000000tTV2EAM","Configuration_Event__c","","Value","","2","Quote Line","not equals","","","NULL"
"a0X5i000000techEAA","0","74","2022-06-30 07:15:54","0055i000001ydTWAAY","2022-06-30 07:15:54","0055i000001ydTWAAY","2022-06-30 07:15:54","a0Y5i000000tTV2EAM","SBQQ__ListPrice__c","","Value","","3","Quote Line","not equals","","","0"
"a0X5i000000tedaEAA","0","76","2022-06-30 08:50:10","0055i000001ydTWAAY","2022-06-30 08:50:10","0055i000001ydTWAAY","2022-06-30 08:50:10","a0Y5i000000tTV2EAM","","","Value","","4","Quote Line","less or equals","","a115i0000018SbNAAU","0"
"a0X5i000000tedfEAA","0","77","2022-06-30 08:51:32","0055i000001ydTWAAY","2022-06-30 08:51:32","0055i000001ydTWAAY","2022-06-30 08:51:32","a0Y5i000000tTZbEAM","Configuration_Event__c","","Value","","2","Quote Line","not equals","","","NULL"
"a0X5i000000tedgEAA","0","78","2022-06-30 08:51:32","0055i000001ydTWAAY","2022-06-30 08:51:32","0055i000001ydTWAAY","2022-06-30 08:51:32","a0Y5i000000tTZbEAM","Configuration_Type__c","","Value","","1","Quote Line","not equals","","","NULL"
"a0X5i000000tedhEAA","0","79","2022-06-30 08:51:32","0055i000001ydTWAAY","2022-06-30 08:51:32","0055i000001ydTWAAY","2022-06-30 08:51:32","a0Y5i000000tTZbEAM","SBQQ__ListPrice__c","","Value","","3","Quote Line","not equals","","","0"
"a0X5i000000tediEAA","0","80","2022-06-30 08:51:32","0055i000001ydTWAAY","2022-06-30 08:52:39","0055i000001ydTWAAY","2022-06-30 08:52:39","a0Y5i000000tTZbEAM","","","Value","","4","Quote Line","greater or equals","","a115i0000018SbNAAU","1"
"a0X5i000000tfSMEAY","0","82","2022-07-01 07:21:53","0055i000001ydTWAAY","2022-07-01 08:47:23","0055i000001ydTWAAY","2022-07-01 08:47:23","a0Y5i000000tUAOEA2","Product Code","","Value","","1","Quote Line","equals","","","SMARTPHONE6"
"a0X5i000000tfSREAY","0","83","2022-07-01 07:22:21","0055i000001ydTWAAY","2022-07-01 07:33:22","0055i000001ydTWAAY","2022-07-01 07:33:22","a0Y5i000000tUAOEA2","Product Code","","Value","","2","Quote Line","equals","","","LAPTOP13"
