"Id","IsDeleted","Name","CreatedDate","CreatedById","LastModifiedDate","LastModifiedById","SystemModstamp","SBQQ__ProductRule__c","SBQQ__Active__c","SBQQ__AscendingNestedLevel__c","SBQQ__DescendingActionNesting__c","SBQQ__DescendingNestedLevel__c","SBQQ__ProductFeature__c","SBQQ__Product__c"
"a055i000000j77oAAA","0","CR-000000","2022-05-17 06:44:32","0055i000001ydTWAAY","2022-05-17 06:44:32","0055i000001ydTWAAY","2022-05-17 06:44:32","a0j5i000000kOYSAA2","1","","","","","01t5i000000mlI6AAI"
"a055i000000laGOAAY","0","CR-000038","2022-06-24 09:16:54","0055i000001ydTWAAY","2022-06-24 09:16:54","0055i000001ydTWAAY","2022-06-24 09:16:54","a0j5i000000kZDSAA2","1","","","","","01t5i000001zIRRAA2"
"a055i000000lpJ6AAI","0","CR-000046","2022-06-29 10:12:26","0055i000001ydTWAAY","2022-06-29 10:12:26","0055i000001ydTWAAY","2022-06-29 10:12:26","a0j5i000000kZFZAA2","1","","","","","01t5i000001zLOIAA2"
"a055i000000lxIfAAI","0","CR-000048","2022-07-01 06:28:00","0055i000001ydTWAAY","2022-07-01 06:28:00","0055i000001ydTWAAY","2022-07-01 06:28:00","a0j5i000000kbYSAAY","1","","","","","01t5i000001zzYHAAY"
