"Id","OwnerId","IsDeleted","Name","CreatedDate","CreatedById","LastModifiedDate","LastModifiedById","SystemModstamp","SBQQ__Active__c","SBQQ__AdvancedCondition__c","SBQQ__ConditionsMet__c","SBQQ__ConfiguratorEvaluationEvent__c","SBQQ__EvaluationEvent__c","SBQQ__EvaluationOrder__c","SBQQ__LookupObject__c","SBQQ__Product__c","SBQQ__TargetObject__c"
"a0Y5i000000stFIEAY","0055i000001ydTWAAY","0","Education Industry Account price rule","2022-05-17 09:27:04","0055i000001ydTWAAY","2022-06-01 06:08:20","0055i000001ydTWAAY","2022-06-01 06:08:20","0","","All","","On Calculate","","","","Calculator"
"a0Y5i000000stFXEAY","0055i000001ydTWAAY","0","Agriculture Industry Account Price Rule","2022-05-17 09:31:20","0055i000001ydTWAAY","2022-06-01 06:07:48","0055i000001ydTWAAY","2022-06-01 06:07:48","0","","All","","On Calculate","","","","Calculator"
"a0Y5i000000stGBEAY","0055i000001ydTWAAY","0","Account Based Pricing","2022-05-17 09:51:14","0055i000001ydTWAAY","2022-06-01 06:08:12","0055i000001ydTWAAY","2022-06-01 06:08:12","0","","All","","On Calculate","","","","Calculator"
"a0Y5i000000stGaEAI","0055i000001ydTWAAY","0","Account Based Pricing 2","2022-05-17 09:57:31","0055i000001ydTWAAY","2022-06-01 06:08:04","0055i000001ydTWAAY","2022-06-01 06:08:04","0","","All","","On Calculate","","","","Calculator"
"a0Y5i000000sypCEAQ","0055i000001ydTWAAY","0","ENT 1: 1000 Invoices for $900","2022-05-24 06:17:29","0055i000001ydTWAAY","2022-12-02 04:54:19","0055i000001ydTWAAY","2022-12-02 04:54:19","1","","All","","On Calculate","","","","Calculator"
"a0Y5i000000sz0vEAA","0055i000001ydTWAAY","0","Pg_13_POS Only Integration","2022-05-24 09:25:46","0055i000001ydTWAAY","2022-06-28 06:42:55","0055i000001ydTWAAY","2022-06-28 06:42:55","1","","All","","On Calculate","","","","Calculator"
"a0Y5i000000szmWEAQ","0055i000001ydTWAAY","0","ENT 2: 3000 Invoices for $2550","2022-05-25 07:23:17","0055i000001ydTWAAY","2022-12-02 04:54:11","0055i000001ydTWAAY","2022-12-02 04:54:11","1","","All","","On Calculate","","","","Calculator"
"a0Y5i000000szmXEAQ","0055i000001ydTWAAY","0","ENT 3: 5000 Invoices for $4000","2022-05-25 07:39:06","0055i000001ydTWAAY","2022-12-02 04:54:01","0055i000001ydTWAAY","2022-12-02 04:54:01","1","","All","","On Calculate","","","","Calculator"
"a0Y5i000000sznFEAQ","0055i000001ydTWAAY","0","ENT 4: 7000 Invoices for $5250","2022-05-25 07:41:50","0055i000001ydTWAAY","2022-12-02 04:53:51","0055i000001ydTWAAY","2022-12-02 04:53:51","1","","All","","On Calculate","","","","Calculator"
"a0Y5i000000szsgEAA","0055i000001ydTWAAY","0","Fixed Assets Setup Disc","2022-05-25 08:37:26","0055i000001ydTWAAY","2022-06-28 08:57:40","0055i000001ydTWAAY","2022-06-28 08:57:40","1","","All","","On Calculate","","","01t5i000000mlFvAAI","Calculator"
"a0Y5i000000szt0EAA","0055i000001ydTWAAY","0","Pg_no_14 AP Payment Setup Disc","2022-05-25 08:48:48","0055i000001ydTWAAY","2022-12-01 07:01:51","0055i000001ydTWAAY","2022-12-01 07:01:51","1","","All","","On Calculate","","","","Calculator"
"a0Y5i000000t0QsEAI","0055i000001ydTWAAY","0","Trail Product","2022-05-26 04:42:24","0055i000001ydTWAAY","2022-12-01 13:36:02","0055i000001ydTWAAY","2022-12-01 13:36:02","1","","All","","On Calculate","","","","Calculator"
"a0Y5i000000t1HbEAI","0055i000001ydTWAAY","0","Upto 900 Invoices for $99","2022-05-27 06:10:31","0055i000001ydTWAAY","2022-12-02 04:53:35","0055i000001ydTWAAY","2022-12-02 04:53:35","1","","All","","On Calculate","1","","01t5i000000mlHhAAI","Calculator"
"a0Y5i000000t8L4EAI","0055i000001ydTWAAY","0","Active Trail Product","2022-06-07 07:18:22","0055i000001ydTWAAY","2022-11-28 12:53:37","0055i000001ydTWAAY","2022-11-28 12:53:37","0","","All","","On Calculate","","","","Calculator"
"a0Y5i000000tM1GEAU","0055i000001ydTWAAY","0","Approval's Set Quote Line Color& Level","2022-06-17 11:34:49","0055i000001ydTWAAY","2022-06-17 11:34:49","0055i000001ydTWAAY","2022-06-17 11:34:49","1","","All","","On Initialization;Before Calculate;After Calculate","1","CPQ_Approval_Lookup__c","","Calculator"
"a0Y5i000000tQwEEAU","0055i000001ydTWAAY","0","Select either Inventory Module or Scheduler365","2022-06-25 06:39:24","0055i000001ydTWAAY","2022-06-25 06:51:01","0055i000001ydTWAAY","2022-06-25 06:51:01","1","","All","Save","On Calculate","","","","Calculator"
"a0Y5i000000tS9iEAE","0055i000001ydTWAAY","0","Pg_13_Inventory Entry Disc.","2022-06-28 09:07:55","0055i000001ydTWAAY","2022-06-28 10:44:43","0055i000001ydTWAAY","2022-06-28 10:44:43","1","1 AND 2 AND 4","Custom","","On Calculate","","","01t5i000000mlTYAAY","Calculator"
"a0Y5i000000tTV2EAM","0055i000001ydTWAAY","0","US-D4 Apply Discount on Bundle with Price","2022-06-30 06:46:47","0055i000001ydTWAAY","2022-07-01 07:31:12","0055i000001ydTWAAY","2022-07-01 07:31:12","0","","All","Save","On Calculate","","","","Calculator"
"a0Y5i000000tTZbEAM","0055i000001ydTWAAY","0","US-D4 Apply Discount on Bundle with Price 2","2022-06-30 08:51:31","0055i000001ydTWAAY","2022-07-01 07:31:03","0055i000001ydTWAAY","2022-07-01 07:31:03","0","","All","Save","On Calculate","","","","Calculator"
"a0Y5i000000tUAOEA2","0055i000001ydTWAAY","0","US-P14 Discount with Upsell","2022-07-01 07:20:18","0055i000001ydTWAAY","2022-07-01 07:46:42","0055i000001ydTWAAY","2022-07-01 07:46:42","1","","All","","On Calculate","","","","Calculator"
