"Id","IsDeleted","Name","CreatedDate","CreatedById","LastModifiedDate","LastModifiedById","SystemModstamp","SBQQ__Rule__c","SBQQ__FilterField__c","SBQQ__FilterValue__c","SBQQ__Operator__c","SBQQ__Product__c","SBQQ__Required__c","SBQQ__Type__c","SBQQ__ValueAttribute__c","SBQQ__ValueField__c","SBQQ__ValueObject__c"
"a0e5i000000tMNbAAM","0","PA-0000000","2022-05-17 05:00:12","0055i000001ydTWAAY","2022-05-17 05:00:12","0055i000001ydTWAAY","2022-05-17 05:00:12","a0j5i000000kOYSAA2","","","","01t5i000000mlI6AAI","0","Hide & Remove","","",""
"a0e5i000000tMXyAAM","0","PA-0000002","2022-05-17 09:09:35","0055i000001ydTWAAY","2022-05-17 09:09:35","0055i000001ydTWAAY","2022-05-17 09:09:35","a0j5i000000kOYSAA2","","","","01t5i000000mlSkAAI","0","Hide & Remove","","",""
"a0e5i000000tQcsAAE","0","PA-0000019","2022-05-26 06:56:35","0055i000001ydTWAAY","2022-05-26 06:56:35","0055i000001ydTWAAY","2022-05-26 06:56:35","a0j5i000000kRJVAA2","","","","01t5i000000mlLoAAI","0","Add","","",""
"a0e5i000000tc4GAAQ","0","PA-0000026","2022-06-23 05:11:48","0055i000001ydTWAAY","2022-06-23 08:37:11","0055i000001ydTWAAY","2022-06-23 08:37:11","a0j5i000000kYYTAA2","Channel_Only_Product__c","True","equals","","1","Disable & Remove","","",""
"a0e5i000000tdlCAAQ","0","PA-0000035","2022-06-28 09:56:18","0055i000001ydTWAAY","2022-06-28 09:56:46","0055i000001ydTWAAY","2022-06-28 09:56:46","a0j5i000000kRHxAAM","","","","01t5i000000mlLjAAI","1","Add","","",""
"a0e5i000000tdlHAAQ","0","PA-0000036","2022-06-28 09:57:28","0055i000001ydTWAAY","2022-06-28 09:57:28","0055i000001ydTWAAY","2022-06-28 09:57:28","a0j5i000000kRHxAAM","","","","01t5i000000mlTsAAI","1","Add","","",""
"a0e5i000000tdlMAAQ","0","PA-0000037","2022-06-28 10:17:49","0055i000001ydTWAAY","2022-06-28 10:17:49","0055i000001ydTWAAY","2022-06-28 10:17:49","a0j5i000000kR8oAAE","","","","01t5i000000mlLjAAI","1","Add","","",""
"a0e5i000000tdlNAAQ","0","PA-0000038","2022-06-28 10:18:03","0055i000001ydTWAAY","2022-06-28 10:18:03","0055i000001ydTWAAY","2022-06-28 10:18:03","a0j5i000000kR8oAAE","","","","01t5i000000mlKbAAI","1","Add","","",""
"a0e5i000000tepvAAA","0","PA-0000039","2022-07-01 05:07:48","0055i000001ydTWAAY","2022-07-01 06:45:50","0055i000001ydTWAAY","2022-07-01 06:45:50","a0j5i000000kbYSAAY","","","","01t5i000001zzYHAAY","1","Show & Add","","",""
