"Id","IsDeleted","Name","CreatedDate","CreatedById","LastModifiedDate","LastModifiedById","SystemModstamp","SBQQ__Rule__c","SBQQ__Field__c","SBQQ__Formula__c","SBQQ__Order__c","SBQQ__SourceLookupField__c","SBQQ__SourceVariable__c","SBQQ__TargetObject__c","SBQQ__ValueField__c","SBQQ__Value__c"
"a0W5i000002byekEAA","0","2","2022-05-17 09:30:31","0055i000001ydTWAAY","2022-05-17 09:46:23","0055i000001ydTWAAY","2022-05-17 09:46:23","a0Y5i000000stFIEAY","List Price","","","","","Quote Line","","100"
"a0W5i000002bzxTEAQ","0","3","2022-05-17 09:32:13","0055i000001ydTWAAY","2022-05-17 09:32:13","0055i000001ydTWAAY","2022-05-17 09:32:13","a0Y5i000000stFXEAY","Unit Price","","","","","Quote Line","","200"
"a0W5i000002c0F6EAI","0","4","2022-05-17 09:53:04","0055i000001ydTWAAY","2022-05-17 09:53:04","0055i000001ydTWAAY","2022-05-17 09:53:04","a0Y5i000000stGBEAY","List Price","","","","","Quote Line","","500"
"a0W5i000002c0IoEAI","0","5","2022-05-17 10:00:40","0055i000001ydTWAAY","2022-05-17 10:00:40","0055i000001ydTWAAY","2022-05-17 10:00:40","a0Y5i000000stGaEAI","List Price","","","","","Quote Line","","1000"
"a0W5i000002icm7EAA","0","9","2022-05-24 09:30:58","0055i000001ydTWAAY","2022-05-24 11:28:49","0055i000001ydTWAAY","2022-05-24 11:28:49","a0Y5i000000sz0vEAA","List Price","if(SBQQ__Quote__r.SBQQ__Account__r.Type=='Customer - Direct',90,if(SBQQ__Quote__r.SBQQ__Account__r.Type=='Customer - Channel',250,0))","","","","Quote Line","",""
"a0W5i000002jP0UEAU","0","10","2022-05-25 05:34:16","0055i000001ydTWAAY","2022-12-02 05:23:46","0055i000001ydTWAAY","2022-12-02 05:23:46","a0Y5i000000sypCEAQ","List Price","","","","","Quote Line","","90"
"a0W5i000002jVLWEA2","0","11","2022-05-25 07:37:29","0055i000001ydTWAAY","2022-05-25 07:37:29","0055i000001ydTWAAY","2022-05-25 07:37:29","a0Y5i000000szmWEAQ","List Price","","","","","Quote Line","","85"
"a0W5i000002jVLgEAM","0","12","2022-05-25 07:40:40","0055i000001ydTWAAY","2022-05-25 07:40:40","0055i000001ydTWAAY","2022-05-25 07:40:40","a0Y5i000000szmXEAQ","List Price","","","","","Quote Line","","80"
"a0W5i000002jVLlEAM","0","13","2022-05-25 07:42:50","0055i000001ydTWAAY","2022-05-25 07:42:50","0055i000001ydTWAAY","2022-05-25 07:42:50","a0Y5i000000sznFEAQ","List Price","","","","","Quote Line","","75"
"a0W5i000002jaAfEAI","0","15","2022-05-25 09:12:07","0055i000001ydTWAAY","2022-12-01 13:33:23","0055i000001ydTWAAY","2022-12-01 13:33:23","a0Y5i000000szt0EAA","Discount (%)","","","","","Quote Line","","100"
"a0W5i000002jgg9EAA","0","19","2022-05-25 11:20:40","0055i000001ydTWAAY","2022-05-25 11:43:17","0055i000001ydTWAAY","2022-05-25 11:43:17","a0Y5i000000szsgEAA","Discount (%)","","","","","Quote Line","","100"
"a0W5i000002kK6QEAU","0","20","2022-05-26 04:44:13","0055i000001ydTWAAY","2022-06-28 10:02:35","0055i000001ydTWAAY","2022-06-28 10:02:35","a0Y5i000000t0QsEAI","Discount (Amt)","if(ISNULL(SBQQ__SubscriptionTerm__c),0,if(SBQQ__SubscriptionTerm__c=1,SBQQ__ListPrice__c, if(SBQQ__SubscriptionTerm__c=2,SBQQ__ListPrice__c*2,SBQQ__ListPrice__c*2 )))","1","","","Quote Line","",""
"a0W5i000002lMcjEAE","0","21","2022-05-27 06:13:44","0055i000001ydTWAAY","2022-05-27 06:13:44","0055i000001ydTWAAY","2022-05-27 06:13:44","a0Y5i000000t1HbEAI","List Price","","","","","Quote Line","","99"
"a0W5i00000305RFEAY","0","22","2022-06-07 07:31:12","0055i000001ydTWAAY","2022-06-08 10:42:10","0055i000001ydTWAAY","2022-06-08 10:42:10","a0Y5i000000t8L4EAI","Discount (Amt)","","","","","Quote Line","SBQQ__ListPrice__c",""
"a0W5i0000031FeqEAE","0","24","2022-06-08 10:43:22","0055i000001ydTWAAY","2022-06-08 10:43:22","0055i000001ydTWAAY","2022-06-08 10:43:22","a0Y5i000000t8L4EAI","List Price","SBQQ__ListPrice__c-SBQQ__Discount__c","","","","Quote Line","",""
"a0W5i000003EmuPEAS","0","25","2022-06-17 15:14:02","0055i000001ydTWAAY","2022-06-17 15:14:02","0055i000001ydTWAAY","2022-06-17 15:14:02","a0Y5i000000tM1GEAU","Approval_Level__c","","","Approval_Level__c","","Quote Line","",""
"a0W5i000003EmuUEAS","0","26","2022-06-17 15:14:49","0055i000001ydTWAAY","2022-06-21 08:44:51","0055i000001ydTWAAY","2022-06-21 08:44:51","a0Y5i000000tM1GEAU","Approval_Color__c","","","Approval_Color__c","","Quote Line","",""
"a0W5i000003Mif5EAC","0","27","2022-06-25 06:44:09","0055i000001ydTWAAY","2022-06-25 06:44:09","0055i000001ydTWAAY","2022-06-25 06:44:09","a0Y5i000000tQwEEAU","List Price","","","","","Quote Line","","0"
"a0W5i000003Q5gPEAS","0","30","2022-06-28 09:15:09","0055i000001ydTWAAY","2022-06-28 11:07:18","0055i000001ydTWAAY","2022-06-28 11:07:18","a0Y5i000000tS9iEAE","Discount (%)","","2","","","Quote Line","","100"
"a0W5i000003S5mgEAC","0","31","2022-06-30 07:06:39","0055i000001ydTWAAY","2022-06-30 07:34:21","0055i000001ydTWAAY","2022-06-30 07:34:21","a0Y5i000000tTV2EAM","Discount (%)","","1","","","Quote Line","","5"
"a0W5i000003SB3tEAG","0","33","2022-06-30 08:51:33","0055i000001ydTWAAY","2022-06-30 10:38:49","0055i000001ydTWAAY","2022-06-30 10:38:49","a0Y5i000000tTZbEAM","List Price","if(SBQQ__ProductFamily__c==""Implementation"",0,SBQQ__ListPrice__c)","1","","","Quote Line","",""
"a0W5i000003T9BwEAK","0","34","2022-07-01 07:25:27","0055i000001ydTWAAY","2022-07-01 08:43:32","0055i000001ydTWAAY","2022-07-01 08:43:32","a0Y5i000000tUAOEA2","Discount (%)","if(ProductCode==""LAPTOP13"",0.1,0)","1","","","Quote Line","","0.1"
