"Id","IsDeleted","Name","CreatedDate","CreatedById","LastModifiedDate","LastModifiedById","SystemModstamp","SBQQ__Rule__c","SBQQ__FilterType__c","SBQQ__FilterValue__c","SBQQ__FilterVariable__c","SBQQ__Index__c","SBQQ__Operator__c","SBQQ__TestedAttribute__c","SBQQ__TestedField__c","SBQQ__TestedObject__c","SBQQ__TestedVariable__c"
"a0H5i000001ldKSEAY","0","000000","2022-05-17 04:56:46","0055i000001ydTWAAY","2022-05-17 06:45:45","0055i000001ydTWAAY","2022-05-17 06:45:45","a0j5i000000kOYSAA2","Value","New Customer","","1","equals","","OpportunityType__c","Quote",""
"a0H5i000001ldYjEAI","0","000008","2022-05-17 08:22:06","0055i000001ydTWAAY","2022-05-17 08:48:29","0055i000001ydTWAAY","2022-05-17 08:48:29","a0j5i000000kOa4AAE","Value","R365-STATICDATABASE","","1","equals","","SBQQ__ProductCode__c","Quote Line",""
"a0H5i000001ldYoEAI","0","000009","2022-05-17 08:22:24","0055i000001ydTWAAY","2022-05-17 08:48:40","0055i000001ydTWAAY","2022-05-17 08:48:40","a0j5i000000kOa4AAE","Value","50","","2","greater than","","SBQQ__Discount__c","Quote Line",""
"a0H5i000001ljHzEAI","0","000011","2022-05-25 11:41:16","0055i000001ydTWAAY","2022-06-17 08:46:27","0055i000001ydTWAAY","2022-06-17 08:46:27","a0j5i000000kR8oAAE","Value","Mid-Market (MM)","","1","not equals","","AccountSegmentType__c","Quote",""
"a0H5i000001ljRSEAY","0","000012","2022-05-26 03:55:46","0055i000001ydTWAAY","2022-05-26 03:57:56","0055i000001ydTWAAY","2022-05-26 03:57:56","a0j5i000000kR8yAAE","Value","Customer - Channel","","1","not equals","","Account_Type__c","Quote",""
"a0H5i000001ljRcEAI","0","000013","2022-05-26 04:34:56","0055i000001ydTWAAY","2022-05-26 05:04:42","0055i000001ydTWAAY","2022-05-26 05:04:42","a0j5i000000kRHxAAM","Value","Small and Medium Business (SMB)","","1","not equals","","AccountSegmentType__c","Quote",""
"a0H5i000001ljRhEAI","0","000014","2022-05-26 04:41:23","0055i000001ydTWAAY","2022-06-30 05:39:31","0055i000001ydTWAAY","2022-06-30 05:39:31","a0j5i000000kRI7AAM","Value","Strategic","","1","equals","","Segment2__c","Quote",""
"a0H5i000001ljRmEAI","0","000015","2022-05-26 04:47:01","0055i000001ydTWAAY","2022-12-02 06:26:56","0055i000001ydTWAAY","2022-12-02 06:26:56","a0j5i000000kRICAA2","Value","Strategic","","1","not equals","","Segment2__c","Quote",""
"a0H5i000001ljS6EAI","0","000018","2022-05-26 05:03:19","0055i000001ydTWAAY","2022-06-30 05:40:33","0055i000001ydTWAAY","2022-06-30 05:40:33","a0j5i000000kRI7AAM","Value","0","","2","less or equals","","","","a115i0000018SFvAAM"
"a0H5i000001ljSBEAY","0","000019","2022-05-26 05:04:40","0055i000001ydTWAAY","2022-06-29 08:36:40","0055i000001ydTWAAY","2022-06-29 08:36:40","a0j5i000000kRIHAA2","Value","Strategic","","1","not equals","","Segment2__c","Quote",""
"a0H5i000001ljWjEAI","0","000022","2022-05-26 05:38:01","0055i000001ydTWAAY","2022-06-29 08:40:00","0055i000001ydTWAAY","2022-06-29 08:40:00","a0j5i000000kRIHAA2","Value","R365-ENTFINANCIALS","","2","equals","","SBQQ__ProductCode__c","Quote Line",""
"a0H5i000001ljX8EAI","0","000023","2022-05-26 06:00:33","0055i000001ydTWAAY","2022-06-30 05:21:34","0055i000001ydTWAAY","2022-06-30 05:21:34","a0j5i000000kRICAA2","Value","0","","2","less or equals","","","","a115i0000018SAsAAM"
"a0H5i000001ljXIEAY","0","000024","2022-05-26 06:01:52","0055i000001ydTWAAY","2022-06-30 05:22:02","0055i000001ydTWAAY","2022-06-30 05:22:02","a0j5i000000kRICAA2","Value","0","","3","less or equals","","","","a115i0000018SFvAAM"
"a0H5i000001ljXSEAY","0","000025","2022-05-26 06:02:58","0055i000001ydTWAAY","2022-06-30 05:22:27","0055i000001ydTWAAY","2022-06-30 05:22:27","a0j5i000000kRICAA2","Value","0","","4","less or equals","","","","a115i0000018RB3AAM"
"a0H5i000001ljXcEAI","0","000027","2022-05-26 06:21:18","0055i000001ydTWAAY","2022-06-30 05:41:19","0055i000001ydTWAAY","2022-06-30 05:41:19","a0j5i000000kRI7AAM","Value","0","","3","less or equals","","","","a115i0000018RB3AAM"
"a0H5i000001ljXhEAI","0","000028","2022-05-26 06:25:52","0055i000001ydTWAAY","2022-12-02 06:31:44","0055i000001ydTWAAY","2022-12-02 06:31:44","a0j5i000000kRICAA2","Value","AP_Invoice-Capture","","5","equals","","SBQQ__ProductCode__c","Quote Line",""
"a0H5i000001ljXmEAI","0","000029","2022-05-26 06:26:43","0055i000001ydTWAAY","2022-06-30 06:26:42","0055i000001ydTWAAY","2022-06-30 06:26:42","a0j5i000000kRIrAAM","Value","Strategic","","1","equals","","AccountSegmentType__c","Quote",""
"a0H5i000001ljXnEAI","0","000030","2022-05-26 06:34:10","0055i000001ydTWAAY","2022-06-30 06:27:13","0055i000001ydTWAAY","2022-06-30 06:27:13","a0j5i000000kRIrAAM","Value","0","","2","less or equals","","","","a115i0000018RB3AAM"
"a0H5i000001ljXwEAI","0","000031","2022-05-26 06:34:57","0055i000001ydTWAAY","2022-06-30 06:27:52","0055i000001ydTWAAY","2022-06-30 06:27:52","a0j5i000000kRIrAAM","Value","0","","3","less or equals","","","","a115i0000018SFvAAM"
"a0H5i000001ljYBEAY","0","000034","2022-05-26 06:39:01","0055i000001ydTWAAY","2022-06-30 04:57:44","0055i000001ydTWAAY","2022-06-30 04:57:44","a0j5i000000kRJ1AAM","Value","Strategic","","1","equals","","Segment2__c","Quote",""
"a0H5i000001ljYGEAY","0","000035","2022-05-26 06:45:41","0055i000001ydTWAAY","2022-06-30 05:03:10","0055i000001ydTWAAY","2022-06-30 05:03:11","a0j5i000000kRJ1AAM","Value","0","","3","less or equals","","","","a115i0000018SAsAAM"
"a0H5i000001ljYaEAI","0","000039","2022-05-26 06:53:43","0055i000001ydTWAAY","2022-06-30 06:21:26","0055i000001ydTWAAY","2022-06-30 06:21:26","a0j5i000000kRJVAA2","Value","Strategic","","1","equals","","AccountSegmentType__c","Quote",""
"a0H5i000001ljYkEAI","0","000040","2022-05-26 06:55:09","0055i000001ydTWAAY","2022-06-30 06:22:03","0055i000001ydTWAAY","2022-06-30 06:22:03","a0j5i000000kRJVAA2","Value","0","","2","less or equals","","","","a115i0000018SFvAAM"
"a0H5i000001ljYpEAI","0","000041","2022-05-26 06:56:11","0055i000001ydTWAAY","2022-06-30 06:22:31","0055i000001ydTWAAY","2022-06-30 06:22:31","a0j5i000000kRJVAA2","Value","0","","3","less or equals","","","","a115i0000018RB3AAM"
"a0H5i000001lk2EEAQ","0","000045","2022-05-27 05:55:08","0055i000001ydTWAAY","2022-06-30 06:22:47","0055i000001ydTWAAY","2022-06-30 06:22:47","a0j5i000000kRJVAA2","Value","R365-RECIPEMGMT","","4","equals","","SBQQ__ProductCode__c","Quote Line",""
"a0H5i000001lk2dEAA","0","000046","2022-05-27 06:18:12","0055i000001ydTWAAY","2022-05-27 06:18:12","0055i000001ydTWAAY","2022-05-27 06:18:12","a0j5i000000kRihAAE","Value","R365-APPAYMENTS","","1","equals","","SBQQ__ProductCode__c","Quote Line",""
"a0H5i000001lk2iEAA","0","000047","2022-05-27 06:38:15","0055i000001ydTWAAY","2022-06-29 06:43:50","0055i000001ydTWAAY","2022-06-29 06:43:50","a0j5i000000kRiwAAE","Value","R365-APPAYIMPLEMENTATION","","1","equals","","SBQQ__ProductCode__c","Quote Line",""
"a0H5i000001m9t2EAA","0","000063","2022-06-22 05:04:16","0055i000001ydTWAAY","2022-06-22 05:04:16","0055i000001ydTWAAY","2022-06-22 05:04:16","a0j5i000000kYYdAAM","Value","R365-SCHED365NONINT","","1","equals","","SBQQ__ProductCode__c","Quote Line",""
"a0H5i000001m9t7EAA","0","000064","2022-06-22 05:05:00","0055i000001ydTWAAY","2022-06-22 05:05:00","0055i000001ydTWAAY","2022-06-22 05:05:00","a0j5i000000kYYdAAM","Value","R365-SCHED365NONINT","","2","equals","","SBQQ__ProductCode__c","Quote Line",""
"a0H5i000001mAm3EAE","0","000076","2022-06-23 06:53:48","0055i000001ydTWAAY","2022-06-23 06:53:48","0055i000001ydTWAAY","2022-06-23 06:53:48","a0j5i000000kYYdAAM","Value","2","","3","greater than","","","","a115i0000018FQAAA2"
"a0H5i000001mAyqEAE","0","000077","2022-06-23 07:39:24","0055i000001ydTWAAY","2022-06-23 07:39:24","0055i000001ydTWAAY","2022-06-23 07:39:24","a0j5i000000kYYTAA2","Value","Direct Account","","1","equals","","Account_Type2__c","Quote",""
"a0H5i000001mBu4EAE","0","000079","2022-06-24 09:25:30","0055i000001ydTWAAY","2022-06-29 09:26:38","0055i000001ydTWAAY","2022-06-29 09:26:38","a0j5i000000kZDSAA2","Value","R365-SCHED365INT","","1","equals","","SBQQ__ProductCode__c","Product Option",""
"a0H5i000001mBuEEAU","0","000080","2022-06-24 09:36:00","0055i000001ydTWAAY","2022-06-29 10:08:45","0055i000001ydTWAAY","2022-06-29 10:08:45","a0j5i000000kZFZAA2","Value","R365-ADVANCEDACC","","1","equals","","SBQQ__ProductCode__c","Product Option",""
"a0H5i000001mBz5EAE","0","000081","2022-06-25 04:29:42","0055i000001ydTWAAY","2022-06-30 04:28:56","0055i000001ydTWAAY","2022-06-30 04:28:56","a0j5i000000kZKtAAM","Value","Strategic","","1","contains","","AccountSegmentType__c","Quote",""
"a0H5i000001mCQtEAM","0","000083","2022-06-27 05:15:17","0055i000001ydTWAAY","2022-06-28 05:27:51","0055i000001ydTWAAY","2022-06-28 05:27:51","a0j5i000000kZUnAAM","Value","Strategic","","1","contains","","AccountSegmentType__c","Quote",""
"a0H5i000001mCR8EAM","0","000086","2022-06-27 05:17:24","0055i000001ydTWAAY","2022-06-28 05:37:23","0055i000001ydTWAAY","2022-06-28 05:37:23","a0j5i000000kZUnAAM","Value","0","","3","less or equals","","","Quote Line","a115i0000018OnAAAU"
"a0H5i000001mCWLEA2","0","000089","2022-06-27 06:33:35","0055i000001ydTWAAY","2022-06-27 07:01:28","0055i000001ydTWAAY","2022-06-27 07:01:28","a0j5i000000kZUnAAM","Value","R365-CORE","","2","equals","","SBQQ__ProductCode__c","Quote Line",""
"a0H5i000001mCj1EAE","0","000102","2022-06-28 05:28:39","0055i000001ydTWAAY","2022-06-28 05:39:22","0055i000001ydTWAAY","2022-06-28 05:39:22","a0j5i000000kZUnAAM","Value","0","","4","less or equals","","","Quote Line","a115i0000018On0AAE"
"a0H5i000001mCj6EAE","0","000103","2022-06-28 05:29:42","0055i000001ydTWAAY","2022-06-28 05:39:48","0055i000001ydTWAAY","2022-06-28 05:39:48","a0j5i000000kZUnAAM","Value","0","","5","less or equals","","","Quote Line","a115i0000018OnBAAU"
"a0H5i000001mCjBEAU","0","000104","2022-06-28 05:39:25","0055i000001ydTWAAY","2022-06-30 04:12:11","0055i000001ydTWAAY","2022-06-30 04:12:11","a0j5i000000kZKtAAM","Value","R365-ENTACC","","2","equals","","SBQQ__ProductCode__c","Quote Line",""
"a0H5i000001mCjGEAU","0","000105","2022-06-28 05:39:55","0055i000001ydTWAAY","2022-06-30 04:16:31","0055i000001ydTWAAY","2022-06-30 04:16:31","a0j5i000000kZKtAAM","Value","0","","3","less or equals","","","","a115i0000018R2aAAE"
"a0H5i000001mDA3EAM","0","000109","2022-06-29 05:01:41","0055i000001ydTWAAY","2022-06-29 05:01:41","0055i000001ydTWAAY","2022-06-29 05:01:41","a0j5i000000kR8yAAE","Value","R365-CHANNELFINANCIALS","","2","equals","","SBQQ__ProductCode__c","Quote Line",""
"a0H5i000001mDFwEAM","0","000112","2022-06-29 06:33:57","0055i000001ydTWAAY","2022-06-29 06:33:57","0055i000001ydTWAAY","2022-06-29 06:33:57","a0j5i000000kRihAAE","Value","0","","2","less or equals","","","","a115i0000018QkAAAU"
"a0H5i000001mDHJEA2","0","000115","2022-06-29 06:43:43","0055i000001ydTWAAY","2022-06-29 06:43:43","0055i000001ydTWAAY","2022-06-29 06:43:43","a0j5i000000kRiwAAE","Value","0","","2","less or equals","","","","a115i0000018QkKAAU"
"a0H5i000001mDhjEAE","0","000116","2022-06-29 08:57:11","0055i000001ydTWAAY","2022-06-30 05:14:32","0055i000001ydTWAAY","2022-06-30 05:14:32","a0j5i000000kRJ1AAM","Value","0","","2","less or equals","","","","a115i0000018SFvAAM"
"a0H5i000001mDmzEAE","0","000117","2022-06-29 09:27:23","0055i000001ydTWAAY","2022-06-29 09:27:23","0055i000001ydTWAAY","2022-06-29 09:27:23","a0j5i000000kZDSAA2","Value","1","","2","equals","","SBQQ__Quantity__c","Product Option",""
"a0H5i000001mDpPEAU","0","000122","2022-06-29 10:06:57","0055i000001ydTWAAY","2022-06-29 10:06:57","0055i000001ydTWAAY","2022-06-29 10:06:57","a0j5i000000kZFZAA2","Value","1","","2","equals","","SBQQ__Quantity__c","Product Option",""
"a0H5i000001mEJCEA2","0","000123","2022-06-30 04:46:49","0055i000001ydTWAAY","2022-06-30 05:18:28","0055i000001ydTWAAY","2022-06-30 05:18:28","a0j5i000000kRJ1AAM","Value","0","","4","less or equals","","","","a115i0000018RB3AAM"
"a0H5i000001mEJHEA2","0","000124","2022-06-30 04:47:58","0055i000001ydTWAAY","2022-06-30 05:17:07","0055i000001ydTWAAY","2022-06-30 05:17:07","a0j5i000000kRJ1AAM","Value","R365-APPAYMENTS","","5","equals","","SBQQ__ProductCode__c","Quote Line",""
"a0H5i000001mENeEAM","0","000126","2022-06-30 05:26:22","0055i000001ydTWAAY","2022-06-30 05:26:22","0055i000001ydTWAAY","2022-06-30 05:26:22","a0j5i000000kb1nAAA","Value","TABLET10","","1","equals","","SBQQ__ProductCode__c","Quote Line",""
"a0H5i000001mENoEAM","0","000127","2022-06-30 05:42:23","0055i000001ydTWAAY","2022-06-30 05:42:23","0055i000001ydTWAAY","2022-06-30 05:42:23","a0j5i000000kRI7AAM","Value","RE","","4","equals","","SBQQ__ProductCode__c","Quote Line",""
"a0H5i000001mEO3EAM","0","000128","2022-06-30 06:28:57","0055i000001ydTWAAY","2022-06-30 06:28:57","0055i000001ydTWAAY","2022-06-30 06:28:57","a0j5i000000kRIrAAM","Value","R365-INVENTORYMGMT","","4","equals","","SBQQ__ProductCode__c","Quote Line",""
"a0H5i000001mErZEAU","0","000129","2022-07-01 05:07:28","0055i000001ydTWAAY","2022-07-01 06:56:40","0055i000001ydTWAAY","2022-07-01 06:56:40","a0j5i000000kbYSAAY","Value","Amendment","","1","not equals","","SBQQ__Type__c","Quote",""
"a0H5i000001mEsSEAU","0","000131","2022-07-01 07:27:38","0055i000001ydTWAAY","2022-07-01 07:27:38","0055i000001ydTWAAY","2022-07-01 07:27:38","a0j5i000000kbbkAAA","Value","LAPTOP13","","1","equals","","SBQQ__ProductCode__c","Quote Line",""
"a0H5i000001mEsTEAU","0","000132","2022-07-01 07:28:04","0055i000001ydTWAAY","2022-07-01 08:47:49","0055i000001ydTWAAY","2022-07-01 08:47:49","a0j5i000000kbbkAAA","Value","SMARTPHONE6","","2","equals","","SBQQ__ProductCode__c","Quote Line",""
"a0H5i000001muE4EAI","0","000133","2022-12-02 06:49:58","0055i000001ydTWAAY","2022-12-02 07:00:35","0055i000001ydTWAAY","2022-12-02 07:00:35","a0j5i000000kzfFAAQ","Value","Bundles","","1","equals","","SBQQ__ProductFamily__c","Quote Line",""
"a0H5i000001muE9EAI","0","000134","2022-12-02 06:52:23","0055i000001ydTWAAY","2022-12-02 07:04:23","0055i000001ydTWAAY","2022-12-02 07:04:23","a0j5i000000kzfFAAQ","Value","R365-SCHED365NONINT","","2","equals","","SBQQ__ProductCode__c","Quote Line",""
"a0H5i000001muEEEAY","0","000135","2022-12-02 06:56:32","0055i000001ydTWAAY","2022-12-02 07:04:33","0055i000001ydTWAAY","2022-12-02 07:04:33","a0j5i000000kzfFAAQ","Value","R365 Financial Enterprise","","3","equals","","SBQQ__ProductCode__c","Quote Line",""
"a0H5i000004scoCEAQ","0","000053","2022-06-17 04:00:07","0055i000001ydTWAAY","2022-06-29 08:48:42","0055i000001ydTWAAY","2022-06-29 08:48:43","a0j5i000001oRJ6AAM","Value","1","","1","less than","","","Quote Line","a115i000000rsEpAAI"
"a0H5i000004scrVEAQ","0","000054","2022-06-17 04:26:50","0055i000001ydTWAAY","2022-06-17 08:46:27","0055i000001ydTWAAY","2022-06-17 08:46:27","a0j5i000001oRJ6AAM","Value","1","","2","less than","","","Quote Line","a115i000000rsHfAAI"
"a0H5i000004scrzEAA","0","000055","2022-06-17 04:28:36","0055i000001ydTWAAY","2022-06-17 08:46:27","0055i000001ydTWAAY","2022-06-17 08:46:27","a0j5i000001oRJ6AAM","Value","R365-FRANCHISEEPOLL","","3","equals","","SBQQ__ProductCode__c","Quote Line",""
