"Id","IsDeleted","Name","CreatedDate","CreatedById","LastModifiedDate","LastModifiedById","SystemModstamp","SBQQ__Template__c","SBQQ__Alignment__c","SBQQ__BottomMargin__c","SBQQ__ColumnHeadingField__c","SBQQ__ConditionalPrintField__c","SBQQ__DisplayOrder__c","SBQQ__DynamicNumberScale__c","SBQQ__FieldName__c","SBQQ__FontFamily__c","SBQQ__FontSize__c","SBQQ__FontWeight__c","SBQQ__HeadingTextColor__c","SBQQ__HideOnComponents__c","SBQQ__LeftMargin__c","SBQQ__RightMargin__c","SBQQ__RollUp__c","SBQQ__Section__c","SBQQ__SeparateLine__c","SBQQ__SubGroupSummaryLabel__c","SBQQ__SummaryFontWeight__c","SBQQ__SummaryFunction__c","SBQQ__SummaryLabel__c","SBQQ__SummaryLevel__c","SBQQ__SummaryShadingColor__c","SBQQ__SummaryTextColor__c","SBQQ__TextColor__c","SBQQ__TopMargin__c","SBQQ__WidthDiscardedWhenHidden__c","SBQQ__Width__c"
"a0R5i000000p9DtEAI","0","QTY","2022-05-09 16:07:09","0055i000001ydTWAAY","2022-05-09 16:07:09","0055i000001ydTWAAY","2022-05-09 16:07:09","a0o5i000000hRWWAA2","Left","3","","","10","0","SBQQ__Quantity__c","","","Normal","","0","3","3","0","","0","","","","","All","","","","3","0","5"
"a0R5i000000p9DuEAI","0","PRODUCT","2022-05-09 16:07:09","0055i000001ydTWAAY","2022-05-09 16:07:09","0055i000001ydTWAAY","2022-05-09 16:07:09","a0o5i000000hRWWAA2","Left","3","","","20","0","SBQQ__ProductName__c","","","Normal","","0","3","3","0","","0","","","","","All","","","","3","0","20"
"a0R5i000000p9DvEAI","0","DESCRIPTION","2022-05-09 16:07:09","0055i000001ydTWAAY","2022-05-09 16:07:09","0055i000001ydTWAAY","2022-05-09 16:07:09","a0o5i000000hRWWAA2","Left","3","","","30","0","SBQQ__Description__c","","","Normal","","0","3","3","0","","0","","","","","All","","","","3","0","40"
"a0R5i000000p9DwEAI","0","UNIT PRICE","2022-05-09 16:07:09","0055i000001ydTWAAY","2022-05-09 16:07:09","0055i000001ydTWAAY","2022-05-09 16:07:09","a0o5i000000hRWWAA2","Right","3","","","40","0","SBQQ__ListPrice__c","","","Normal","","0","3","3","0","","0","","","","","All","","","","3","0","10"
"a0R5i000000p9DxEAI","0","DISC (%)","2022-05-09 16:07:09","0055i000001ydTWAAY","2022-05-09 16:07:09","0055i000001ydTWAAY","2022-05-09 16:07:09","a0o5i000000hRWWAA2","Right","3","","","50","0","SBQQ__Discount__c","","","Normal","","0","3","3","0","","0","","","","","All","","","","3","0","10"
"a0R5i000000p9DyEAI","0","EXTENDED","2022-05-09 16:07:09","0055i000001ydTWAAY","2022-05-09 16:07:09","0055i000001ydTWAAY","2022-05-09 16:07:09","a0o5i000000hRWWAA2","Right","3","","","60","0","SBQQ__NetTotal__c","","","Normal","","0","3","3","0","","0","","","","","All","","","","3","0","15"
"a0R5i000000qANbEAM","0","QTY","2022-06-13 06:11:00","0055i000001ydTWAAY","2022-06-13 06:11:00","0055i000001ydTWAAY","2022-06-13 06:11:00","a0o5i000000i11EAAQ","Left","3","","","10","0","SBQQ__Quantity__c","","","Normal","","0","3","3","0","","0","","","","","All","","","","3","0","5"
"a0R5i000000qANcEAM","0","PART #","2022-06-13 06:11:00","0055i000001ydTWAAY","2022-06-13 06:11:00","0055i000001ydTWAAY","2022-06-13 06:11:00","a0o5i000000i11EAAQ","Left","3","","","20","0","SBQQ__ProductCode__c","","","Normal","","0","3","3","0","","0","","","","","All","","","","3","0","10"
"a0R5i000000qANdEAM","0","DESCRIPTION","2022-06-13 06:11:00","0055i000001ydTWAAY","2022-06-13 06:11:00","0055i000001ydTWAAY","2022-06-13 06:11:00","a0o5i000000i11EAAQ","Left","3","","","30","0","SBQQ__Description__c","","","Normal","","0","3","3","0","","0","","","","","All","","","","3","0","50"
"a0R5i000000qANeEAM","0","UNIT PRICE","2022-06-13 06:11:00","0055i000001ydTWAAY","2022-06-13 06:11:00","0055i000001ydTWAAY","2022-06-13 06:11:00","a0o5i000000i11EAAQ","Right","3","","","40","0","SBQQ__ListPrice__c","","","Normal","","0","3","3","0","","0","","","","","All","","","","3","0","10"
"a0R5i000000qANfEAM","0","DISC (%)","2022-06-13 06:11:00","0055i000001ydTWAAY","2022-06-13 06:11:00","0055i000001ydTWAAY","2022-06-13 06:11:00","a0o5i000000i11EAAQ","Right","3","","","50","0","SBQQ__Discount__c","","","Normal","","0","3","3","0","","0","","","","","All","","","","3","0","10"
"a0R5i000000qANgEAM","0","EXTENDED","2022-06-13 06:11:00","0055i000001ydTWAAY","2022-06-13 06:11:00","0055i000001ydTWAAY","2022-06-13 06:11:00","a0o5i000000i11EAAQ","Right","3","","","60","0","SBQQ__NetTotal__c","","","Normal","","0","3","3","0","","0","","","","","All","","","","3","0","15"
"a0R5i000000qASEEA2","0","QTY","2022-06-13 06:12:59","0055i000001ydTWAAY","2022-06-13 06:12:59","0055i000001ydTWAAY","2022-06-13 06:12:59","a0o5i000000i11OAAQ","Left","3","","","10","0","SBQQ__Quantity__c","","","Normal","","0","3","3","0","","0","","","","","All","","","","3","0","5"
"a0R5i000000qASFEA2","0","PART #","2022-06-13 06:12:59","0055i000001ydTWAAY","2022-06-13 06:12:59","0055i000001ydTWAAY","2022-06-13 06:12:59","a0o5i000000i11OAAQ","Left","3","","","20","0","SBQQ__ProductCode__c","","","Normal","","0","3","3","0","","0","","","","","All","","","","3","0","10"
"a0R5i000000qASGEA2","0","DESCRIPTION","2022-06-13 06:12:59","0055i000001ydTWAAY","2022-06-13 06:12:59","0055i000001ydTWAAY","2022-06-13 06:12:59","a0o5i000000i11OAAQ","Left","3","","","30","0","SBQQ__Description__c","","","Normal","","0","3","3","0","","0","","","","","All","","","","3","0","50"
"a0R5i000000qASHEA2","0","UNIT PRICE","2022-06-13 06:12:59","0055i000001ydTWAAY","2022-06-13 06:12:59","0055i000001ydTWAAY","2022-06-13 06:12:59","a0o5i000000i11OAAQ","Right","3","","","40","0","SBQQ__ListPrice__c","","","Normal","","0","3","3","0","","0","","","","","All","","","","3","0","10"
"a0R5i000000qASIEA2","0","DISC (%)","2022-06-13 06:12:59","0055i000001ydTWAAY","2022-06-13 06:12:59","0055i000001ydTWAAY","2022-06-13 06:12:59","a0o5i000000i11OAAQ","Right","3","","","50","0","SBQQ__Discount__c","","","Normal","","0","3","3","0","","0","","","","","All","","","","3","0","10"
"a0R5i000000qASJEA2","0","EXTENDED","2022-06-13 06:12:59","0055i000001ydTWAAY","2022-06-13 06:12:59","0055i000001ydTWAAY","2022-06-13 06:12:59","a0o5i000000i11OAAQ","Right","3","","","60","0","SBQQ__NetTotal__c","","","Normal","","0","3","3","0","","0","","","","","All","","","","3","0","15"
"a0R5i000000qAWCEA2","0","QTY","2022-06-13 06:29:53","0055i000001ydTWAAY","2022-06-13 06:29:53","0055i000001ydTWAAY","2022-06-13 06:29:53","a0o5i000000i12MAAQ","Left","3","","","10","0","SBQQ__Quantity__c","","","Normal","","0","3","3","0","","0","","","","","All","","","","3","0","5"
"a0R5i000000qAWDEA2","0","PART #","2022-06-13 06:29:53","0055i000001ydTWAAY","2022-06-13 06:29:53","0055i000001ydTWAAY","2022-06-13 06:29:53","a0o5i000000i12MAAQ","Left","3","","","20","0","SBQQ__ProductCode__c","","","Normal","","0","3","3","0","","0","","","","","All","","","","3","0","10"
"a0R5i000000qAWEEA2","0","DESCRIPTION","2022-06-13 06:29:53","0055i000001ydTWAAY","2022-06-13 06:29:53","0055i000001ydTWAAY","2022-06-13 06:29:53","a0o5i000000i12MAAQ","Left","3","","","30","0","SBQQ__Description__c","","","Normal","","0","3","3","0","","0","","","","","All","","","","3","0","50"
"a0R5i000000qAWFEA2","0","UNIT PRICE","2022-06-13 06:29:53","0055i000001ydTWAAY","2022-06-13 06:29:53","0055i000001ydTWAAY","2022-06-13 06:29:53","a0o5i000000i12MAAQ","Right","3","","","40","0","SBQQ__ListPrice__c","","","Normal","","0","3","3","0","","0","","","","","All","","","","3","0","10"
"a0R5i000000qAWGEA2","0","DISC (%)","2022-06-13 06:29:53","0055i000001ydTWAAY","2022-06-13 06:29:53","0055i000001ydTWAAY","2022-06-13 06:29:53","a0o5i000000i12MAAQ","Right","3","","","50","0","SBQQ__Discount__c","","","Normal","","0","3","3","0","","0","","","","","All","","","","3","0","10"
"a0R5i000000qAWHEA2","0","EXTENDED","2022-06-13 06:29:53","0055i000001ydTWAAY","2022-06-13 06:29:53","0055i000001ydTWAAY","2022-06-13 06:29:53","a0o5i000000i12MAAQ","Right","3","","","60","0","SBQQ__NetTotal__c","","","Normal","","0","3","3","0","","0","","","","","All","","","","3","0","15"
"a0R5i000000qAXVEA2","0","QTY","2022-06-13 06:35:06","0055i000001ydTWAAY","2022-06-13 06:35:06","0055i000001ydTWAAY","2022-06-13 06:35:06","a0o5i000000i12gAAA","Left","3","","","10","0","SBQQ__Quantity__c","","","Normal","","0","3","3","0","","0","","","","","All","","","","3","0","5"
"a0R5i000000qAXWEA2","0","PART #","2022-06-13 06:35:06","0055i000001ydTWAAY","2022-06-13 06:35:06","0055i000001ydTWAAY","2022-06-13 06:35:06","a0o5i000000i12gAAA","Left","3","","","20","0","SBQQ__ProductCode__c","","","Normal","","0","3","3","0","","0","","","","","All","","","","3","0","10"
"a0R5i000000qAXXEA2","0","DESCRIPTION","2022-06-13 06:35:06","0055i000001ydTWAAY","2022-06-13 06:35:06","0055i000001ydTWAAY","2022-06-13 06:35:06","a0o5i000000i12gAAA","Left","3","","","30","0","SBQQ__Description__c","","","Normal","","0","3","3","0","","0","","","","","All","","","","3","0","50"
"a0R5i000000qAXYEA2","0","UNIT PRICE","2022-06-13 06:35:06","0055i000001ydTWAAY","2022-06-13 06:35:06","0055i000001ydTWAAY","2022-06-13 06:35:06","a0o5i000000i12gAAA","Right","3","","","40","0","SBQQ__ListPrice__c","","","Normal","","0","3","3","0","","0","","","","","All","","","","3","0","10"
"a0R5i000000qAXZEA2","0","DISC (%)","2022-06-13 06:35:06","0055i000001ydTWAAY","2022-06-13 06:35:06","0055i000001ydTWAAY","2022-06-13 06:35:06","a0o5i000000i12gAAA","Right","3","","","50","0","SBQQ__Discount__c","","","Normal","","0","3","3","0","","0","","","","","All","","","","3","0","10"
"a0R5i000000qAXaEAM","0","EXTENDED","2022-06-13 06:35:06","0055i000001ydTWAAY","2022-06-13 06:35:06","0055i000001ydTWAAY","2022-06-13 06:35:06","a0o5i000000i12gAAA","Right","3","","","60","0","SBQQ__NetTotal__c","","","Normal","","0","3","3","0","","0","","","","","All","","","","3","0","15"
"a0R5i000000qAZIEA2","0","QTY","2022-06-13 06:43:44","0055i000001ydTWAAY","2022-06-13 06:43:44","0055i000001ydTWAAY","2022-06-13 06:43:44","a0o5i000000i13VAAQ","Left","3","","","10","0","SBQQ__Quantity__c","","","Normal","","0","3","3","0","","0","","","","","All","","","","3","0","5"
"a0R5i000000qAZJEA2","0","PART #","2022-06-13 06:43:44","0055i000001ydTWAAY","2022-06-13 06:43:44","0055i000001ydTWAAY","2022-06-13 06:43:44","a0o5i000000i13VAAQ","Left","3","","","20","0","SBQQ__ProductCode__c","","","Normal","","0","3","3","0","","0","","","","","All","","","","3","0","10"
"a0R5i000000qAZKEA2","0","DESCRIPTION","2022-06-13 06:43:44","0055i000001ydTWAAY","2022-06-13 06:43:44","0055i000001ydTWAAY","2022-06-13 06:43:44","a0o5i000000i13VAAQ","Left","3","","","30","0","SBQQ__Description__c","","","Normal","","0","3","3","0","","0","","","","","All","","","","3","0","50"
"a0R5i000000qAZLEA2","0","UNIT PRICE","2022-06-13 06:43:44","0055i000001ydTWAAY","2022-06-13 06:43:44","0055i000001ydTWAAY","2022-06-13 06:43:44","a0o5i000000i13VAAQ","Right","3","","","40","0","SBQQ__ListPrice__c","","","Normal","","0","3","3","0","","0","","","","","All","","","","3","0","10"
"a0R5i000000qAZMEA2","0","DISC (%)","2022-06-13 06:43:44","0055i000001ydTWAAY","2022-06-13 06:43:44","0055i000001ydTWAAY","2022-06-13 06:43:44","a0o5i000000i13VAAQ","Right","3","","","50","0","SBQQ__Discount__c","","","Normal","","0","3","3","0","","0","","","","","All","","","","3","0","10"
"a0R5i000000qAZNEA2","0","EXTENDED","2022-06-13 06:43:44","0055i000001ydTWAAY","2022-06-13 06:43:44","0055i000001ydTWAAY","2022-06-13 06:43:44","a0o5i000000i13VAAQ","Right","3","","","60","0","SBQQ__NetTotal__c","","","Normal","","0","3","3","0","","0","","","","","All","","","","3","0","15"
"a0R5i000000qAbUEAU","0","QTY","2022-06-13 06:53:31","0055i000001ydTWAAY","2022-06-13 06:53:31","0055i000001ydTWAAY","2022-06-13 06:53:31","a0o5i000000i144AAA","Left","3","","","10","0","SBQQ__Quantity__c","","","Normal","","0","3","3","0","","0","","","","","All","","","","3","0","5"
"a0R5i000000qAbVEAU","0","PART #","2022-06-13 06:53:31","0055i000001ydTWAAY","2022-06-13 06:53:31","0055i000001ydTWAAY","2022-06-13 06:53:31","a0o5i000000i144AAA","Left","3","","","20","0","SBQQ__ProductCode__c","","","Normal","","0","3","3","0","","0","","","","","All","","","","3","0","10"
"a0R5i000000qAbWEAU","0","DESCRIPTION","2022-06-13 06:53:31","0055i000001ydTWAAY","2022-06-13 06:53:31","0055i000001ydTWAAY","2022-06-13 06:53:31","a0o5i000000i144AAA","Left","3","","","30","0","SBQQ__Description__c","","","Normal","","0","3","3","0","","0","","","","","All","","","","3","0","50"
"a0R5i000000qAbXEAU","0","UNIT PRICE","2022-06-13 06:53:31","0055i000001ydTWAAY","2022-06-13 06:53:31","0055i000001ydTWAAY","2022-06-13 06:53:31","a0o5i000000i144AAA","Right","3","","","40","0","SBQQ__ListPrice__c","","","Normal","","0","3","3","0","","0","","","","","All","","","","3","0","10"
"a0R5i000000qAbYEAU","0","DISC (%)","2022-06-13 06:53:31","0055i000001ydTWAAY","2022-06-13 06:53:31","0055i000001ydTWAAY","2022-06-13 06:53:31","a0o5i000000i144AAA","Right","3","","","50","0","SBQQ__Discount__c","","","Normal","","0","3","3","0","","0","","","","","All","","","","3","0","10"
"a0R5i000000qAbZEAU","0","EXTENDED","2022-06-13 06:53:31","0055i000001ydTWAAY","2022-06-13 06:53:31","0055i000001ydTWAAY","2022-06-13 06:53:31","a0o5i000000i144AAA","Right","3","","","60","0","SBQQ__NetTotal__c","","","Normal","","0","3","3","0","","0","","","","","All","","","","3","0","15"
"a0R5i000000qAg6EAE","0","QTY","2022-06-13 07:14:42","0055i000001ydTWAAY","2022-06-13 07:14:42","0055i000001ydTWAAY","2022-06-13 07:14:42","a0o5i000000i19yAAA","Left","3","","","10","0","SBQQ__Quantity__c","","","Normal","","0","3","3","0","","0","","","","","All","","","","3","0","5"
"a0R5i000000qAg7EAE","0","PART #","2022-06-13 07:14:42","0055i000001ydTWAAY","2022-06-13 07:14:42","0055i000001ydTWAAY","2022-06-13 07:14:42","a0o5i000000i19yAAA","Left","3","","","20","0","SBQQ__ProductCode__c","","","Normal","","0","3","3","0","","0","","","","","All","","","","3","0","10"
"a0R5i000000qAg8EAE","0","DESCRIPTION","2022-06-13 07:14:42","0055i000001ydTWAAY","2022-06-13 07:14:42","0055i000001ydTWAAY","2022-06-13 07:14:42","a0o5i000000i19yAAA","Left","3","","","30","0","SBQQ__Description__c","","","Normal","","0","3","3","0","","0","","","","","All","","","","3","0","50"
"a0R5i000000qAg9EAE","0","UNIT PRICE","2022-06-13 07:14:42","0055i000001ydTWAAY","2022-06-13 07:14:42","0055i000001ydTWAAY","2022-06-13 07:14:42","a0o5i000000i19yAAA","Right","3","","","40","0","SBQQ__ListPrice__c","","","Normal","","0","3","3","0","","0","","","","","All","","","","3","0","10"
"a0R5i000000qAgAEAU","0","DISC (%)","2022-06-13 07:14:42","0055i000001ydTWAAY","2022-06-13 07:14:42","0055i000001ydTWAAY","2022-06-13 07:14:42","a0o5i000000i19yAAA","Right","3","","","50","0","SBQQ__Discount__c","","","Normal","","0","3","3","0","","0","","","","","All","","","","3","0","10"
"a0R5i000000qAgBEAU","0","EXTENDED","2022-06-13 07:14:42","0055i000001ydTWAAY","2022-06-13 07:14:42","0055i000001ydTWAAY","2022-06-13 07:14:42","a0o5i000000i19yAAA","Right","3","","","60","0","SBQQ__NetTotal__c","","","Normal","","0","3","3","0","","0","","","","","All","","","","3","0","15"
