"Id","OwnerId","IsDeleted","Name","CreatedDate","CreatedById","LastModifiedDate","LastModifiedById","SystemModstamp","SBQQ__Action__c","SBQQ__Active__c","SBQQ__BrandButton__c","SBQQ__Class__c","SBQQ__ConditionsMet__c","SBQQ__Default__c","SBQQ__Description__c","SBQQ__DisplayOrder__c","SBQQ__EventHandlerName__c","SBQQ__IconClass__c","SBQQ__Icon__c","SBQQ__Label__c","SBQQ__Location__c","SBQQ__PageHandlerName__c","SBQQ__Page__c","SBQQ__ParentCustomAction__c","SBQQ__ReturnURL__c","SBQQ__TargetObject__c","SBQQ__Type__c","SBQQ__URLTarget__c","SBQQ__URL__c"
"a095i000003TEtLAAW","0055i00000273PdAAI","0","Add Favorites","2022-05-09 16:07:09","0055i00000273PdAAI","2022-05-09 16:07:09","0055i00000273PdAAI","2022-05-09 16:07:09","Add Favorites","1","0","addFavoritesBtn","All","0","","901","onAddFavorites","","","Add Favorites","Quote/Group","","Quote Line Editor","a095i000003TEtVAAW","","","Button","",""
"a095i000003TEtMAAW","0055i00000273PdAAI","0","Upgrade Assets","2022-05-09 16:07:09","0055i00000273PdAAI","2022-05-09 16:07:09","0055i00000273PdAAI","2022-05-09 16:07:09","Upgrade Assets","1","0","upgradeAssetsBtn","All","0","","902","onUpgradeAssets","","","Upgrade Assets","Quote/Group","","Quote Line Editor","a095i000003TEtVAAW","","","Button","",""
"a095i000003TEtNAAW","0055i00000273PdAAI","0","Renew Subscriptions","2022-05-09 16:07:09","0055i00000273PdAAI","2022-05-09 16:07:09","0055i00000273PdAAI","2022-05-09 16:07:09","Renew Subscriptions","1","0","renewSubscriptionsBtn","All","0","","903","onRenewSubscriptions","","","Renew Subscriptions","Quote/Group","","Quote Line Editor","a095i000003TEtVAAW","","","Button","",""
"a095i000003TEtOAAW","0055i00000273PdAAI","0","Clone Group","2022-05-09 16:07:09","0055i00000273PdAAI","2022-05-09 16:07:09","0055i00000273PdAAI","2022-05-09 16:07:09","Clone Group","1","0","cloneGroupBtn","All","0","","950","onCloneGroup","","","Clone Group","Group","","Quote Line Editor","a095i000003TEtVAAW","","","Button","",""
"a095i000003TEtPAAW","0055i00000273PdAAI","0","Delete Group","2022-05-09 16:07:09","0055i00000273PdAAI","2022-05-09 16:07:09","0055i00000273PdAAI","2022-05-09 16:07:09","Delete Group","1","0","deleteGroupBtn","All","0","","951","onDeleteGroup","","","Delete Group","Group","","Quote Line Editor","a095i000003TEtVAAW","","","Button","",""
"a095i000003TEtQAAW","0055i00000273PdAAI","0","Optional: All - Group","2022-05-09 16:07:09","0055i00000273PdAAI","2022-05-09 16:07:09","0055i00000273PdAAI","2022-05-09 16:07:09","Optional: All","1","0","optionalAllBtn","All","0","","952","updateLineOptional","","","Optional: All","Group","","Quote Line Editor","a095i000003TEtVAAW","","","Button","",""
"a095i000003TEtRAAW","0055i00000273PdAAI","0","Optional: None - Group","2022-05-09 16:07:09","0055i00000273PdAAI","2022-05-09 16:07:09","0055i00000273PdAAI","2022-05-09 16:07:09","Optional: None","1","0","optionalNoneBtn","All","0","","953","updateLineOptional","","","Optional: None","Group","","Quote Line Editor","a095i000003TEtVAAW","","","Button","",""
"a095i000003TEtSAAW","0055i00000273PdAAI","0","Reset Discounts - Group","2022-05-09 16:07:09","0055i00000273PdAAI","2022-05-09 16:07:09","0055i00000273PdAAI","2022-05-09 16:07:09","Reset Discounts","1","0","resetDiscBtn","All","0","","954","onResetDiscounts","","","Reset Discounts","Group","","Quote Line Editor","a095i000003TEtVAAW","","","Button","",""
"a095i000003TEtTAAW","0055i00000273PdAAI","0","Amend Subscriptions","2022-05-09 16:07:09","0055i00000273PdAAI","2022-05-09 16:07:09","0055i00000273PdAAI","2022-05-09 16:07:09","Amend Subscriptions","1","0","amendSubscriptionsBtn","All","0","","901","onAmendSubscriptions","","","Amend Subscriptions","Quote/Group","","Quote Line Editor","a095i000003TEtVAAW","","","Button","",""
"a095i000003TEtUAAW","0055i00000273PdAAI","0","Add Recommendations","2022-05-09 16:07:09","0055i00000273PdAAI","2022-05-09 16:07:09","0055i00000273PdAAI","2022-05-09 16:07:09","Add Recommendations","0","0","addRecommendedProductsBtn","All","0","","920","onAddRecommendedProducts","","","Add Recommendations","Quote/Group","","Quote Line Editor","a095i000003TEtVAAW","","","Button","",""
"a095i000003TEtVAAW","0055i00000273PdAAI","0","Add Products","2022-05-09 16:07:09","0055i00000273PdAAI","2022-05-09 16:07:09","0055i00000273PdAAI","2022-05-09 16:07:09","Add Products","1","0","addProductsBtn","All","0","","900","onAddProducts","","","Add Products","Quote/Group","","Quote Line Editor","","","","Menu","",""
"a095i000003TEtWAAW","0055i00000273PdAAI","0","Separator","2022-05-09 16:07:09","0055i00000273PdAAI","2022-05-09 16:07:09","0055i00000273PdAAI","2022-05-09 16:07:09","","1","0","","All","0","","904","","sbToolSeparator","","Add Products","Quote","","Quote Line Editor","","","","Separator","",""
"a095i000003TEtXAAW","0055i00000273PdAAI","0","Add Group","2022-05-09 16:07:09","0055i00000273PdAAI","2022-05-09 16:07:09","0055i00000273PdAAI","2022-05-09 16:07:09","Add Group","1","0","addGroupBtn","All","0","","905","onAddGroup","","","Add Group","Quote","","Quote Line Editor","","","","Menu","",""
"a095i000003TEtYAAW","0055i00000273PdAAI","0","Ungroup","2022-05-09 16:07:09","0055i00000273PdAAI","2022-05-09 16:07:09","0055i00000273PdAAI","2022-05-09 16:07:09","Ungroup","1","0","ungroupBtn","All","0","","906","onUngroup","","","Ungroup","Quote","","Quote Line Editor","","","","Button","",""
"a095i000003TEtZAAW","0055i00000273PdAAI","0","Delete Lines","2022-05-09 16:07:09","0055i00000273PdAAI","2022-05-09 16:07:09","0055i00000273PdAAI","2022-05-09 16:07:09","Delete Lines","1","0","deleteLinesBtn","All","0","","907","onDeleteLines","","","Delete Lines","Quote","","Quote Line Editor","","","","Button","",""
"a095i000003TEtaAAG","0055i00000273PdAAI","0","Reset Discounts - Quote","2022-05-09 16:07:09","0055i00000273PdAAI","2022-05-09 16:07:09","0055i00000273PdAAI","2022-05-09 16:07:09","Reset Discounts","0","0","resetDiscBtn","All","0","","908","onResetDiscounts","sf-icon-undo","undo","Reset Discounts","Quote","","Quote Line Editor","","","","Button","",""
"a095i000003TEtbAAG","0055i00000273PdAAI","0","Optional: All - Quote","2022-05-09 16:07:09","0055i00000273PdAAI","2022-05-09 16:07:09","0055i00000273PdAAI","2022-05-09 16:07:09","Optional: All","1","0","optionalAllBtn","All","0","","909","updateLineOptional","sb-icon-circle-empty","circle-empty","Optional: All","Quote","","Quote Line Editor","","","","Button","",""
"a095i000003TEtcAAG","0055i00000273PdAAI","0","Optional: None - Quote","2022-05-09 16:07:09","0055i00000273PdAAI","2022-05-09 16:07:09","0055i00000273PdAAI","2022-05-09 16:07:09","Optional: None","1","0","optionalNoneBtn","All","0","","910","updateLineOptional","sb-icon-dot-circled","dot-circled","Optional: None","Quote","","Quote Line Editor","","","","Button","",""
"a095i000003TEtdAAG","0055i00000273PdAAI","0","Separator","2022-05-09 16:07:09","0055i00000273PdAAI","2022-05-09 16:07:09","0055i00000273PdAAI","2022-05-09 16:07:09","","1","0","","All","0","","911","","sbToolSeparator","","Add Products","Quote","","Quote Line Editor","","","","Separator","",""
"a095i000003TEteAAG","0055i00000273PdAAI","0","Quick Save","2022-05-09 16:07:09","0055i00000273PdAAI","2022-05-09 16:07:09","0055i00000273PdAAI","2022-05-09 16:07:09","Quick Save","1","0","quickSaveBtn","All","0","","912","onQuickSave","","","Quick Save","Quote","","Quote Line Editor","","","","Button","",""
"a095i000003TEtfAAG","0055i00000273PdAAI","0","Calculate","2022-05-09 16:07:09","0055i00000273PdAAI","2022-05-09 16:07:09","0055i00000273PdAAI","2022-05-09 16:07:09","Calculate","1","0","calculateBtn","All","0","","913","onFlagCalculate","","","Calculate","Quote","","Quote Line Editor","","","","Button","",""
"a095i000003TEtgAAG","0055i00000273PdAAI","0","Separator","2022-05-09 16:07:09","0055i00000273PdAAI","2022-05-09 16:07:09","0055i00000273PdAAI","2022-05-09 16:07:09","","1","0","","All","0","","914","","sbToolSeparator","","Add Products","Quote","","Quote Line Editor","","","","Separator","",""
"a095i000003TEthAAG","0055i00000273PdAAI","0","Cancel","2022-05-09 16:07:09","0055i00000273PdAAI","2022-05-09 16:07:09","0055i00000273PdAAI","2022-05-09 16:07:09","Cancel","1","0","cancelBtn","All","0","","915","onCancel","","","Cancel","Quote","","Quote Line Editor","","","","Button","",""
"a095i000003TEtiAAG","0055i00000273PdAAI","0","Save","2022-05-09 16:07:09","0055i00000273PdAAI","2022-05-09 16:07:09","0055i00000273PdAAI","2022-05-09 16:07:09","Save","1","1","saveBtn","All","0","","916","onSave","","","Save","Quote","","Quote Line Editor","","","","Button","",""
"a095i000003TEtjAAG","0055i00000273PdAAI","0","Add To Favorites","2022-05-09 16:07:09","0055i00000273PdAAI","2022-05-09 16:07:09","0055i00000273PdAAI","2022-05-09 16:07:09","Add To Favorites","1","0","addToFavBtn","All","0","","990","onAddToFavorites","sb-icon-star-empty","star-empty","Add To Favorites","Line","","Quote Line Editor","","","","Button","",""
"a095i000003TEtkAAG","0055i00000273PdAAI","0","Remove From Favorites","2022-05-09 16:07:09","0055i00000273PdAAI","2022-05-09 16:07:09","0055i00000273PdAAI","2022-05-09 16:07:09","Remove From Favorites","1","0","removeFromFavBtn","All","0","","991","onRemoveFromFavorites","sb-icon-star","star","Remove From Favorites","Line","","Quote Line Editor","","","","Button","",""
"a095i000003TEtlAAG","0055i00000273PdAAI","0","Reconfigure Line","2022-05-09 16:07:09","0055i00000273PdAAI","2022-05-09 16:07:09","0055i00000273PdAAI","2022-05-09 16:07:09","Reconfigure Line","1","0","reconfigureBtn","All","0","","992","onReconfigureLine","sf-icon-custom_apps","custom_apps","Reconfigure Line","Line","","Quote Line Editor","","","","Button","",""
"a095i000003TEtmAAG","0055i00000273PdAAI","0","Clone Line","2022-05-09 16:07:09","0055i00000273PdAAI","2022-05-09 16:07:09","0055i00000273PdAAI","2022-05-09 16:07:09","Clone Line","1","0","cloneBtn","All","0","","993","onCloneLine","sf-icon-copy","copy","Clone Line","Line","","Quote Line Editor","","","","Button","",""
"a095i000003TEtnAAG","0055i00000273PdAAI","0","Delete Line","2022-05-09 16:07:09","0055i00000273PdAAI","2022-05-09 16:07:09","0055i00000273PdAAI","2022-05-09 16:07:09","Delete Line","1","0","deleteBtn","All","0","","994","onDeleteLine","sf-icon-delete","delete","Delete Line","Line","","Quote Line Editor","","","","Button","",""
"a095i000003TEtoAAG","0055i00000273PdAAI","0","Desegment Line","2022-05-09 16:07:09","0055i00000273PdAAI","2022-05-09 16:07:09","0055i00000273PdAAI","2022-05-09 16:07:09","Desegment Line","1","0","desegmentBtn","All","0","","995","onDesegmentLine","sf-icon-magicwand","magicwand","Desegment Line","Line","","Quote Line Editor","","","","Button","",""
"a095i000003TEtpAAG","0055i00000273PdAAI","0","Resegment Line","2022-05-09 16:07:09","0055i00000273PdAAI","2022-05-09 16:07:09","0055i00000273PdAAI","2022-05-09 16:07:09","Resegment Line","1","0","resegmentBtn","All","0","","996","onResegmentLine","sf-icon-magicwand","magicwand","Resegment Line","Line","","Quote Line Editor","","","","Button","",""
"a095i000003TEtqAAG","0055i00000273PdAAI","0","View Discount Schedule","2022-05-09 16:07:09","0055i00000273PdAAI","2022-05-09 16:07:09","0055i00000273PdAAI","2022-05-09 16:07:09","View Discount Schedule","1","0","viewDSBtn","All","0","","997","showDSModal","sf-icon-discountscheduleicons-02","discountscheduleicons-02","View Discount Schedule","Line","","Quote Line Editor","","","","Button","",""
"a095i000003TEtrAAG","0055i00000273PdAAI","0","Launch External","2022-05-09 16:07:09","0055i00000273PdAAI","2022-05-09 16:07:09","0055i00000273PdAAI","2022-05-09 16:07:09","","1","0","","All","0","","900","","","","Launch External","Configurator","","Product Configurator","","","","Button","Popup","{!$Setup.GeneralSettings__c.ExternalConfigurationURL__c}"
"a095i000003TEtsAAG","0055i00000273PdAAI","0","View Rate Card","2022-05-09 16:07:09","0055i00000273PdAAI","2022-05-09 16:07:09","0055i00000273PdAAI","2022-05-09 16:07:09","View Rate Card","1","0","viewRateCardBtn","All","0","","998","onViewRateCard","sf-icon-trending","trending","View Rate Card","Line","","Quote Line Editor","","","","Button","",""
"a095i000003TEttAAG","0055i00000273PdAAI","0","View Consumption Schedule","2022-05-09 16:07:09","0055i00000273PdAAI","2022-05-09 16:07:09","0055i00000273PdAAI","2022-05-09 16:07:09","View Consumption Schedule","1","0","viewConsumptionScheduleBtn","All","0","","998","onViewConsumptionSchedule","sf-icon-paired-lines","paired-lines","View Consumption Schedule","Line","","Quote Line Editor","","","","Button","",""
"a095i000003TEtuAAG","0055i00000273PdAAI","0","View Pricing Guidance","2022-05-09 16:07:09","0055i00000273PdAAI","2022-05-09 16:07:09","0055i00000273PdAAI","2022-05-09 16:07:09","View Pricing Guidance","1","0","viewPricingGuidanceBtn","All","0","","999","onViewPricingGuidance","sf-icon-target","target","View Pricing Guidance","Line","","Quote Line Editor","","","","Button","",""
"a095i000003TEtvAAG","0055i00000273PdAAI","0","Apply Edit Rules","2022-05-09 16:07:09","0055i00000273PdAAI","2022-05-09 16:07:09","0055i00000273PdAAI","2022-05-09 16:07:09","Apply Edit Rules","1","0","","All","0","","901","","","","Apply Rules","Configurator","","Product Configurator","","","","Button","",""
"a095i000003TnsFAAS","0055i000001ydTWAAY","0","Amendment Only Product","2022-05-25 09:15:47","0055i000001ydTWAAY","2022-11-28 06:54:21","0055i000001ydTWAAY","2022-11-28 06:54:21","","0","1","addProductsBtn","All","0","","1","onAddProducts","","","","Quote","","Quote Line Editor","","","","Menu","",""
"a095i000003TnsGAAS","0055i000001ydTWAAY","0","Training / Assistance Per Hour","2022-05-25 09:20:01","0055i000001ydTWAAY","2022-07-01 07:01:09","0055i000001ydTWAAY","2022-07-01 07:01:12","Add Products","1","0","addProductsBtn","All","0","","1","onAddProducts","","","Training / Assistance Per Hour","Quote/Group","","Quote Line Editor","a095i000003TnsFAAS","","","Button","",""
"a095i000003TnxQAAS","0055i000001ydTWAAY","0","Onsite Training Visits","2022-05-25 09:21:36","0055i000001ydTWAAY","2022-07-01 07:01:09","0055i000001ydTWAAY","2022-07-01 07:01:12","Add Products","1","0","addProductsBtn","All","0","","2","onAddProducts","","","Onsite Training Visits","Quote/Group","","Quote Line Editor","a095i000003TnsFAAS","","","Button","",""
"a095i000003TnxVAAS","0055i000001ydTWAAY","0","POS Swap","2022-05-25 09:25:03","0055i000001ydTWAAY","2022-07-01 07:01:09","0055i000001ydTWAAY","2022-07-01 07:01:12","Add Products","1","0","addProductsBtn","All","0","","3","onAddProducts","","","POS Swap","Quote/Group","","Quote Line Editor","a095i000003TnsFAAS","","","Button","",""
"a095i000003TnxpAAC","0055i000001ydTWAAY","0","Fixed Assets Setup","2022-05-25 09:27:14","0055i000001ydTWAAY","2022-07-01 07:01:09","0055i000001ydTWAAY","2022-07-01 07:01:12","Add Products","1","0","addProductsBtn","All","0","","4","onAddProducts","","","Fixed Assets Setup","Quote/Group","","Quote Line Editor","a095i000003TnsFAAS","","","Button","",""
"a095i000003TnxuAAC","0055i000001ydTWAAY","0","Static Database","2022-05-25 09:28:33","0055i000001ydTWAAY","2022-07-01 07:01:09","0055i000001ydTWAAY","2022-07-01 07:01:12","Add Products","1","0","addProductsBtn","All","0","","5","onAddProducts","","","Static Database","Quote/Group","","Quote Line Editor","a095i000003TnsFAAS","","","Button","",""
"a095i000003TnxzAAC","0055i000001ydTWAAY","0","Setup & Implementation - Harvest","2022-05-25 09:31:25","0055i000001ydTWAAY","2022-07-01 07:01:09","0055i000001ydTWAAY","2022-07-01 07:01:12","Add Products","1","0","addProductsBtn","All","0","","6","onAddProducts","","","Setup & Implementation - Harvest","Quote/Group","","Quote Line Editor","a095i000003TnsFAAS","","","Button","",""
"a095i000003URH8AAO","0055i000001ydTWAAY","0","Add Trail Product","2022-06-07 07:05:24","0055i000001ydTWAAY","2022-06-07 07:13:33","0055i000001ydTWAAY","2022-06-07 07:13:33","Add Products","1","1","addProductsBtn","All","0","","1","onAddProducts","sf-icon-add","","Add Trail Products","Quote/Group","","Quote Line Editor","","","","Button","",""
