"Id","OwnerId","IsDeleted","Name","CreatedDate","CreatedById","LastModifiedDate","LastModifiedById","SystemModstamp","SBQQ__CostEditable__c","SBQQ__DefaultQuantity__c","SBQQ__DiscountSchedule__c","SBQQ__NonDiscountable__c","SBQQ__NonPartnerDiscountable__c","SBQQ__PriceBook__c","SBQQ__PriceEditable__c","SBQQ__Product__c","SBQQ__QuantityEditable__c","SBQQ__QuantityScale__c","SBQQ__Taxable__c","SBQQ__TermDiscountSchedule__c","SBQQ__Type__c","SBQQ__UnitPrice__c"
"a0C5i000000tBL8EAM","0055i000001ydTWAAY","0","Monthly","2022-05-14 03:58:34","0055i000001ydTWAAY","2022-05-14 03:58:34","0055i000001ydTWAAY","2022-05-14 03:58:34","Inherit","","","Inherit","Inherit","","Inherit","01t5i000000mlJOAAY","Inherit","","Inherit","","Month","269"
"a0C5i000000tBL9EAM","0055i000001ydTWAAY","0","Quaterly","2022-05-14 04:00:32","0055i000001ydTWAAY","2022-05-17 06:24:51","0055i000001ydTWAAY","2022-05-17 06:24:51","Inherit","","","Inherit","Inherit","","Inherit","01t5i000000mlTJAAY","Inherit","","Inherit","","Quarter","747"
"a0C5i000000tBLAEA2","0055i000001ydTWAAY","0","Monthly","2022-05-14 04:05:04","0055i000001ydTWAAY","2022-05-14 04:05:04","0055i000001ydTWAAY","2022-05-14 04:05:04","Inherit","","","Inherit","Inherit","","Inherit","01t5i000000mlLAAAY","Inherit","","Inherit","","Month","489"
"a0C5i000000tBLDEA2","0055i000001ydTWAAY","0","Semi-Annual","2022-05-14 04:02:29","0055i000001ydTWAAY","2022-05-17 06:26:51","0055i000001ydTWAAY","2022-05-17 06:26:51","Inherit","","","Inherit","Inherit","","Inherit","01t5i000000mlTiAAI","Inherit","","Inherit","","Custom","1422"
"a0C5i000000tBLEEA2","0055i000001ydTWAAY","0","Semi-Annual","2022-05-14 04:06:50","0055i000001ydTWAAY","2022-05-17 06:36:16","0055i000001ydTWAAY","2022-05-17 06:36:16","Inherit","","","Inherit","Inherit","","Inherit","01t5i000000mlTjAAI","Inherit","","Inherit","","Custom","2616"
"a0C5i000000tBLIEA2","0055i000001ydTWAAY","0","Annual","2022-05-14 04:03:40","0055i000001ydTWAAY","2022-05-17 06:26:23","0055i000001ydTWAAY","2022-05-17 06:26:23","Inherit","","","Inherit","Inherit","","Inherit","01t5i000000mlSvAAI","Inherit","","Inherit","","Year","2688"
"a0C5i000000tBLNEA2","0055i000001ydTWAAY","0","Quaterly","2022-05-14 04:05:59","0055i000001ydTWAAY","2022-05-17 06:35:36","0055i000001ydTWAAY","2022-05-17 06:35:36","Inherit","","","Inherit","Inherit","","Inherit","01t5i000000mlSWAAY","Inherit","","Inherit","","Quarter","1377"
"a0C5i000000tBLSEA2","0055i000001ydTWAAY","0","Annual","2022-05-14 04:07:38","0055i000001ydTWAAY","2022-05-17 06:37:10","0055i000001ydTWAAY","2022-05-17 06:37:10","Inherit","","","Inherit","Inherit","","Inherit","01t5i000000mlUHAAY","Inherit","","Inherit","","Year","4956"
"a0C5i000000tBLcEAM","0055i000001ydTWAAY","0","Monthly","2022-05-14 05:11:18","0055i000001ydTWAAY","2022-05-14 05:11:18","0055i000001ydTWAAY","2022-05-14 05:11:18","Inherit","","","Inherit","Inherit","","Inherit","01t5i000000mlWmAAI","Inherit","","Inherit","","Month","139"
"a0C5i000000tBLhEAM","0055i000001ydTWAAY","0","Quaterly","2022-05-14 05:14:12","0055i000001ydTWAAY","2022-05-17 07:16:12","0055i000001ydTWAAY","2022-05-17 07:16:12","Inherit","","","Inherit","Inherit","","Inherit","01t5i000000mlWiAAI","Inherit","","Inherit","","Quarter","387"
"a0C5i000000tBLmEAM","0055i000001ydTWAAY","0","Semi-Annual","2022-05-14 05:16:47","0055i000001ydTWAAY","2022-05-17 07:16:53","0055i000001ydTWAAY","2022-05-17 07:16:53","Inherit","","","Inherit","Inherit","","Inherit","01t5i000000mlWjAAI","Inherit","","Inherit","","Custom","738"
"a0C5i000000tBLrEAM","0055i000001ydTWAAY","0","Annual Payments","2022-05-14 05:19:42","0055i000001ydTWAAY","2022-05-17 07:37:49","0055i000001ydTWAAY","2022-05-17 07:37:49","Inherit","","","Inherit","Inherit","","Inherit","01t5i000000mlX1AAI","Inherit","","Inherit","","Year","1392"
"a0C5i000000tBLwEAM","0055i000001ydTWAAY","0","Monthly Payments","2022-05-14 05:22:55","0055i000001ydTWAAY","2022-05-14 05:22:55","0055i000001ydTWAAY","2022-05-14 05:22:55","Inherit","","","Inherit","Inherit","","Inherit","01t5i000000mlWrAAI","Inherit","","Inherit","","Month","269"
"a0C5i000000tBLxEAM","0055i000001ydTWAAY","0","Quaterly","2022-05-14 05:25:48","0055i000001ydTWAAY","2022-05-17 07:17:49","0055i000001ydTWAAY","2022-05-17 07:17:49","Inherit","","","Inherit","Inherit","","Inherit","01t5i000000mlX6AAI","Inherit","","Inherit","","Quarter","747"
"a0C5i000000tBLyEAM","0055i000001ydTWAAY","0","Semi-Annual","2022-05-14 05:27:16","0055i000001ydTWAAY","2022-05-17 07:18:22","0055i000001ydTWAAY","2022-05-17 07:18:22","Inherit","","","Inherit","Inherit","","Inherit","01t5i000000mlX2AAI","Inherit","","Inherit","","Custom","1422"
"a0C5i000000tBLzEAM","0055i000001ydTWAAY","0","Annual","2022-05-14 05:29:56","0055i000001ydTWAAY","2022-05-17 07:38:28","0055i000001ydTWAAY","2022-05-17 07:38:28","Inherit","","","Inherit","Inherit","","Inherit","01t5i000000mlXBAAY","Inherit","","Inherit","","Year","2688"
"a0C5i000000tBM0EAM","0055i000001ydTWAAY","0","Monthly Payments","2022-05-14 05:35:41","0055i000001ydTWAAY","2022-05-14 05:35:41","0055i000001ydTWAAY","2022-05-14 05:35:41","Inherit","","","Inherit","Inherit","","Inherit","01t5i000000mlWXAAY","Inherit","","Inherit","","Month","269"
"a0C5i000000tBM1EAM","0055i000001ydTWAAY","0","Quarterly Payments","2022-05-14 05:38:19","0055i000001ydTWAAY","2022-05-17 07:19:49","0055i000001ydTWAAY","2022-05-17 07:19:49","Inherit","","","Inherit","Inherit","","Inherit","01t5i000000mlXGAAY","Inherit","","Inherit","","Quarter","747"
"a0C5i000000tBM2EAM","0055i000001ydTWAAY","0","Monthly Payments","2022-05-14 05:40:05","0055i000001ydTWAAY","2022-05-17 07:34:36","0055i000001ydTWAAY","2022-05-17 07:34:36","Inherit","","","Inherit","Inherit","","Inherit","","Inherit","","Inherit","","Custom","269"
"a0C5i000000tBM3EAM","0055i000001ydTWAAY","0","Monthly","2022-05-14 05:44:09","0055i000001ydTWAAY","2022-05-14 05:44:09","0055i000001ydTWAAY","2022-05-14 05:44:09","Inherit","","","Inherit","Inherit","","Inherit","01t5i000000mlWYAAY","Inherit","","Inherit","","Month","399"
"a0C5i000000tBMBEA2","0055i000001ydTWAAY","0","Annual Payments","2022-05-14 05:42:17","0055i000001ydTWAAY","2022-05-17 07:36:34","0055i000001ydTWAAY","2022-05-17 07:36:34","Inherit","","","Inherit","Inherit","","Inherit","01t5i000000mlX8AAI","Inherit","","Inherit","","Year","2688"
"a0C5i000000tBMGEA2","0055i000001ydTWAAY","0","Quarterly Payments","2022-05-14 05:45:43","0055i000001ydTWAAY","2022-05-17 07:39:31","0055i000001ydTWAAY","2022-05-17 07:39:31","Inherit","","","Inherit","Inherit","","Inherit","01t5i000000mlXQAAY","Inherit","","Inherit","","Quarter","1107"
"a0C5i000000tBMLEA2","0055i000001ydTWAAY","0","Semi-Annual Payments","2022-05-14 05:47:26","0055i000001ydTWAAY","2022-05-17 07:40:06","0055i000001ydTWAAY","2022-05-17 07:40:06","Inherit","","","Inherit","Inherit","","Inherit","01t5i000000mlXVAAY","Inherit","","Inherit","","Custom","2106"
"a0C5i000000tBMMEA2","0055i000001ydTWAAY","0","Annual Payments","2022-05-14 05:48:59","0055i000001ydTWAAY","2022-05-17 07:40:35","0055i000001ydTWAAY","2022-05-17 07:40:35","Inherit","","","Inherit","Inherit","","Inherit","01t5i000000mlXaAAI","Inherit","","Inherit","","Year","3984"
"a0C5i000000tDhhEAE","0055i000001ydTWAAY","0","Semi Annual Payments","2022-05-17 07:20:51","0055i000001ydTWAAY","2022-05-17 07:21:14","0055i000001ydTWAAY","2022-05-17 07:21:14","Inherit","","","Inherit","Inherit","","Inherit","01t5i000000mlXLAAY","Inherit","","Inherit","","Custom","1422"
"a0C5i000004fsXpEAI","0055i000001ydTWAAY","0","R365 P Monthly","2022-06-17 04:14:27","0055i000001ydTWAAY","2022-06-17 04:14:52","0055i000001ydTWAAY","2022-06-17 04:14:52","Inherit","","","Inherit","Inherit","01s5i000002G6QUAA0","Inherit","01t5i000000CMr0AAG","Inherit","","Inherit","","Month","489"
