"Id","IsDeleted","Name","CreatedDate","CreatedById","LastModifiedDate","LastModifiedById","SystemModstamp","MetricIdentifier","DetailIdentifier","Tenant","TenantName","MetricsType","Username","UserEmail","LoginCount","LastLoginDate"
"7Te5i00000ZCE71CAH","0","LoginsWithUNPW","2023-12-09 16:51:58","0055i00000273PbAAI","2023-12-09 16:51:58","0055i00000273PbAAI","2023-12-09 16:51:58","bfa9805bb3404136b93dd5f8e1281377","d155cff661014dd98cab594fff0955bd","00D5i000001wiLq","Commercecx","LoginsWithUNPW","ccxr365@commercecx.com","lakkamsridevi@commercecx.com","3","2023-12-08 06:59:34"
"7Te5i00000ZCKPPCA5","0","LoginsWithUNPW","2023-12-12 16:48:05","0055i00000273PbAAI","2023-12-12 16:48:05","0055i00000273PbAAI","2023-12-12 16:48:05","fc763984c9ba47288baaf642600c4c6f","ce3773bac362482faab75111e734c25c","00D5i000001wiLq","Commercecx","LoginsWithUNPW","ccxr365@commercecx.com","lakkamsridevi@commercecx.com","1","2023-12-11 05:00:53"
"7Te5i00000aTuYLCA0","0","LoginsWithUNPW","2024-03-16 16:28:56","0055i00000273PbAAI","2024-03-16 16:28:56","0055i00000273PbAAI","2024-03-16 16:28:56","80ea1976fe1146578d044fb8c1c2c5bb","8c0bdf3368c342c6a4bed9aa6e9119aa","00D5i000001wiLq","Commercecx","LoginsWithUNPW","ccxr365@commercecx.com","lakkamsridevi@commercecx.com","2","2024-03-15 18:35:23"
"7Te5i00000aTuYQCA0","0","LoginsWithOAUTH","2024-03-16 16:28:56","0055i00000273PbAAI","2024-03-16 16:28:56","0055i00000273PbAAI","2024-03-16 16:28:56","b95d38e32925458b8895845bbff0460e","151197736d124e18b8e6cdeb4e456c1a","00D5i000001wiLq","Commercecx","LoginsWithOAUTH","ccxr365@commercecx.com","lakkamsridevi@commercecx.com","2","2024-03-15 18:17:19"
"7Te5i00000b6NihCAE","0","LoginsWithUNPW","2024-05-03 16:21:01","0055i00000273PbAAI","2024-05-03 16:21:01","0055i00000273PbAAI","2024-05-03 16:21:01","568eced67bad46bf9781ba4beb69e820","dd5e6cb1148e4bd79989a4597d9acd38","00D5i000001wiLq","Commercecx","LoginsWithUNPW","ccxr365@commercecx.com","lakkamsridevi@commercecx.com","1","2024-05-02 06:50:48"
"7Te5i00000b6TYuCAM","0","LoginsWithUNPW","2024-05-07 16:21:25","0055i00000273PbAAI","2024-05-07 16:21:25","0055i00000273PbAAI","2024-05-07 16:21:25","d1074926b6be45e8b72ec04e297cbe57","787194196f374cf5aff4d34027430d3f","00D5i000001wiLq","Commercecx","LoginsWithUNPW","ccxr365@commercecx.com","lakkamsridevi@commercecx.com","2","2024-05-06 14:26:28"
"7Te5i00000b6w2LCAQ","0","LoginsWithUNPW","2024-05-17 16:20:46","0055i00000273PbAAI","2024-05-17 16:20:46","0055i00000273PbAAI","2024-05-17 16:20:46","51f825f2092a485db462daa61dffecb8","789a1af2e7ce4aa493df1c8981efa064","00D5i000001wiLq","Commercecx","LoginsWithUNPW","ccxr365@commercecx.com","lakkamsridevi@commercecx.com","1","2024-05-16 05:25:51"
"7Te5i00000b9g8zCAA","0","LoginsWithUNPW","2024-04-18 16:24:07","0055i00000273PbAAI","2024-04-18 16:24:07","0055i00000273PbAAI","2024-04-18 16:24:07","7fbf7a8df0c44eeda3e7a88643929a2a","2e02824d013d4de8b44629ab5d6bb203","00D5i000001wiLq","Commercecx","LoginsWithUNPW","ccxr365@commercecx.com","lakkamsridevi@commercecx.com","1","2024-04-17 10:56:33"
"7TeJ3000000ANWmKAO","0","LoginsWithUNPW","2024-06-26 16:54:09","0055i00000273PbAAI","2024-06-26 16:54:09","0055i00000273PbAAI","2024-06-26 16:54:09","42525e8ae3a14e699a0753f3d11555c7","73a210cc1609401481c04a591511997b","00D5i000001wiLq","Commercecx","LoginsWithUNPW","ccxr365@commercecx.com","lakkamsridevi@commercecx.com","1","2024-06-25 08:02:33"
"7TeJ3000000AVwlKAG","0","LoginsWithUNPW","2024-06-28 16:53:40","0055i00000273PbAAI","2024-06-28 16:53:40","0055i00000273PbAAI","2024-06-28 16:53:40","91e39941870e4bfd93d243d116b79de0","a283ed5c69f741129328592200dedf59","00D5i000001wiLq","Commercecx","LoginsWithUNPW","ccxr365@commercecx.com","lakkamsridevi@commercecx.com","1","2024-06-27 11:04:02"
