"Id","IsDeleted","Name","CreatedDate","CreatedById","LastModifiedDate","LastModifiedById","SystemModstamp","UserId","Questionnaire","Status"
"4QS5i000001DhYTGA0","0","health_cloud_industries","2022-05-09 16:15:22","0055i000001ydTWAAY","2022-05-09 16:15:22","0055i000001ydTWAAY","2022-05-09 16:15:22","0055i000001ydTWAAY","health_cloud_industries","Invisible"
"4QS5i000001DhYUGA0","0","terms_of_service","2022-05-09 16:15:22","0055i000001ydTWAAY","2022-05-09 16:15:22","0055i000001ydTWAAY","2022-05-09 16:15:22","0055i000001ydTWAAY","terms_of_service","Invisible"
"4QS5i000001DhYVGA0","0","gs_crm","2022-05-09 16:15:22","0055i000001ydTWAAY","2022-05-09 16:15:22","0055i000001ydTWAAY","2022-05-09 16:15:22","0055i000001ydTWAAY","gs_crm","Invisible"
"4QS5i000001DhYWGA0","0","gs_not_crm","2022-05-09 16:15:22","0055i000001ydTWAAY","2022-05-09 16:15:22","0055i000001ydTWAAY","2022-05-09 16:15:22","0055i000001ydTWAAY","gs_not_crm","Invisible"
"4QS5i000001EaanGAC","0","value_assessment","2022-05-13 06:13:28","0055i000001ydTWAAY","2022-05-13 06:13:28","0055i000001ydTWAAY","2022-05-13 06:13:28","0055i000001ydTWAAY","value_assessment","Invisible"
"4QS5i000001EaaoGAC","0","finserv_onboarding","2022-05-13 06:13:28","0055i000001ydTWAAY","2022-05-13 06:13:28","0055i000001ydTWAAY","2022-05-13 06:13:28","0055i000001ydTWAAY","finserv_onboarding","Invisible"
