"Id","IsDeleted","Name","CreatedDate","CreatedById","LastModifiedDate","LastModifiedById","SystemModstamp","UserId","Assistant","Status","CompletionDate","PersistedRules","IsArchived"
"4SS5i000001CLWOGA4","0","multi_factor_authentication","2022-05-09 16:15:22","0055i000001ydTWAAY","2022-05-09 16:15:22","0055i000001ydTWAAY","2022-05-09 16:15:22","0055i000001ydTWAAY","multi_factor_authentication","NotStarted","","mfa_always_show","0"
"4SS5i000003QKChGAO","0","multi_factor_authentication","2022-06-15 07:38:19","0055i000003CbitAAC","2022-06-15 07:38:19","0055i000003CbitAAC","2022-06-15 07:38:19","0055i000003CbitAAC","multi_factor_authentication","NotStarted","","mfa_always_show","0"
"4SS5i000003QKCiGAO","0","foundational_top_topics_scenario_hdr","2022-06-15 07:38:19","0055i000003CbitAAC","2022-06-15 07:38:19","0055i000003CbitAAC","2022-06-15 07:38:19","0055i000003CbitAAC","foundational_top_topics_scenario_hdr","NotStarted","","abp_always_show","0"
"4SS5i00000ABzhTGAT","0","csg_order_mngmt_commerce","2022-10-19 05:03:02","0055i000001ydTWAAY","2022-10-19 05:03:02","0055i000001ydTWAAY","2022-10-19 05:03:02","0055i000001ydTWAAY","csg_order_mngmt_commerce","NotStarted","","csg_commerce","0"
"4SS5i00000AC6KAGA1","0","Service_Automate_Case_Routing","2023-02-13 05:29:21","0055i000001ydTWAAY","2023-02-13 05:29:21","0055i000001ydTWAAY","2023-02-13 05:29:21","0055i000001ydTWAAY","Service_Automate_Case_Routing","NotStarted","","automate_case_routing","0"
"4SS5i00000AC6KBGA1","0","SE_Email","2023-02-13 05:29:21","0055i000001ydTWAAY","2023-02-13 05:29:21","0055i000001ydTWAAY","2023-02-13 05:29:21","0055i000001ydTWAAY","SE_Email","NotStarted","","EmailIntegrationVisibility,InboxIntegrationVisibility,OutlookIntegrationVisibility","0"
"4SS5i00000AC6KCGA1","0","capture_cases_service","2023-02-13 05:29:21","0055i000001ydTWAAY","2023-02-13 05:29:21","0055i000001ydTWAAY","2023-02-13 05:29:21","0055i000001ydTWAAY","capture_cases_service","NotStarted","","capture_cases_visibility","0"
"4SS5i00000AC6KDGA1","0","Gettoknowfieldservice_csg","2023-02-13 05:29:21","0055i000001ydTWAAY","2023-02-13 05:29:21","0055i000001ydTWAAY","2023-02-13 05:29:21","0055i000001ydTWAAY","Gettoknowfieldservice_csg","NotStarted","","FieldService_Visibility","0"
"4SS5i00000AC6KEGA1","0","Enablefieldservice_csg","2023-02-13 05:29:21","0055i000001ydTWAAY","2023-02-13 05:29:21","0055i000001ydTWAAY","2023-02-13 05:29:21","0055i000001ydTWAAY","Enablefieldservice_csg","NotStarted","","EnableFieldServiceVisibility","0"
"4SS5i00000AC6KFGA1","0","service_console","2023-02-13 05:29:21","0055i000001ydTWAAY","2023-02-13 05:29:21","0055i000001ydTWAAY","2023-02-13 05:29:21","0055i000001ydTWAAY","service_console","NotStarted","","service_console_visibility","0"
"4SS5i00000AC6KGGA1","0","einstein_activity","2023-02-13 05:29:21","0055i000001ydTWAAY","2023-02-13 05:29:21","0055i000001ydTWAAY","2023-02-13 05:29:21","0055i000001ydTWAAY","einstein_activity","NotStarted","","EACVisibilityRule","0"
"4SS5i00000HpFRzGAN","0","sales_engagement_gs","2023-08-02 08:03:50","0055i000001ydTWAAY","2023-08-02 08:03:50","0055i000001ydTWAAY","2023-08-02 08:03:50","0055i000001ydTWAAY","sales_engagement_gs","NotStarted","","SalesEngagementVisibilityRule","0"
"4SS5i00000HpFS0GAN","0","Einstein_Scoring","2023-08-02 08:03:50","0055i000001ydTWAAY","2023-08-02 08:03:50","0055i000001ydTWAAY","2023-08-02 08:03:50","0055i000001ydTWAAY","Einstein_Scoring","NotStarted","","EinsteinScoringVisibilityRule","0"
"4SS5i00000HpFS1GAN","0","SE_Rollout","2023-08-02 08:03:50","0055i000001ydTWAAY","2023-08-02 08:03:50","0055i000001ydTWAAY","2023-08-02 08:03:50","0055i000001ydTWAAY","SE_Rollout","NotStarted","","SE_Rollout_Visibility_Rule","0"
"4SS5i00000KTvCTGA1","0","csg_commerce_onboarding","2023-06-20 15:50:33","0055i000001ydTWAAY","2023-06-20 15:50:33","0055i000001ydTWAAY","2023-06-20 15:50:33","0055i000001ydTWAAY","csg_commerce_onboarding","NotStarted","","csg_commerce_onboarding_Visibility","0"
"4SS5i00000KTvCUGA1","0","csg_einstein_bots","2023-06-20 15:50:33","0055i000001ydTWAAY","2023-06-20 15:50:33","0055i000001ydTWAAY","2023-06-20 15:50:33","0055i000001ydTWAAY","csg_einstein_bots","NotStarted","","csg_einstein_bots_Visibility","0"
