"Id","Username","FirstName","LastName","CompanyName","Division","Department","Title","Street","City","State","PostalCode","Country","Latitude","Longitude","GeocodeAccuracy","Email","SenderEmail","SenderName","Signature","StayInTouchSubject","StayInTouchSignature","StayInTouchNote","Phone","Fax","MobilePhone","Alias","CommunityNickname","IsActive","IsSystemControlled","TimeZoneSidKey","UserRoleId","LocaleSidKey","ReceivesInfoEmails","ReceivesAdminInfoEmails","EmailEncodingKey","ProfileId","UserType","UserSubtype","StartDay","EndDay","LanguageLocaleKey","EmployeeNumber","DelegatedApproverId","ManagerId","LastLoginDate","LastPasswordChangeDate","CreatedDate","CreatedById","LastModifiedDate","LastModifiedById","SystemModstamp","NumberOfFailedLogins","SuAccessExpirationDate","SuOrgAdminExpirationDate","OfflineTrialExpirationDate","WirelessTrialExpirationDate","OfflinePdaTrialExpirationDate","ForecastEnabled","ContactId","AccountId","CallCenterId","Extension","FederationIdentifier","AboutMe","LoginLimit","ProfilePhotoId","DigestFrequency","DefaultGroupNotificationFrequency","JigsawImportLimitOverride","WorkspaceId","SharingType","ChatterAdoptionStage","ChatterAdoptionStageModifiedDate","BannerPhotoId","IsProfilePhotoActive","IndividualId","GlobalIdentity","SBQQ__DefaultProductLookupTab__c","SBQQ__OutputFormatChangeAllowed__c","SBQQ__ProductSortPreference__c","SBQQ__ResetProductLookup__c","SBQQ__Theme__c","SBQQ__DiagnosticToolEnabled__c","dfsle__CanManageAccount__c","dfsle__Provisioned__c","dfsle__Status__c","dfsle__Username__c"
"0055i000001ydTWAAY","ccxr365@commercecx.com","ccx","restaurant","Commercecx","","","","","","","","IN","","","","lakkamsridevi@commercecx.com","","","","","","","","","","crest","User16521124320181616365","1","0","America/Los_Angeles","000000000000000AAA","en_US","1","1","UTF-8","00e5i000001cu1mAAA","Standard","","6","23","en_US","","000000000000000AAA","000000000000000AAA","2024-07-01 05:28:53","2022-05-09 16:15:08","2022-05-09 16:07:09","0055i000001ydTWAAY","2024-06-25 10:57:46","0055i000001ydTWAAY","2024-07-01 05:29:22","0","","","","","","1","000000000000000AAA","000000000000000AAA","","","","","","","D","N","","1de5i000002IQ2iAAG","Standard","NU","2022-11-15 14:00:27","","0","000000000000000AAA","b31ebb19-8790-4404-80ed-4c1eb9236858","","","","","","","","","",""
"0055i000001ydhCAAQ","033e0000000dbpxiak@00d5i000001wilqeai","","Advanced Approvals","","","","","","","","","","","","","noreply@salesforce.com","","","","","","","","","","APP","User1652113974784504937","1","0","America/Los_Angeles","000000000000000AAA","en_US","0","0","UTF-8","00e5i000001cu1qAAA","LicenseManager","","","","en_US","","000000000000000AAA","000000000000000AAA","","","2022-05-09 16:32:54","0055i000001ydTWAAY","2022-05-09 16:32:54","0055i000001ydTWAAY","2022-05-09 16:32:54","","","","","","","0","000000000000000AAA","000000000000000AAA","","","","","","","N","N","","000000000000000AAA","LicenseManager","","","","0","000000000000000AAA","","Guided Selling","0","","0","","0","","","",""
"0055i0000021KG4AAM","033280000006pzfaae@00d5i000001wilqeai","","Salesforce Billing","","","","","","","","","","","","","noreply@salesforce.com","","","","","","","","","","APP","User16538918862905900463","1","0","America/Los_Angeles","000000000000000AAA","en_US","0","0","UTF-8","00e5i000001cu1qAAA","LicenseManager","","","","en_US","","000000000000000AAA","000000000000000AAA","","","2022-05-30 06:24:46","0055i000001ydTWAAY","2022-05-30 06:24:46","0055i000001ydTWAAY","2022-05-30 06:24:46","","","","","","","0","000000000000000AAA","000000000000000AAA","","","","","","","N","N","","000000000000000AAA","LicenseManager","","","","0","000000000000000AAA","","Guided Selling","0","","0","","0","","","",""
"0055i0000021KH7AAM","externalwho@00d5i000001wilqeai.ext","Public","User","","","","","","","","","","","","","externalWho@00d5i000001wilqeai.ext","","","","","","","","","","extwho","User16538923594081556474","1","0","America/Los_Angeles","000000000000000AAA","en_US","0","0","UTF-8","00e5i000000cknoAAA","ExternalWho","Sfdc","","","en_US","","000000000000000AAA","000000000000000AAA","","","2022-05-30 06:32:39","0055i00000273PcAAI","2022-05-30 06:32:39","0055i00000273PcAAI","2022-05-30 06:32:39","","","","","","","0","000000000000000AAA","000000000000000AAA","","","","","","","N","N","","000000000000000AAA","ExternalWho","","","","0","000000000000000AAA","","Guided Selling","0","","0","","0","0","","",""
"0055i0000021KH8AAM","0336a000000r2hgqa0@00d5i000001wilqeai","","DocuSign Apps Launcher","","","","","","","","","","","","","noreply@salesforce.com","","","","","","","","","","APP","User16538926597458141334","1","0","America/Los_Angeles","000000000000000AAA","en_US","0","0","UTF-8","00e5i000001cu1qAAA","LicenseManager","","","","en_US","","000000000000000AAA","000000000000000AAA","","","2022-05-30 06:37:39","0055i000001ydTWAAY","2022-05-30 06:37:39","0055i000001ydTWAAY","2022-05-30 06:37:39","","","","","","","0","000000000000000AAA","000000000000000AAA","","","","","","","N","N","","000000000000000AAA","LicenseManager","","","","0","000000000000000AAA","","Guided Selling","0","","0","","0","0","","",""
"0055i0000021KUTAA2","033600000008bataay@00d5i000001wilqeai","","Conga Composer","","","","","","","","","","","","","noreply@salesforce.com","","","","","","","","","","APP","User165389352047467257","1","0","America/Los_Angeles","000000000000000AAA","en_US","0","0","UTF-8","00e5i000001cu1qAAA","LicenseManager","","","","en_US","","000000000000000AAA","000000000000000AAA","","","2022-05-30 06:52:00","0055i000001ydTWAAY","2022-05-30 06:52:00","0055i000001ydTWAAY","2022-05-30 06:52:00","","","","","","","0","000000000000000AAA","000000000000000AAA","","","","","","","N","N","","000000000000000AAA","LicenseManager","","","","0","000000000000000AAA","","Guided Selling","0","","0","","0","0","","",""
"0055i0000021NsQAAU","0333u000000irvtaa4@00d5i000001wilqeai","","Breadwinner for NetSuite","","","","","","","","","","","","","noreply@salesforce.com","","","","","","","","","","APP","User16539061629589652537","0","0","America/Los_Angeles","000000000000000AAA","en_US","0","0","UTF-8","00e5i000001cu1qAAA","LicenseManager","","6","23","en_US","","000000000000000AAA","000000000000000AAA","","","2022-05-30 10:22:42","0055i000001ydTWAAY","2022-05-30 10:31:24","0055i000001ydTWAAY","2022-05-30 10:31:24","","","","","","","0","000000000000000AAA","000000000000000AAA","","","","","","","N","N","","000000000000000AAA","LicenseManager","","","","0","000000000000000AAA","","Guided Selling","0","","0","","0","0","","",""
"0055i00000273PaAAI","integration@00d5i000001wilqeai.com","Integration","User","Commercecx","","","","","","","","IN","","","","integration@example.com","","","","","","","","","","integ","integration1.4407085834085586E12","1","0","America/Los_Angeles","000000000000000AAA","en_US","1","0","UTF-8","00e5i000001cu1nAAA","Standard","","","","en_US","","000000000000000AAA","000000000000000AAA","","","2022-05-09 16:07:09","0055i000001ydTWAAY","2022-05-09 16:07:09","0055i000001ydTWAAY","2022-05-09 16:12:05","","","","","","","0","000000000000000AAA","000000000000000AAA","","","","","","","N","N","","000000000000000AAA","Standard","","","","0","","9befb7ae-8f1c-4c79-aef2-4583527fba8d","","","","","","","","","",""
"0055i00000273PbAAI","autoproc@00d5i000001wilqeai","Automated","Process","Commercecx","","","","","","","","IN","","","","autoproc@00d5i000001wilqeai","","","","","","","","","","autoproc","automatedprocess","1","0","America/Los_Angeles","000000000000000AAA","en_US","1","0","UTF-8","00e5i000001cu1oAAA","AutomatedProcess","","","","en_US","","000000000000000AAA","","","","2022-05-09 16:07:09","0055i00000273PcAAI","2022-05-09 16:07:09","0055i00000273PcAAI","2022-05-09 16:11:44","","","","","","","0","000000000000000AAA","000000000000000AAA","","","","","","","D","N","","","AutomatedProcess","NU","2015-05-09 05:00:29","","0","","","","","","","","","","","",""
"0055i00000273PcAAI","sfdcadmin@00d5i000001wilqeai","Salesforce","Administrator","Commercecx","","","","","","","","IN","","","","sfdcadmin@00d5i000001wilqeai","","","","","","","","","","sfdcadmn","sfdcadmn","1","0","America/Los_Angeles","000000000000000AAA","en_US","1","0","UTF-8","00e5i000001cu1pAAA","SfdcAdmin","","","","en_US","","000000000000000AAA","","","","2022-05-09 16:07:09","0055i000001ydTWAAY","2022-05-09 16:07:09","0055i000001ydTWAAY","2022-05-09 16:11:44","","","","","","","0","000000000000000AAA","000000000000000AAA","","","","","","","D","N","","","SfdcAdmin","NU","2015-05-09 05:00:29","","0","","","","","","","","","","","",""
"0055i00000273PdAAI","033a0000000pgefiak@00d5i000001wilqeai","","Salesforce CPQ","Commercecx","","","","","","","","","","","","noreply@salesforce.com","","","","","","","","","","APP","033a0000000pgefiak1.5295133095359143E12","1","0","America/Los_Angeles","000000000000000AAA","en_US","1","0","UTF-8","00e5i000001cu1qAAA","LicenseManager","","6","23","en_US","","000000000000000AAA","000000000000000AAA","","","2022-05-09 16:07:09","0055i000001ydTWAAY","2022-05-30 06:13:58","0055i000001ydTWAAY","2022-05-30 06:13:58","0","","","","","","0","000000000000000AAA","000000000000000AAA","","","","","","","N","N","","000000000000000AAA","LicenseManager","","","","0","000000000000000AAA","","Guided Selling","0","","0","","","","","",""
"0055i00000273PfAAI","chatty.00d5i000001wilqeai.hxdilck2erwr@chatter.salesforce.com","","Chatter Expert","Commercecx","","","","","","","","IN","","","","noreply@chatter.salesforce.com","","","","","","","","","","Chatter","Chatter Expert","1","0","America/Los_Angeles","000000000000000AAA","en_US","1","0","UTF-8","00e5i000001cu1rAAA","CsnOnly","","","","en_US","","000000000000000AAA","000000000000000AAA","","","2022-05-09 16:07:09","0055i000001ydTWAAY","2022-05-09 16:07:09","0055i000001ydTWAAY","2022-05-09 16:12:05","","","","","","","0","000000000000000AAA","000000000000000AAA","","","","I?m here to help you get started with Chatter. I?ll introduce you to features, create sample posts, and suggest tips and best practices.  I'm an automated user so you don't need to worry about privacy! I can't see any of your posts or files.  If I'm too noisy, have your admin or moderator deactivate me and I'll stop posting.","","7295i000000446MAAQ","D","N","","000000000000000AAA","CsnOnly","","","","1","","84271dce-217a-4cb3-a423-81455d7b869e","","","","","","","","","",""
"0055i00000273PgAAI","insightssecurity@00d5i000001wilqeai.com","Security","User","Commercecx","","","","","","","","IN","","","","insightssecurity@example.com","","","","","","","","","","sec","insightssecurity1.4407085845464958E12","1","0","America/Los_Angeles","000000000000000AAA","en_US","1","0","UTF-8","00e5i000001cu1sAAA","Standard","","","","en_US","","000000000000000AAA","000000000000000AAA","","","2022-05-09 16:07:09","0055i000001ydTWAAY","2022-05-09 16:07:09","0055i000001ydTWAAY","2022-05-09 16:12:05","","","","","","","0","000000000000000AAA","000000000000000AAA","","","","","","","N","N","","000000000000000AAA","Standard","","","","0","","de5858d8-68be-4248-b10a-0b44eb3cf0ed","","","","","","","","","",""
"0055i00000273PhAAI","cloud@00d5i000001wilqeai","","Platform Integration User","Commercecx","","","","","","","","IN","","","","noreply@00d5i000001wilqeai","","","","","","","","","","platint","User15968775300182315985","1","0","America/Los_Angeles","000000000000000AAA","en_US","1","0","UTF-8","00e5i000001cu1tAAA","CloudIntegrationUser","","","","en_US","","000000000000000AAA","000000000000000AAA","","","2022-05-09 16:07:09","0055i00000273PcAAI","2022-05-09 16:07:09","0055i00000273PcAAI","2023-09-06 11:15:29","","","","","","","0","000000000000000AAA","000000000000000AAA","","","","","","","N","N","","000000000000000AAA","CloudIntegrationUser","","","","0","000000000000000AAA","","Guided Selling","0","","0","","0","","","",""
"0055i000003CbitAAC","ccxsalesuser@commercecx.com","","Sales User","","","","","","","","","","","","","lakkamsridevi@commercecx.com","","","","","","","","","","sale","User16551018911922220638","1","0","Asia/Kolkata","000000000000000AAA","en_IN","1","1","UTF-8","00e5i000000cqaPAAQ","Standard","","6","23","en_US","","000000000000000AAA","0055i000001ydTWAAY","2022-07-01 06:37:14","2022-06-13 08:51:58","2022-06-13 06:32:53","0055i000001ydTWAAY","2022-06-16 10:05:26","0055i000003CbitAAC","2022-07-01 06:37:49","0","","","","","","0","000000000000000AAA","000000000000000AAA","","","","","","","D","N","300","1de5i000005ZcQvAAK","Standard","NU","2022-06-13 14:01:10","","0","000000000000000AAA","45abacde-b72d-493f-bb98-b78e6c2030da","Guided Selling","0","","0","","0","0","","",""
"0055i000003CoSlAAK","dealdeskuser@commercecx.com","","DealDesk","","","","","","","","","","","","","lakkamsridevi@commercecx.com","","","","","","","","","","deal","User16551807843165371180","1","0","America/Los_Angeles","000000000000000AAA","en_US","1","1","UTF-8","00e5i000001cu2EAAQ","Standard","","6","23","en_US","","000000000000000AAA","000000000000000AAA","2022-06-23 08:29:12","2022-06-14 04:29:20","2022-06-14 04:28:02","0055i000001ydTWAAY","2022-06-14 04:33:22","0055i000001ydTWAAY","2022-06-23 14:00:47","0","","","","","","0","000000000000000AAA","000000000000000AAA","","","","","","","D","N","300","000000000000000AAA","Standard","NU","2022-06-23 14:00:47","","0","000000000000000AAA","dfdf74e6-587c-4882-8f6d-139943873a14","Guided Selling","0","","0","","0","0","","",""
"0055i000003D5PjAAK","lakkamsreedevi@commercecx.com","FINANCE","Finance","","","","","","","","","","","","","lakkamsreedevi@commercecx.com","","","","","","","","","","ffina","User1655285463691172134","1","0","America/Los_Angeles","000000000000000AAA","en_US","1","1","UTF-8","00e5i000001cu21AAA","Standard","","","","en_US","","000000000000000AAA","000000000000000AAA","","2022-06-15 09:35:52","2022-06-15 09:35:51","0055i000001ydTWAAY","2022-06-15 09:35:51","0055i000001ydTWAAY","2022-06-15 09:35:54","0","","","","","","0","000000000000000AAA","000000000000000AAA","","","","","","","D","N","300","000000000000000AAA","Standard","","","","0","000000000000000AAA","f6ba9dae-7fd8-47a5-8a16-f2b370627386","Guided Selling","0","","0","","0","0","","",""
"0055i000003D5PoAAK","lakkamsreedevi1@commercecx.com","LEGAL","Legal","","","","","","","","","","","","","lakkamsreedevi@commercecx.com","","","","","","","","","","llega","User16552857681508725353","1","0","America/Los_Angeles","000000000000000AAA","en_US","1","1","UTF-8","00e5i000001cu21AAA","Standard","","","","en_US","","000000000000000AAA","000000000000000AAA","","2022-06-15 09:36:40","2022-06-15 09:36:39","0055i000001ydTWAAY","2022-06-15 09:36:39","0055i000001ydTWAAY","2022-06-15 09:36:40","0","","","","","","0","000000000000000AAA","000000000000000AAA","","","","","","","D","N","300","000000000000000AAA","Standard","","","","0","000000000000000AAA","fbcf36ea-7960-4b1e-b2c5-203239d38dd8","Guided Selling","0","","0","","0","0","","",""
"0055i000003DF1lAAG","03336000000adr3aao@00d5i000001wilqeai","","Simple Signature","","","","","","","","","","","","","noreply@salesforce.com","","","","","","","","","","APP","User16553665546451150987","1","0","America/Los_Angeles","000000000000000AAA","en_US","0","0","UTF-8","00e5i000001cu1qAAA","LicenseManager","","","","en_US","","000000000000000AAA","000000000000000AAA","","","2022-06-16 08:02:34","0055i000001ydTWAAY","2022-06-16 08:02:34","0055i000001ydTWAAY","2022-06-16 08:02:34","","","","","","","0","000000000000000AAA","000000000000000AAA","","","","","","","N","N","","000000000000000AAA","LicenseManager","","","","0","000000000000000AAA","","Guided Selling","0","","0","","0","0","","",""
"0055i000003DtZeAAK","lakkamsreedevi7@commercecx.com","","Milind","","","","","","","","","","","","","lakkamsreedevi@commercecx.com","","","","","","","","","","mmili","User16558021198307380899","1","0","America/Los_Angeles","000000000000000AAA","en_US","1","1","UTF-8","00e5i000001cu21AAA","Standard","","","","en_US","","000000000000000AAA","000000000000000AAA","","2022-06-21 09:03:09","2022-06-21 09:03:08","0055i000001ydTWAAY","2022-06-21 09:03:08","0055i000001ydTWAAY","2022-06-21 09:03:10","0","","","","","","0","000000000000000AAA","000000000000000AAA","","","","","","","D","N","300","000000000000000AAA","Standard","","","","0","000000000000000AAA","abf27517-342f-46f1-b2d9-d377ba9e8e5d","Guided Selling","0","","0","","0","0","","",""
"0055i000003DtdwAAC","lakkamsreedevi8@commercecx.com","Vidyut","Grover","","","","","","","","","","","","","lakkamsreedevi@commercecx.com","","","","","","","","","","vgrov","User16558021988354232359","1","0","America/Los_Angeles","000000000000000AAA","en_US","1","1","UTF-8","00e5i000001cu21AAA","Standard","","","","en_US","","000000000000000AAA","000000000000000AAA","","2022-06-21 09:03:50","2022-06-21 09:03:49","0055i000001ydTWAAY","2022-06-21 09:03:49","0055i000001ydTWAAY","2022-06-21 09:03:50","0","","","","","","0","000000000000000AAA","000000000000000AAA","","","","","","","D","N","300","000000000000000AAA","Standard","","","","0","000000000000000AAA","ed3c05c6-d3d7-425c-88cb-8ad5159717ea","Guided Selling","0","","0","","0","0","","",""
"0055i000003FcemAAC","0335g000000xe7aaas@00d5i000001wilqeai","","Signature Anywhere","","","","","","","","","","","","","noreply@salesforce.com","","","","","","","","","","APP","User16569133785278663176","1","0","America/Los_Angeles","000000000000000AAA","en_US","0","0","UTF-8","00e5i000001cu1qAAA","LicenseManager","","","","en_US","","000000000000000AAA","000000000000000AAA","","","2022-07-04 05:42:58","0055i000001ydTWAAY","2022-07-04 05:42:58","0055i000001ydTWAAY","2022-07-04 05:42:58","","","","","","","0","000000000000000AAA","000000000000000AAA","","","","","","","N","N","","000000000000000AAA","LicenseManager","","","","0","000000000000000AAA","","Guided Selling","0","","0","","0","0","","",""
