"Id","Name","ParentRoleId","RollupDescription","OpportunityAccessForAccountOwner","CaseAccessForAccountOwner","ContactAccessForAccountOwner","ForecastUserId","MayForecastManagerShare","LastModifiedDate","LastModifiedById","SystemModstamp","PortalAccountId","PortalType","PortalRole","PortalAccountOwnerId"
"00E5i000001Odk7EAC","CEO","000000000000000AAA","CEO","Edit","Edit","Edit","","0","2022-05-09 16:07:09","0055i000001ydTWAAY","2022-05-09 16:07:09","","None","",""
"00E5i000001Odk8EAC","SVP, Sales & Marketing","00E5i000001Odk7EAC","SVP, Sales & Marketing","Edit","Edit","Edit","","0","2022-05-09 16:07:09","0055i000001ydTWAAY","2022-05-09 16:07:09","","None","",""
"00E5i000001Odk9EAC","VP, North American Sales","00E5i000001Odk8EAC","VP, North American Sales","Edit","Edit","Edit","","0","2022-05-09 16:07:09","0055i000001ydTWAAY","2022-05-09 16:07:09","","None","",""
"00E5i000001OdkAEAS","Director, Direct Sales","00E5i000001Odk9EAC","Director, Direct Sales","Edit","Edit","Edit","","0","2022-05-09 16:07:09","0055i000001ydTWAAY","2022-05-09 16:07:09","","None","",""
"00E5i000001OdkBEAS","VP, Marketing","00E5i000001Odk8EAC","VP, Marketing","Edit","Edit","Edit","","0","2022-05-09 16:07:09","0055i000001ydTWAAY","2022-05-09 16:07:09","","None","",""
"00E5i000001OdkCEAS","SVP, Customer Service & Support","00E5i000001Odk7EAC","SVP, Customer Service & Support","Edit","Edit","Edit","","0","2022-05-09 16:07:09","0055i000001ydTWAAY","2022-05-09 16:07:09","","None","",""
"00E5i000001OdkDEAS","Director, Channel Sales","00E5i000001Odk9EAC","Director, Channel Sales","Edit","Edit","Edit","","0","2022-05-09 16:07:09","0055i000001ydTWAAY","2022-05-09 16:07:09","","None","",""
"00E5i000001OdkEEAS","CFO","00E5i000001Odk7EAC","CFO","Edit","Edit","Edit","","0","2022-05-09 16:07:09","0055i000001ydTWAAY","2022-05-09 16:07:09","","None","",""
"00E5i000001OdkFEAS","Western Sales Team","00E5i000001OdkAEAS","Western Sales Team","Edit","Edit","Edit","","0","2022-05-09 16:07:09","0055i000001ydTWAAY","2022-05-09 16:07:09","","None","",""
"00E5i000001OdkGEAS","Customer Support, North America","00E5i000001OdkCEAS","Customer Support, North America","Edit","Edit","Edit","","0","2022-05-09 16:07:09","0055i000001ydTWAAY","2022-05-09 16:07:09","","None","",""
"00E5i000001OdkHEAS","Channel Sales Team","00E5i000001OdkDEAS","Channel Sales Team","Edit","Edit","Edit","","0","2022-05-09 16:07:09","0055i000001ydTWAAY","2022-05-09 16:07:09","","None","",""
"00E5i000001OdkIEAS","Marketing Team","00E5i000001OdkBEAS","Marketing Team","Edit","Edit","Edit","","0","2022-05-09 16:07:09","0055i000001ydTWAAY","2022-05-09 16:07:09","","None","",""
"00E5i000001OdkJEAS","Installation & Repair Services","00E5i000001OdkCEAS","Installation & Repair Services","Edit","Edit","Edit","","0","2022-05-09 16:07:09","0055i000001ydTWAAY","2022-05-09 16:07:09","","None","",""
"00E5i000001OdkKEAS","Eastern Sales Team","00E5i000001OdkAEAS","Eastern Sales Team","Edit","Edit","Edit","","0","2022-05-09 16:07:09","0055i000001ydTWAAY","2022-05-09 16:07:09","","None","",""
"00E5i000001OdkLEAS","Customer Support, International","00E5i000001OdkCEAS","Customer Support, International","Edit","Edit","Edit","","0","2022-05-09 16:07:09","0055i000001ydTWAAY","2022-05-09 16:07:09","","None","",""
"00E5i000001OdkMEAS","VP, International Sales","00E5i000001Odk8EAC","VP, International Sales","Edit","Edit","Edit","","0","2022-05-09 16:07:09","0055i000001ydTWAAY","2022-05-09 16:07:09","","None","",""
"00E5i000001OdkNEAS","SVP, Human Resources","00E5i000001Odk7EAC","SVP, Human Resources","Edit","Edit","Edit","","0","2022-05-09 16:07:09","0055i000001ydTWAAY","2022-05-09 16:07:09","","None","",""
"00E5i000001OdkOEAS","COO","00E5i000001Odk7EAC","COO","Edit","Edit","Edit","","0","2022-05-09 16:07:09","0055i000001ydTWAAY","2022-05-09 16:07:09","","None","",""
